Team,Score,FG Makes,FG Attempts,FG%,FG xP,FG Actual,FG Performance,FT Makes,FT Attempts,FT%,FT xP,FT Actual,FT Performance,Total xP,Total Actual,Total Performance
Saint Mary's,70,28,61,0.45901639344262296,57.16631145602882,59,1.8336885439711725,11,17,0.6470588235294118,12.237986401115725,11,-1.2379864011157249,69.40429785714456,70,0.5957021428554459
Davidson,61,23,58,0.39655172413793105,55.70034983627818,53,-2.700349836278172,8,15,0.5333333333333333,10.79822329510211,8,-2.79822329510211,66.49857313138027,61,-5.498573131380286
