Team,Score,FG Makes,FG Attempts,FG%,FG xP,FG Actual,FG Performance,FT Makes,FT Attempts,FT%,FT xP,FT Actual,FT Performance,Total xP,Total Actual,Total Performance
Iona,89,31,53,0.5849056603773585,53.37014197153919,74,20.62985802846081,15,19,0.7894736842105263,13.677736165102239,15,1.3222638348977593,67.04787813664143,89,21.95212186335857
Delaware,66,28,62,0.45161290322580644,60.76056158312865,63,2.239438416871358,3,8,0.375,5.759046806358838,3,-2.759046806358838,66.51960838948749,66,-0.5196083894874808
