Team,Score,FG Makes,FG Attempts,FG%,FG xP,FG Actual,FG Performance,FT Makes,FT Attempts,FT%,FT xP,FT Actual,FT Performance,Total xP,Total Actual,Total Performance
Presbyterian,69,27,50,0.54,49.02838017049348,64,14.971619829506515,5,9,0.5555555555555556,6.478927657153693,5,-1.4789276571536927,55.507307827647175,69,13.492692172352825
The Citadel,41,14,46,0.30434782608695654,47.99555406468066,35,-12.995554064680661,6,13,0.46153846153846156,9.358451060333111,6,-3.3584510603331115,57.35400512501378,41,-16.354005125013774
