Team,Score,FG Makes,FG Attempts,FG%,FG xP,FG Actual,FG Performance,FT Makes,FT Attempts,FT%,FT xP,FT Actual,FT Performance,Total xP,Total Actual,Total Performance
Alabama State,87,29,56,0.5178571428571429,55.659132622609306,71,15.340867377390694,16,20,0.8,14.397617015897094,16,1.6023829841029051,70.0567496385064,87,16.943250361493597
New Mexico,93,27,54,0.5,56.299165490410026,66,9.700834509589974,27,38,0.7105263157894737,27.35547233020448,27,-0.3554723302044802,83.65463782061451,93,9.345362179385493
