Team,Score,FG Makes,FG Attempts,FG%,FG xP,FG Actual,FG Performance,FT Makes,FT Attempts,FT%,FT xP,FT Actual,FT Performance,Total xP,Total Actual,Total Performance
Tarleton State,76,20,51,0.39215686274509803,47.86453081964776,47,-0.8645308196477635,29,35,0.8285714285714286,25.195829777819917,29,3.8041702221800833,73.06036059746768,76,2.93963940253232
SMU,96,28,50,0.56,49.625006466014604,63,13.374993533985396,33,42,0.7857142857142857,30.234995733383897,33,2.7650042666161,79.86000219939851,96,16.139997800601495
