Team,Score,FG Makes,FG Attempts,FG%,FG xP,FG Actual,FG Performance,FT Makes,FT Attempts,FT%,FT xP,FT Actual,FT Performance,Total xP,Total Actual,Total Performance
UC Riverside,69,26,52,0.5,51.959521240759386,57,5.040478759240611,12,17,0.7058823529411765,12.237974463512531,12,-0.2379744635125305,64.19749570427192,69,4.802504295728079
Utah Tech,77,28,53,0.5283018867924528,50.854288486247164,62,11.145711513752838,15,18,0.8333333333333334,12.957855314307386,15,2.042144685692614,63.812143800554544,77,13.18785619944545
