Team,Score,FG Makes,FG Attempts,FG%,FG xP,FG Actual,FG Performance,FT Makes,FT Attempts,FT%,FT xP,FT Actual,FT Performance,Total xP,Total Actual,Total Performance
Western Illinois,58,20,54,0.37037037037037035,50.031186076381175,48,-2.031186076381169,10,18,0.5555555555555556,12.957855314307386,10,-2.957855314307386,62.98904139068856,58,-4.9890413906885565
Cal State Bakersfield,74,26,58,0.4482758620689655,56.028440194052536,58,1.9715598059474644,16,20,0.8,14.397617015897094,16,1.6023829841029054,70.42605720994963,74,3.573942790050368
