Team,Score,FG Makes,FG Attempts,FG%,FG xP,FG Actual,FG Performance,FT Makes,FT Attempts,FT%,FT xP,FT Actual,FT Performance,Total xP,Total Actual,Total Performance
Wyoming,70,28,62,0.45161290322580644,61.28616801574587,61,-0.28616801574587925,9,22,0.4090909090909091,15.837378717486805,9,-6.837378717486805,77.12354673323267,70,-7.1235467332326845
Sam Houston,78,22,52,0.4230769230769231,51.20914848089995,49,-2.2091484808999424,29,33,0.8787878787878788,23.756068076230207,29,5.243931923769793,74.96521655713015,78,3.0347834428698497
