Team,Score,FG Makes,FG Attempts,FG%,FG xP,FG Actual,FG Performance,FT Makes,FT Attempts,FT%,FT xP,FT Actual,FT Performance,Total xP,Total Actual,Total Performance
Fairleigh Dickinson,81,26,73,0.3561643835616438,73.96364244643625,64,-9.963642446436246,17,23,0.7391304347826086,16.55725956828166,17,0.4427404317183412,90.52090201471792,81,-9.520902014717908
NJIT,93,28,46,0.6086956521739131,44.65342778565358,68,23.34657221434643,25,38,0.6578947368421053,27.35547233020448,25,-2.35547233020448,72.00890011585804,93,20.99109988414195
