Team,Score,FG Makes,FG Attempts,FG%,FG xP,FG Actual,FG Performance,FT Makes,FT Attempts,FT%,FT xP,FT Actual,FT Performance,Total xP,Total Actual,Total Performance
UT Rio Grande Valley,73,27,68,0.39705882352941174,67.84386958158446,65,-2.843869581584462,8,16,0.5,11.518473119951208,8,-3.518473119951208,79.36234270153568,73,-6.36234270153567
Illinois,87,30,60,0.5,60.03886282332492,68,7.961137176675081,19,22,0.8636363636363636,15.83790053993291,19,3.1620994600670884,75.87676336325782,87,11.123236636742174
