Team,Score,FG Makes,FG Attempts,FG%,FG xP,FG Actual,FG Performance,FT Makes,FT Attempts,FT%,FT xP,FT Actual,FT Performance,Total xP,Total Actual,Total Performance
UNC Asheville,90,33,60,0.55,55.64843123229823,70,14.351568767701771,20,24,0.8333333333333334,17.277140419076513,20,2.7228595809234863,72.92557165137475,90,17.074428348625254
Georgia Southern,93,29,65,0.4461538461538462,64.17397828893853,65,0.8260217110614785,28,39,0.717948717948718,28.075353180999336,28,-0.07535318099933563,92.24933146993786,93,0.7506685300621436
