Team,Score,FG Makes,FG Attempts,FG%,FG xP,FG Actual,FG Performance,FT Makes,FT Attempts,FT%,FT xP,FT Actual,FT Performance,Total xP,Total Actual,Total Performance
VMI,80,30,65,0.46153846153846156,66.87263064315013,70,3.127369356849865,10,15,0.6666666666666666,10.798212761922821,10,-0.7982127619228212,77.67084340507296,80,2.329156594927044
Stetson,99,36,61,0.5901639344262295,66.485617991339,93,26.514382008660995,6,9,0.6666666666666666,6.478927657153693,6,-0.4789276571536929,72.9645456484927,99,26.035454351507305
