Team,Score,FG Makes,FG Attempts,FG%,FG xP,FG Actual,FG Performance,FT Makes,FT Attempts,FT%,FT xP,FT Actual,FT Performance,Total xP,Total Actual,Total Performance
Coppin State,59,20,57,0.3508771929824561,57.219020900576474,44,-13.219020900576474,15,18,0.8333333333333334,12.957855314307386,15,2.0421446856926146,70.17687621488385,59,-11.176876214883858
La Salle,87,26,53,0.49056603773584906,53.112828320409,60,6.887171679591004,27,35,0.7714285714285715,25.195829777819917,27,1.8041702221800837,78.30865809822893,87,8.691341901771088
