Team,Score,FG Makes,FG Attempts,FG%,FG xP,FG Actual,FG Performance,FT Makes,FT Attempts,FT%,FT xP,FT Actual,FT Performance,Total xP,Total Actual,Total Performance
Eastern Washington,65,22,59,0.3728813559322034,58.15800523734045,56,-2.158005237340441,9,13,0.6923076923076923,9.358451060333111,9,-0.3584510603331117,67.51645629767356,65,-2.516456297673553
Central Arkansas,92,34,62,0.5483870967741935,63.53605853863381,83,19.46394146136618,9,14,0.6428571428571429,10.078331911127966,9,-1.0783319111279663,73.61439044976177,92,18.385609550238215
