Team,Score,FG Makes,FG Attempts,FG%,FG xP,FG Actual,FG Performance,FT Makes,FT Attempts,FT%,FT xP,FT Actual,FT Performance,Total xP,Total Actual,Total Performance
Hofstra,76,28,62,0.45161290322580644,59.794045771370826,65,5.205954228629177,11,13,0.8461538461538461,9.358451060333111,11,1.6415489396668883,69.15249683170393,76,6.847503168296064
Temple,81,25,50,0.5,47.33041374770517,57,9.669586252294833,24,31,0.7741935483870968,22.316306374640497,24,1.6836936253595032,69.64672012234566,81,11.353279877654336
