Team,Score,FG Makes,FG Attempts,FG%,FG xP,FG Actual,FG Performance,FT Makes,FT Attempts,FT%,FT xP,FT Actual,FT Performance,Total xP,Total Actual,Total Performance
American University,67,28,62,0.45161290322580644,61.00639136786768,63,1.9936086321323203,4,8,0.5,5.759046806358838,4,-1.759046806358838,66.76543817422652,67,0.2345618257734814
George Washington,107,33,59,0.559322033898305,58.7324818154079,81,22.2675181845921,26,33,0.7878787878787878,23.756068076230207,26,2.243931923769793,82.4885498916381,107,24.51145010836189
