Team,Score,FG Makes,FG Attempts,FG%,FG xP,FG Actual,FG Performance,FT Makes,FT Attempts,FT%,FT xP,FT Actual,FT Performance,Total xP,Total Actual,Total Performance
Saint Peter's,61,19,61,0.3114754098360656,60.58550437305083,44,-16.58550437305084,17,19,0.8947368421052632,13.67773616510224,17,3.3222638348977593,74.26324053815308,61,-13.26324053815308
VCU,78,22,49,0.4489795918367347,51.250625058529074,52,0.7493749414709248,26,35,0.7428571428571429,25.195829777819917,26,0.8041702221800839,76.44645483634899,78,1.553545163651008
