Team,Score,FG Makes,FG Attempts,FG%,FG xP,FG Actual,FG Performance,FT Makes,FT Attempts,FT%,FT xP,FT Actual,FT Performance,Total xP,Total Actual,Total Performance
Oakland,45,16,51,0.3137254901960784,48.820711053015465,35,-13.820711053015462,10,15,0.6666666666666666,10.798212761922821,10,-0.7982127619228211,59.618923814938285,45,-14.618923814938285
Houston,78,32,71,0.4507042253521127,67.83445914882735,73,5.165540851172654,5,8,0.625,5.759046806358838,5,-0.759046806358838,73.59350595518617,78,4.406494044813816
