Team,Score,FG Makes,FG Attempts,FG%,FG xP,FG Actual,FG Performance,FT Makes,FT Attempts,FT%,FT xP,FT Actual,FT Performance,Total xP,Total Actual,Total Performance
Abilene Christian,66,24,57,0.42105263157894735,55.09653178844448,50,-5.096531788444483,16,19,0.8421052631578947,13.67773616510224,16,2.32226383489776,68.77426795354673,66,-2.774267953546724
Stephen F. Austin,76,24,53,0.4528301886792453,56.50180563255552,61,4.498194367444483,15,26,0.5769230769230769,18.716902120666223,15,-3.7169021206662234,75.21870775322174,76,0.7812922467782597
