Team,Score,FG Makes,FG Attempts,FG%,FG xP,FG Actual,FG Performance,FT Makes,FT Attempts,FT%,FT xP,FT Actual,FT Performance,Total xP,Total Actual,Total Performance
Southern Illinois,58,18,58,0.3103448275862069,54.48632508341774,38,-16.486325083417743,20,33,0.6060606060606061,23.756068076230207,20,-3.7560680762302066,78.24239315964796,58,-20.242393159647953
Memphis,74,25,58,0.43103448275862066,57.53678058065768,58,0.4632194193423229,16,20,0.8,14.397617015897094,16,1.602382984102905,71.93439759655479,74,2.065602403445226
