Team,Score,FG Makes,FG Attempts,FG%,FG xP,FG Actual,FG Performance,FT Makes,FT Attempts,FT%,FT xP,FT Actual,FT Performance,Total xP,Total Actual,Total Performance
Nevada,78,25,60,0.4166666666666667,56.55944962953866,60,3.440550370461339,18,21,0.8571428571428571,15.117512613142955,18,2.8824873868570453,71.67696224268161,78,6.3230377573183825
Washington State,64,20,51,0.39215686274509803,50.17328988511381,47,-3.173289885113802,17,22,0.7727272727272727,15.83739416614976,17,1.1626058338502385,66.01068405126357,64,-2.010684051263566
