Team,Score,FG Makes,FG Attempts,FG%,FG xP,FG Actual,FG Performance,FT Makes,FT Attempts,FT%,FT xP,FT Actual,FT Performance,Total xP,Total Actual,Total Performance
Louisiana,55,20,48,0.4166666666666667,47.350286514090286,49,1.649713485909718,6,8,0.75,5.759052424054459,6,0.2409475759455414,53.109338938144745,55,1.8906610618552584
Lamar,65,24,53,0.4528301886792453,52.29361912885116,50,-2.2936191288511614,15,24,0.625,17.277157272163375,15,-2.2771572721633757,69.57077640101454,65,-4.570776401014539
