Team,Score,FG Makes,FG Attempts,FG%,FG xP,FG Actual,FG Performance,FT Makes,FT Attempts,FT%,FT xP,FT Actual,FT Performance,Total xP,Total Actual,Total Performance
Louisiana,55,20,48,0.4166666666666667,47.350286514090286,49,1.649713485909718,6,8,0.75,5.759046806358838,6,0.24095319364116208,53.109333320449124,55,1.890666679550879
Lamar,65,24,53,0.4528301886792453,52.29361912885116,50,-2.2936191288511614,15,24,0.625,17.277140419076513,15,-2.2771404190765137,69.57075954792768,65,-4.570759547927677
