Team,Score,FG Makes,FG Attempts,FG%,FG xP,FG Actual,FG Performance,FT Makes,FT Attempts,FT%,FT xP,FT Actual,FT Performance,Total xP,Total Actual,Total Performance
Loyola Marymount,70,26,63,0.4126984126984127,65.25238042286144,58,-7.252380422861432,12,17,0.7058823529411765,12.23797446351253,12,-0.2379744635125307,77.49035488637396,70,-7.490354886373964
Ohio,58,17,54,0.3148148148148148,54.71494975553013,41,-13.714949755530126,17,29,0.5862068965517241,20.876544673050788,17,-3.8765446730507875,75.59149442858092,58,-17.591494428580916
