Team,Score,FG Makes,FG Attempts,FG%,FG xP,FG Actual,FG Performance,FT Makes,FT Attempts,FT%,FT xP,FT Actual,FT Performance,Total xP,Total Actual,Total Performance
Creighton,74,27,58,0.46551724137931033,54.06607395603423,65,10.933926043965768,9,10,0.9,7.198808507948547,9,1.8011914920514525,61.26488246398277,74,12.735117536017222
Baylor,81,31,72,0.4305555555555556,68.7935667794623,69,0.2064332205376913,12,16,0.75,11.518093612717676,12,0.48190638728232404,80.31166039217999,81,0.6883396078200135
