Team,Score,FG Makes,FG Attempts,FG%,FG xP,FG Actual,FG Performance,FT Makes,FT Attempts,FT%,FT xP,FT Actual,FT Performance,Total xP,Total Actual,Total Performance
North Florida,64,19,61,0.3114754098360656,60.50524653636309,45,-15.505246536363089,19,22,0.8636363636363636,15.837378717486803,19,3.162621282513195,76.34262525384989,64,-12.342625253849894
Florida,104,40,81,0.49382716049382713,84.302577844716,86,1.6974221552840119,18,28,0.6428571428571429,20.156663822255933,18,-2.156663822255933,104.45924166697193,104,-0.4592416669719208
