Team,Score,FG Makes,FG Attempts,FG%,FG xP,FG Actual,FG Performance,FT Makes,FT Attempts,FT%,FT xP,FT Actual,FT Performance,Total xP,Total Actual,Total Performance
Utah,58,21,51,0.4117647058823529,46.958721841313405,47,0.041278158686592015,11,18,0.6111111111111112,12.957855314307386,11,-1.9578553143073856,59.91657715562079,58,-1.9165771556207938
Grand Canyon,68,23,58,0.39655172413793105,54.07661601082231,46,-8.076616010822317,22,32,0.6875,23.036187225435352,22,-1.0361872254353521,77.11280323625768,68,-9.112803236257667
