Team,Score,FG Makes,FG Attempts,FG%,FG xP,FG Actual,FG Performance,FT Makes,FT Attempts,FT%,FT xP,FT Actual,FT Performance,Total xP,Total Actual,Total Performance
Tennessee Tech,80,29,63,0.4603174603174603,63.85053475544713,68,4.149465244552877,12,17,0.7058823529411765,12.237974463512531,12,-0.2379744635125307,76.08850921895966,80,3.9114907810403445
Lipscomb,83,29,65,0.4461538461538462,68.10344532155047,69,0.8965546784495415,14,20,0.7,14.397617015897096,14,-0.39761701589709475,82.50106233744755,83,0.498937662552446
