Team,Score,FG Makes,FG Attempts,FG%,FG xP,FG Actual,FG Performance,FT Makes,FT Attempts,FT%,FT xP,FT Actual,FT Performance,Total xP,Total Actual,Total Performance
Duke,80,29,59,0.4915254237288136,58.81952066170825,66,7.180479338291745,14,21,0.6666666666666666,15.117995969935961,14,-1.1179959699359612,73.93751663164421,80,6.0624833683557835
Arkansas,71,26,64,0.40625,65.15582953800633,62,-3.1558295380063295,9,11,0.8181818181818182,7.918950269966455,9,1.0810497300335444,73.07477980797279,71,-2.0747798079727864
