Team,Score,FG Makes,FG Attempts,FG%,FG xP,FG Actual,FG Performance,FT Makes,FT Attempts,FT%,FT xP,FT Actual,FT Performance,Total xP,Total Actual,Total Performance
Cleveland State,59,21,57,0.3684210526315789,57.40432045796946,53,-4.404320457969462,6,11,0.5454545454545454,7.918950269966455,6,-1.9189502699664556,65.32327072793592,59,-6.323270727935918
Missouri,86,32,67,0.47761194029850745,69.25153926495949,75,5.748460735040506,11,13,0.8461538461538461,9.358759409960356,11,1.6412405900396434,78.61029867491985,86,7.38970132508015
