Team,Score,FG Makes,FG Attempts,FG%,FG xP,FG Actual,FG Performance,FT Makes,FT Attempts,FT%,FT xP,FT Actual,FT Performance,Total xP,Total Actual,Total Performance
Coastal Carolina,78,28,76,0.3684210526315789,71.95592762896764,68,-3.955927628967641,10,13,0.7692307692307693,9.358460189088495,10,0.6415398109115045,81.31438781805613,78,-3.314387818056138
South Carolina Upstate,85,27,63,0.42857142857142855,59.011452008937226,61,1.988547991062775,24,36,0.6666666666666666,25.915735908245065,24,-1.915735908245064,84.9271879171823,85,0.07281208281771145
