Team,Score,FG Makes,FG Attempts,FG%,FG xP,FG Actual,FG Performance,FT Makes,FT Attempts,FT%,FT xP,FT Actual,FT Performance,Total xP,Total Actual,Total Performance
Arizona State,83,26,62,0.41935483870967744,59.73575124549054,59,-0.7357512454905464,24,37,0.6486486486486487,26.635591479409626,24,-2.6355914794096256,86.37134272490017,83,-3.371342724900173
Hawai'i,76,25,54,0.46296296296296297,52.42047006274343,56,3.5795299372565665,20,26,0.7692307692307693,18.716902120666223,20,1.2830978793337762,71.13737218340965,76,4.862627816590343
