Team,Score,FG Makes,FG Attempts,FG%,FG xP,FG Actual,FG Performance,FT Makes,FT Attempts,FT%,FT xP,FT Actual,FT Performance,Total xP,Total Actual,Total Performance
Elon,73,27,54,0.5,54.48562244002185,62,7.514377559978149,11,14,0.7857142857142857,10.078331911127966,11,0.9216680888720337,64.56395435114982,73,8.43604564885018
Wofford,52,18,56,0.32142857142857145,56.958206557994316,43,-13.958206557994313,9,15,0.6,10.798212761922821,9,-1.7982127619228212,67.75641931991713,52,-15.756419319917136
