Team,Score,FG Makes,FG Attempts,FG%,FG xP,FG Actual,FG Performance,FT Makes,FT Attempts,FT%,FT xP,FT Actual,FT Performance,Total xP,Total Actual,Total Performance
Bellarmine,79,25,46,0.5434782608695652,46.266613781387946,57,10.733386218612054,22,27,0.8148148148148148,19.436782971461078,22,2.563217028538922,65.70339675284902,79,13.296603247150976
Notre Dame,86,28,49,0.5714285714285714,48.91372355551276,63,14.086276444487233,23,32,0.71875,23.03618722543535,23,-0.036187225435351245,71.94991078094812,86,14.05008921905188
