Team,Score,FG Makes,FG Attempts,FG%,FG xP,FG Actual,FG Performance,FT Makes,FT Attempts,FT%,FT xP,FT Actual,FT Performance,Total xP,Total Actual,Total Performance
Campbell,76,29,64,0.453125,65.36840564842157,66,0.6315943515784355,10,19,0.5263157894736842,13.677749507129338,10,-3.677749507129339,79.0461551555509,76,-3.0461551555509043
Penn State,87,30,58,0.5172413793103449,57.58465384128607,65,7.415346158713929,22,25,0.88,17.997038825170183,22,4.002961174829816,75.58169266645626,87,11.418307333543744
