Team,Score,FG Makes,FG Attempts,FG%,FG xP,FG Actual,FG Performance,FT Makes,FT Attempts,FT%,FT xP,FT Actual,FT Performance,Total xP,Total Actual,Total Performance
Cal Poly,73,23,58,0.39655172413793105,58.562398270054004,57,-1.562398270053996,16,22,0.7272727272727273,15.837378717486803,16,0.16262128251319508,74.3997769875408,73,-1.399776987540803
Seattle U,71,29,63,0.4603174603174603,62.45075988220767,66,3.5492401177923316,5,14,0.35714285714285715,10.078331911127966,5,-5.078331911127966,72.52909179333562,71,-1.5290917933356356
