Team,Score,FG Makes,FG Attempts,FG%,FG xP,FG Actual,FG Performance,FT Makes,FT Attempts,FT%,FT xP,FT Actual,FT Performance,Total xP,Total Actual,Total Performance
UC Riverside,74,24,43,0.5581395348837209,42.259498400308516,52,9.74050159969148,22,27,0.8148148148148148,19.436782971461078,22,2.5632170285389213,61.6962813717696,74,12.303718628230403
North Dakota,70,26,59,0.4406779661016949,57.45229824228512,58,0.547701757714885,12,24,0.5,17.277140419076513,12,-5.277140419076515,74.72943866136163,70,-4.72943866136163
