Team,Score,FG Makes,FG Attempts,FG%,FG xP,FG Actual,FG Performance,FT Makes,FT Attempts,FT%,FT xP,FT Actual,FT Performance,Total xP,Total Actual,Total Performance
Milwaukee,81,29,77,0.37662337662337664,76.96485093899204,71,-5.964850938992038,10,17,0.5882352941176471,12.237974463512531,10,-2.2379744635125305,89.20282540250457,81,-8.202825402504569
Akron,105,39,60,0.65,61.8167861347666,90,28.183213865233398,15,18,0.8333333333333334,12.957855314307386,15,2.042144685692614,74.77464144907398,105,30.225358550926003
