Team,Score,FG Makes,FG Attempts,FG%,FG xP,FG Actual,FG Performance,FT Makes,FT Attempts,FT%,FT xP,FT Actual,FT Performance,Total xP,Total Actual,Total Performance
Chicago State,77,28,58,0.4827586206896552,56.31544299449406,64,7.684557005505935,13,16,0.8125,11.518093612717676,13,1.4819063872823242,67.83353660721174,77,9.166463392788257
Purdue Fort Wayne,90,32,53,0.6037735849056604,54.52324403578002,77,22.47675596421998,13,16,0.8125,11.518093612717676,13,1.481906387282324,66.04133764849769,90,23.9586623515023
