Team,Score,FG Makes,FG Attempts,FG%,FG xP,FG Actual,FG Performance,FT Makes,FT Attempts,FT%,FT xP,FT Actual,FT Performance,Total xP,Total Actual,Total Performance
Chicago State,77,28,58,0.4827586206896552,56.31544299449406,64,7.684557005505935,13,16,0.8125,11.518104848108917,13,1.4818951518910828,67.833547842603,77,9.166452157397016
Purdue Fort Wayne,90,32,53,0.6037735849056604,54.52324403578002,77,22.47675596421998,13,16,0.8125,11.518104848108917,13,1.4818951518910826,66.04134888388893,90,23.95865111611106
