Team,Score,FG Makes,FG Attempts,FG%,FG xP,FG Actual,FG Performance,FT Makes,FT Attempts,FT%,FT xP,FT Actual,FT Performance,Total xP,Total Actual,Total Performance
Davidson,59,21,48,0.4375,45.49083232202497,47,1.5091676779750265,12,17,0.7058823529411765,12.23797446351253,12,-0.2379744635125305,57.7288067855375,59,1.2711932144624951
Boston College,49,19,49,0.3877551020408163,48.36897972537444,41,-7.368979725374433,8,14,0.5714285714285714,10.078331911127966,8,-2.0783319111279663,58.447311636502405,49,-9.447311636502402
