Team,Score,FG Makes,FG Attempts,FG%,FG xP,FG Actual,FG Performance,FT Makes,FT Attempts,FT%,FT xP,FT Actual,FT Performance,Total xP,Total Actual,Total Performance
St. Bonaventure,70,25,47,0.5319148936170213,46.68850625824017,56,9.311493741759834,14,22,0.6363636363636364,15.837378717486803,14,-1.8373787174868041,62.52588497572697,70,7.47411502427303
Florida Atlantic,65,24,59,0.4067796610169492,61.341015360125084,56,-5.341015360125085,9,14,0.6428571428571429,10.078331911127965,9,-1.0783319111279663,71.41934727125306,65,-6.419347271253053
