Team,Score,FG Makes,FG Attempts,FG%,FG xP,FG Actual,FG Performance,FT Makes,FT Attempts,FT%,FT xP,FT Actual,FT Performance,Total xP,Total Actual,Total Performance
North Carolina A&T,69,20,47,0.425531914893617,45.55079710131237,44,-1.550797101312373,25,35,0.7142857142857143,25.195829777819917,25,-0.19582977781991695,70.74662687913228,69,-1.7466268791322905
North Carolina Central,54,15,56,0.26785714285714285,53.17952382365123,32,-21.17952382365123,22,30,0.7333333333333333,21.596425523845642,22,0.40357447615435715,74.77594934749688,54,-20.775949347496873
