Team,Score,FG Makes,FG Attempts,FG%,FG xP,FG Actual,FG Performance,FT Makes,FT Attempts,FT%,FT xP,FT Actual,FT Performance,Total xP,Total Actual,Total Performance
Arkansas-Pine Bluff,72,28,65,0.4307692307692308,61.1445668411094,61,-0.14456684110940987,11,11,1.0,7.918689358743402,11,3.0813106412565983,69.0632561998528,72,2.9367438001471866
Loyola Marymount,94,30,62,0.4838709677419355,62.55717782588465,78,15.442822174115351,16,28,0.5714285714285714,20.156663822255933,16,-4.156663822255933,82.71384164814057,94,11.286158351859417
