Team,Score,FG Makes,FG Attempts,FG%,FG xP,FG Actual,FG Performance,FT Makes,FT Attempts,FT%,FT xP,FT Actual,FT Performance,Total xP,Total Actual,Total Performance
SMU,69,25,60,0.4166666666666667,50.92655303695469,52,1.073446963045304,17,23,0.7391304347826086,16.55725956828166,17,0.44274043171834077,67.48381260523635,69,1.516187394763643
Vanderbilt,88,36,63,0.5714285714285714,54.88982292820047,78,23.110177071799527,10,12,0.8333333333333334,8.638570209538257,10,1.3614297904617432,63.52839313773873,88,24.471606862261268
