Team,Score,FG Makes,FG Attempts,FG%,FG xP,FG Actual,FG Performance,FT Makes,FT Attempts,FT%,FT xP,FT Actual,FT Performance,Total xP,Total Actual,Total Performance
Youngstown State,78,30,56,0.5357142857142857,57.593297927510925,67,9.406702072489068,11,18,0.6111111111111112,12.957855314307384,11,-1.9578553143073854,70.55115324181831,78,7.448846758181685
IU Indianapolis,55,19,58,0.3275862068965517,58.67632090623711,42,-16.676320906237095,13,19,0.6842105263157895,13.677736165102239,13,-0.6777361651022399,72.35405707133934,55,-17.354057071339334
