Team,Score,FG Makes,FG Attempts,FG%,FG xP,FG Actual,FG Performance,FT Makes,FT Attempts,FT%,FT xP,FT Actual,FT Performance,Total xP,Total Actual,Total Performance
Longwood,84,24,47,0.5106382978723404,45.553210984131795,55,9.446789015868209,29,44,0.6590909090909091,31.67475743497361,29,-2.6747574349736096,77.2279684191054,84,6.772031580894602
Morgan State,80,27,59,0.4576271186440678,58.171217787262655,60,1.8287822127373445,20,22,0.9090909090909091,15.837378717486803,20,4.1626212825131965,74.00859650474946,80,5.991403495250543
