Team,Score,FG Makes,FG Attempts,FG%,FG xP,FG Actual,FG Performance,FT Makes,FT Attempts,FT%,FT xP,FT Actual,FT Performance,Total xP,Total Actual,Total Performance
Long Beach State,45,19,59,0.3220338983050847,57.89325620148128,43,-14.89325620148128,2,5,0.4,3.599404253974274,2,-1.5994042539742739,61.492660455455564,45,-16.492660455455553
San Diego State,77,26,60,0.43333333333333335,61.96701190718943,63,1.0329880928105692,14,19,0.7368421052631579,13.677736165102239,14,0.32226383489776,75.64474807229168,77,1.3552519277083286
