Team,Score,FG Makes,FG Attempts,FG%,FG xP,FG Actual,FG Performance,FT Makes,FT Attempts,FT%,FT xP,FT Actual,FT Performance,Total xP,Total Actual,Total Performance
Siena,73,32,55,0.5818181818181818,49.71341358732083,66,16.286586412679167,7,9,0.7777777777777778,6.478927657153692,7,0.5210723428463073,56.19234124447453,73,16.807658755525477
Holy Cross,69,28,52,0.5384615384615384,49.81534741027798,62,12.18465258972202,7,10,0.7,7.198808507948548,7,-0.19880850794854754,57.014155918226535,69,11.985844081773472
