Team,Score,FG Makes,FG Attempts,FG%,FG xP,FG Actual,FG Performance,FT Makes,FT Attempts,FT%,FT xP,FT Actual,FT Performance,Total xP,Total Actual,Total Performance
Eastern Michigan,64,19,44,0.4318181818181818,44.62608959405993,45,0.3739104059400751,19,22,0.8636363636363636,15.837378717486803,19,3.1626212825131956,60.46346831154673,64,3.5365316884532696
Cincinnati,56,19,56,0.3392857142857143,57.83370636609117,45,-12.833706366091175,11,14,0.7857142857142857,10.078331911127966,11,0.9216680888720339,67.91203827721915,56,-11.912038277219143
