Team,Score,FG Makes,FG Attempts,FG%,FG xP,FG Actual,FG Performance,FT Makes,FT Attempts,FT%,FT xP,FT Actual,FT Performance,Total xP,Total Actual,Total Performance
Southern Utah,85,33,68,0.4852941176470588,68.02332114320136,73,4.976678856798648,12,17,0.7058823529411765,12.23797446351253,12,-0.2379744635125307,80.26129560671389,85,4.738704393286117
Omaha,90,30,60,0.5,59.031573388188846,70,10.968426611811157,20,25,0.8,17.997021269871368,20,2.0029787301286315,77.02859465806021,90,12.971405341939787
