Team,Score,FG Makes,FG Attempts,FG%,FG xP,FG Actual,FG Performance,FT Makes,FT Attempts,FT%,FT xP,FT Actual,FT Performance,Total xP,Total Actual,Total Performance
Northern Arizona,49,20,62,0.3225806451612903,61.34335484916504,44,-17.343354849165028,5,7,0.7142857142857143,5.039165955563983,5,-0.03916595556398317,66.38252080472901,49,-17.382520804729015
Arizona,84,28,60,0.4666666666666667,61.43542598387612,67,5.564574016123874,17,21,0.8095238095238095,15.117497866691949,17,1.88250213330805,76.55292385056808,84,7.447076149431922
