Team,Score,FG Makes,FG Attempts,FG%,FG xP,FG Actual,FG Performance,FT Makes,FT Attempts,FT%,FT xP,FT Actual,FT Performance,Total xP,Total Actual,Total Performance
Maryland,61,20,55,0.36363636363636365,52.26704737673506,45,-7.267047376735061,16,23,0.6956521739130435,16.55725956828166,16,-0.5572595682816589,68.82430694501673,61,-7.824306945016718
Gonzaga,100,36,63,0.5714285714285714,63.01029542854053,85,21.98970457145947,12,15,0.8,10.798212761922821,12,1.2017872380771788,73.80850819046336,97,23.191491809536647
