Team,Score,FG Makes,FG Attempts,FG%,FG xP,FG Actual,FG Performance,FT Makes,FT Attempts,FT%,FT xP,FT Actual,FT Performance,Total xP,Total Actual,Total Performance
Mount St. Mary's,90,31,65,0.47692307692307695,65.42491541808768,79,13.575084581912321,11,16,0.6875,11.518093612717674,11,-0.5180936127176758,76.94300903080534,90,13.056990969194645
Maryland,95,23,57,0.40350877192982454,57.38682343540628,58,0.6131765645937222,37,47,0.7872340425531915,33.834399987358175,37,3.1656000126418258,91.22122342276445,95,3.778776577235547
