Team,Score,FG Makes,FG Attempts,FG%,FG xP,FG Actual,FG Performance,FT Makes,FT Attempts,FT%,FT xP,FT Actual,FT Performance,Total xP,Total Actual,Total Performance
Furman,65,25,55,0.45454545454545453,57.13799100313357,59,1.8620089968664244,6,11,0.5454545454545454,7.91869708307488,6,-1.9186970830748806,65.05668808620845,65,-0.05668808620845667
Illinois State,72,26,57,0.45614035087719296,55.37651846494868,60,4.623481535051328,12,18,0.6666666666666666,12.957867954122532,12,-0.9578679541225319,68.33438641907121,72,3.665613580928793
