Team,Score,FG Makes,FG Attempts,FG%,FG xP,FG Actual,FG Performance,FT Makes,FT Attempts,FT%,FT xP,FT Actual,FT Performance,Total xP,Total Actual,Total Performance
Tennessee Tech,81,31,72,0.4305555555555556,71.55317724466738,65,-6.553177244667393,16,21,0.7619047619047619,15.117995969935961,16,0.8820040300640397,86.67117321460334,81,-5.671173214603354
Georgia,123,41,75,0.5466666666666666,78.76810669025788,103,24.231893309742098,20,29,0.6896551724137931,20.877232529911563,20,-0.8772325299115646,99.64533922016945,123,23.35466077983053
