Team,Score,FG Makes,FG Attempts,FG%,FG xP,FG Actual,FG Performance,FT Makes,FT Attempts,FT%,FT xP,FT Actual,FT Performance,Total xP,Total Actual,Total Performance
Saint Joseph's,60,23,52,0.4423076923076923,51.31109906344085,50,-1.3110990634408548,10,13,0.7692307692307693,9.358460189088495,10,0.6415398109115045,60.66955925252935,60,-0.6695592525293517
Princeton,58,22,52,0.4230769230769231,49.73088270570155,55,5.269117294298449,3,7,0.42857142857142855,5.039170871047651,3,-2.0391708710476513,54.7700535767492,58,3.229946423250796
