Team,Score,FG Makes,FG Attempts,FG%,FG xP,FG Actual,FG Performance,FT Makes,FT Attempts,FT%,FT xP,FT Actual,FT Performance,Total xP,Total Actual,Total Performance
Omaha,71,21,43,0.4883720930232558,44.81916516857626,48,3.1808348314237413,23,31,0.7419354838709677,22.316306374640497,23,0.6836936253595025,67.13547154321677,71,3.8645284567832405
Abilene Christian,73,25,57,0.43859649122807015,55.9260368015518,57,1.073963198448198,16,21,0.7619047619047619,15.11749786669195,16,0.8825021333080507,71.04353466824377,73,1.9564653317562464
