Team,Score,FG Makes,FG Attempts,FG%,FG xP,FG Actual,FG Performance,FT Makes,FT Attempts,FT%,FT xP,FT Actual,FT Performance,Total xP,Total Actual,Total Performance
Western Carolina,67,20,58,0.3448275862068966,55.674060379665065,44,-11.674060379665057,23,28,0.8214285714285714,20.156663822255933,23,2.843336177744067,75.830724201921,67,-8.83072420192099
South Carolina Upstate,78,23,51,0.45098039215686275,49.21469965703497,54,4.785300342965028,24,30,0.8,21.59642552384564,24,2.4035744761543567,70.81112518088061,78,7.188874819119384
