Team,Score,FG Makes,FG Attempts,FG%,FG xP,FG Actual,FG Performance,FT Makes,FT Attempts,FT%,FT xP,FT Actual,FT Performance,Total xP,Total Actual,Total Performance
Old Dominion,77,27,72,0.375,72.47273891235274,61,-11.472738912352732,16,20,0.8,14.397617015897096,16,1.6023829841029054,86.87035592824982,77,-9.870355928249829
Richmond,86,32,66,0.48484848484848486,65.56438631050133,68,2.4356136894986617,18,28,0.6428571428571429,20.156663822255933,18,-2.1566638222559327,85.72105013275728,86,0.27894986724272774
