Team,Score,FG Makes,FG Attempts,FG%,FG xP,FG Actual,FG Performance,FT Makes,FT Attempts,FT%,FT xP,FT Actual,FT Performance,Total xP,Total Actual,Total Performance
Old Dominion,77,27,72,0.375,72.47273891235274,61,-11.472738912352732,16,20,0.8,14.397631060136147,16,1.6023689398638536,86.87036997248887,77,-9.87036997248888
Richmond,86,32,66,0.48484848484848486,65.56438631050133,68,2.4356136894986617,18,28,0.6428571428571429,20.156683484190605,18,-2.156683484190605,85.72106979469194,86,0.27893020530805535
