Team,Score,FG Makes,FG Attempts,FG%,FG xP,FG Actual,FG Performance,FT Makes,FT Attempts,FT%,FT xP,FT Actual,FT Performance,Total xP,Total Actual,Total Performance
UTSA,55,20,61,0.32786885245901637,60.48414860935411,48,-12.484148609354111,7,16,0.4375,11.518104848108917,7,-4.518104848108917,72.00225345746303,55,-17.002253457463027
Alabama,97,32,82,0.3902439024390244,87.83833038559023,80,-7.838330385590224,17,20,0.85,14.397631060136147,17,2.602368939863853,102.23596144572637,97,-5.235961445726369
