Team,Score,FG Makes,FG Attempts,FG%,FG xP,FG Actual,FG Performance,FT Makes,FT Attempts,FT%,FT xP,FT Actual,FT Performance,Total xP,Total Actual,Total Performance
Northern Iowa,70,26,72,0.3611111111111111,71.18546768545144,63,-8.185467685451437,7,10,0.7,7.198815530068073,7,-0.1988155300680734,78.38428321551952,70,-8.384283215519512
UC Irvine,69,25,59,0.423728813559322,56.99890540179282,53,-3.9989054017928174,16,26,0.6153846153846154,18.71692037817699,16,-2.716920378176991,75.7158257799698,69,-6.715825779969807
