Team,Score,FG Makes,FG Attempts,FG%,FG xP,FG Actual,FG Performance,FT Makes,FT Attempts,FT%,FT xP,FT Actual,FT Performance,Total xP,Total Actual,Total Performance
Illinois,75,28,58,0.4827586206896552,58.600683921694426,67,8.399316078305574,8,14,0.5714285714285714,10.078331911127966,8,-2.0783319111279663,68.67901583282239,75,6.320984167177607
Tennessee,62,24,65,0.36923076923076925,64.7863682734032,54,-10.786368273403191,8,18,0.4444444444444444,12.957855314307386,8,-4.957855314307386,77.74422358771058,62,-15.744223587710577
