Team,Score,FG Makes,FG Attempts,FG%,FG xP,FG Actual,FG Performance,FT Makes,FT Attempts,FT%,FT xP,FT Actual,FT Performance,Total xP,Total Actual,Total Performance
UAB,61,22,63,0.3492063492063492,61.890984262854914,50,-11.89098426285491,11,14,0.7857142857142857,10.078341742095303,11,0.9216582579046972,71.96932600495022,61,-10.969326004950215
Middle Tennessee,76,29,61,0.47540983606557374,59.34574694137255,66,6.654253058627444,10,12,0.8333333333333334,8.638578636081688,10,1.3614213639183117,67.98432557745423,76,8.015674422545754
