Team,Score,FG Makes,FG Attempts,FG%,FG xP,FG Actual,FG Performance,FT Makes,FT Attempts,FT%,FT xP,FT Actual,FT Performance,Total xP,Total Actual,Total Performance
UAB,61,22,63,0.3492063492063492,61.890984262854914,50,-11.89098426285491,11,14,0.7857142857142857,10.078331911127966,11,0.9216680888720334,71.96931617398288,61,-10.969316173982879
Middle Tennessee,76,29,61,0.47540983606557374,59.34574694137255,66,6.654253058627444,10,12,0.8333333333333334,8.638570209538257,10,1.3614297904617427,67.98431715091081,76,8.015682849089185
