Team,Score,FG Makes,FG Attempts,FG%,FG xP,FG Actual,FG Performance,FT Makes,FT Attempts,FT%,FT xP,FT Actual,FT Performance,Total xP,Total Actual,Total Performance
Mercyhurst,55,22,53,0.41509433962264153,52.55586651524193,49,-3.5558665152419313,6,8,0.75,5.759046806358838,6,0.24095319364116174,58.31491332160077,55,-3.31491332160077
Canisius,58,20,41,0.4878048780487805,41.39200332854637,43,1.6079966714536198,15,26,0.5769230769230769,18.716902120666223,15,-3.716902120666224,60.1089054492126,58,-2.1089054492126067
