Team,Score,FG Makes,FG Attempts,FG%,FG xP,FG Actual,FG Performance,FT Makes,FT Attempts,FT%,FT xP,FT Actual,FT Performance,Total xP,Total Actual,Total Performance
UMBC,71,26,58,0.4482758620689655,56.930543168041844,63,6.069456831958167,8,10,0.8,7.198808507948548,8,0.8011914920514527,64.12935167599039,71,6.870648324009618
Dayton,77,26,51,0.5098039215686274,51.30487094570015,58,6.6951290542998425,19,24,0.7916666666666666,17.277140419076513,19,1.7228595809234863,68.58201136477666,77,8.41798863522333
