Team,Score,FG Makes,FG Attempts,FG%,FG xP,FG Actual,FG Performance,FT Makes,FT Attempts,FT%,FT xP,FT Actual,FT Performance,Total xP,Total Actual,Total Performance
Army,81,23,53,0.4339622641509434,52.89345475214303,57,4.106545247856966,24,33,0.7272727272727273,23.75609124922464,24,0.24390875077535856,76.64954600136767,81,4.350453998632325
Fairleigh Dickinson,73,24,63,0.38095238095238093,62.62352008413271,56,-6.62352008413271,17,25,0.68,17.997038825170183,17,-0.9970388251701836,80.6205589093029,73,-7.620558909302894
