Team,Score,FG Makes,FG Attempts,FG%,FG xP,FG Actual,FG Performance,FT Makes,FT Attempts,FT%,FT xP,FT Actual,FT Performance,Total xP,Total Actual,Total Performance
South Carolina Upstate,75,25,54,0.46296296296296297,54.47585507630906,55,0.5241449236909439,20,29,0.6896551724137931,20.876544673050784,20,-0.8765446730507872,75.35239974935983,75,-0.3523997493598462
California Baptist,87,34,64,0.53125,65.96985442891564,75,9.030145571084367,12,21,0.5714285714285714,15.117497866691949,12,-3.1174978666919495,81.08735229560759,87,5.912647704392418
