Team,Score,FG Makes,FG Attempts,FG%,FG xP,FG Actual,FG Performance,FT Makes,FT Attempts,FT%,FT xP,FT Actual,FT Performance,Total xP,Total Actual,Total Performance
Northern Colorado,71,28,52,0.5384615384615384,51.81893814764912,66,14.181061852350881,5,8,0.625,5.759052424054459,5,-0.7590524240544586,57.57799057170358,71,13.422009428296422
Air Force,53,21,51,0.4117647058823529,48.31079614915043,45,-3.3107961491504296,8,14,0.5714285714285714,10.0783417420953,8,-2.0783417420953025,58.38913789124573,53,-5.389137891245734
