Team,Score,FG Makes,FG Attempts,FG%,FG xP,FG Actual,FG Performance,FT Makes,FT Attempts,FT%,FT xP,FT Actual,FT Performance,Total xP,Total Actual,Total Performance
Alcorn State,81,33,67,0.4925373134328358,65.04273553125495,76,10.957264468745052,5,11,0.45454545454545453,7.918950269966456,5,-2.918950269966456,72.9616858012214,81,8.038314198778595
LSU,107,35,63,0.5555555555555556,62.808466431037296,76,13.191533568962715,31,39,0.7948717948717948,28.07627822988107,31,2.923721770118931,90.88474466091836,107,16.115255339081646
