Team,Score,FG Makes,FG Attempts,FG%,FG xP,FG Actual,FG Performance,FT Makes,FT Attempts,FT%,FT xP,FT Actual,FT Performance,Total xP,Total Actual,Total Performance
Toledo,97,41,77,0.5324675324675324,74.14650599762135,86,11.853494002378648,11,14,0.7857142857142857,10.078341742095303,11,0.9216582579046974,84.22484773971665,97,12.775152260283345
Oakland,98,39,70,0.5571428571428572,65.97290826474041,84,18.02709173525958,14,20,0.7,14.397631060136145,14,-0.39763106013614635,80.37053932487657,98,17.629460675123433
