Team,Score,FG Makes,FG Attempts,FG%,FG xP,FG Actual,FG Performance,FT Makes,FT Attempts,FT%,FT xP,FT Actual,FT Performance,Total xP,Total Actual,Total Performance
UT Martin,69,18,43,0.4186046511627907,45.536839027037075,40,-5.536839027037075,21,30,0.7,21.596425523845642,21,-0.596425523845642,67.13326455088271,61,-6.133264550882717
Prairie View A&M,68,20,56,0.35714285714285715,53.37776743381839,44,-9.377767433818393,24,31,0.7741935483870968,22.316306374640497,24,1.6836936253595027,75.6940738084589,68,-7.694073808458891
