Team,Score,FG Makes,FG Attempts,FG%,FG xP,FG Actual,FG Performance,FT Makes,FT Attempts,FT%,FT xP,FT Actual,FT Performance,Total xP,Total Actual,Total Performance
North Texas,49,15,64,0.234375,61.68922682655476,37,-24.68922682655475,12,14,0.8571428571428571,10.078331911127966,12,1.9216680888720334,71.76755873768272,49,-22.76755873768272
Saint Mary's,80,27,61,0.4426229508196721,62.397192053305965,63,0.6028079466940359,17,21,0.8095238095238095,15.11749786669195,17,1.88250213330805,77.5146899199979,80,2.485310080002086
