Team,Score,FG Makes,FG Attempts,FG%,FG xP,FG Actual,FG Performance,FT Makes,FT Attempts,FT%,FT xP,FT Actual,FT Performance,Total xP,Total Actual,Total Performance
Le Moyne,80,26,61,0.4262295081967213,63.76055235767174,62,-1.7605523576717421,18,28,0.6428571428571429,20.156663822255933,18,-2.1566638222559336,83.91721617992768,80,-3.9172161799276757
Massachusetts,94,34,66,0.5151515151515151,67.88911645133737,78,10.11088354866262,16,20,0.8,14.397617015897096,16,1.6023829841029051,82.28673346723446,94,11.713266532765527
