Team,Score,FG Makes,FG Attempts,FG%,FG xP,FG Actual,FG Performance,FT Makes,FT Attempts,FT%,FT xP,FT Actual,FT Performance,Total xP,Total Actual,Total Performance
West Georgia,66,25,64,0.390625,59.41596525955376,57,-2.4159652595537615,9,17,0.5294117647058824,12.237974463512531,9,-3.2379744635125305,71.6539397230663,66,-5.6539397230662924
Georgia Tech,82,33,61,0.5409836065573771,61.21373843018621,71,9.78626156981379,11,19,0.5789473684210527,13.677736165102239,11,-2.67773616510224,74.89147459528846,82,7.108525404711548
