Team,Score,FG Makes,FG Attempts,FG%,FG xP,FG Actual,FG Performance,FT Makes,FT Attempts,FT%,FT xP,FT Actual,FT Performance,Total xP,Total Actual,Total Performance
Jackson State,73,20,58,0.3448275862068966,58.68987732236057,47,-11.689877322360577,26,29,0.896551724137931,20.876544673050788,26,5.123455326949212,79.56642199541136,73,-6.566421995411368
Kennesaw State,88,27,68,0.39705882352941174,73.23579717831501,63,-10.235797178315014,25,39,0.6410256410256411,28.075353180999333,25,-3.0753531809993344,101.31115035931435,88,-13.311150359314349
