Team,Score,FG Makes,FG Attempts,FG%,FG xP,FG Actual,FG Performance,FT Makes,FT Attempts,FT%,FT xP,FT Actual,FT Performance,Total xP,Total Actual,Total Performance
Wyoming,72,27,58,0.46551724137931033,56.09753010093228,59,2.90246989906772,13,13,1.0,9.358451060333111,13,3.6415489396668885,65.4559811612654,72,6.544018838734608
Texas Tech,76,27,55,0.4909090909090909,51.3296274621096,58,6.670372537890396,18,30,0.6,21.596425523845642,18,-3.596425523845642,72.92605298595524,76,3.0739470140447516
