Team,Score,FG Makes,FG Attempts,FG%,FG xP,FG Actual,FG Performance,FT Makes,FT Attempts,FT%,FT xP,FT Actual,FT Performance,Total xP,Total Actual,Total Performance
St. Francis (PA),56,21,61,0.3442622950819672,61.13995163733567,51,-10.139951637335672,5,7,0.7142857142857143,5.039170871047651,5,-0.03917087104765138,66.17912250838332,56,-10.179122508383324
Radford,89,33,62,0.532258064516129,62.501836786243,79,16.498163213757014,10,14,0.7142857142857143,10.0783417420953,10,-0.07834174209530254,72.58017852833828,89,16.41982147166171
