Team,Score,FG Makes,FG Attempts,FG%,FG xP,FG Actual,FG Performance,FT Makes,FT Attempts,FT%,FT xP,FT Actual,FT Performance,Total xP,Total Actual,Total Performance
Temple,79,22,39,0.5641025641025641,40.889728064280696,51,10.1102719357193,28,41,0.6829268292682927,29.515114882589042,28,-1.5151148825890455,70.40484294686973,79,8.595157053130254
Princeton,75,26,53,0.49056603773584906,50.452540099083606,64,13.547459900916392,11,16,0.6875,11.518093612717674,11,-0.5180936127176763,61.97063371180129,75,13.029366288198714
