Team,Score,FG Makes,FG Attempts,FG%,FG xP,FG Actual,FG Performance,FT Makes,FT Attempts,FT%,FT xP,FT Actual,FT Performance,Total xP,Total Actual,Total Performance
Drake,71,26,61,0.4262295081967213,57.78637318017296,63,5.213626819827043,8,14,0.5714285714285714,10.078331911127966,8,-2.0783319111279663,67.86470509130092,71,3.135294908699076
Charleston,62,22,64,0.34375,61.879630652075996,50,-11.879630652075999,12,19,0.631578947368421,13.67773616510224,12,-1.6777361651022402,75.55736681717823,62,-13.557366817178238
