Team,Score,FG Makes,FG Attempts,FG%,FG xP,FG Actual,FG Performance,FT Makes,FT Attempts,FT%,FT xP,FT Actual,FT Performance,Total xP,Total Actual,Total Performance
Nicholls,76,28,61,0.45901639344262296,60.932793057195866,65,4.06720694280414,12,18,0.6666666666666666,12.95786795412253,12,-0.9578679541225317,73.8906610113184,77,3.109338988681606
Creighton,96,36,59,0.6101694915254238,63.05954847271177,89,25.940451527288232,7,7,1.0,5.039170871047651,7,1.9608291289523487,68.09871934375943,96,27.90128065624058
