Team,Score,FG Makes,FG Attempts,FG%,FG xP,FG Actual,FG Performance,FT Makes,FT Attempts,FT%,FT xP,FT Actual,FT Performance,Total xP,Total Actual,Total Performance
Nicholls,76,28,61,0.45901639344262296,60.932793057195866,65,4.06720694280414,12,18,0.6666666666666666,12.957855314307384,12,-0.9578553143073851,73.89064837150325,77,3.1093516284967526
Creighton,96,36,59,0.6101694915254238,63.05954847271177,89,25.940451527288232,7,7,1.0,5.039165955563983,7,1.9608340444360168,68.09871442827577,96,27.901285571724245
