Team,Score,FG Makes,FG Attempts,FG%,FG xP,FG Actual,FG Performance,FT Makes,FT Attempts,FT%,FT xP,FT Actual,FT Performance,Total xP,Total Actual,Total Performance
UTSA,55,20,61,0.32786885245901637,60.48414860935411,48,-12.484148609354111,7,16,0.4375,11.528722044068395,7,-4.528722044068395,72.01287065342251,55,-17.01287065342251
Alabama,97,32,82,0.3902439024390244,87.83833038559023,80,-7.838330385590224,17,20,0.85,14.410902555085494,17,2.5890974449145054,102.24923294067571,97,-5.249232940675716
