Team,Score,FG Makes,FG Attempts,FG%,FG xP,FG Actual,FG Performance,FT Makes,FT Attempts,FT%,FT xP,FT Actual,FT Performance,Total xP,Total Actual,Total Performance
UTSA,55,20,61,0.32786885245901637,60.48414860935411,48,-12.484148609354111,7,16,0.4375,11.518473119951208,7,-4.518473119951208,72.00262172930532,55,-17.002621729305318
Alabama,97,32,82,0.3902439024390244,87.83833038559023,80,-7.838330385590224,17,20,0.85,14.39809139993901,17,2.6019086000609897,102.23642178552923,97,-5.2364217855292345
