Team,Score,FG Makes,FG Attempts,FG%,FG xP,FG Actual,FG Performance,FT Makes,FT Attempts,FT%,FT xP,FT Actual,FT Performance,Total xP,Total Actual,Total Performance
South Carolina State,79,31,63,0.49206349206349204,59.712054841804296,71,11.287945158195704,8,12,0.6666666666666666,8.638570209538257,8,-0.638570209538257,68.35062505134255,79,10.649374948657446
Winthrop,101,38,69,0.5507246376811594,72.01610288907072,88,15.98389711092927,13,15,0.8666666666666667,10.798212761922821,13,2.201787238077179,82.81431565099352,101,18.185684349006447
