Team,Score,FG Makes,FG Attempts,FG%,FG xP,FG Actual,FG Performance,FT Makes,FT Attempts,FT%,FT xP,FT Actual,FT Performance,Total xP,Total Actual,Total Performance
Purdue,87,31,66,0.4696969696969697,62.857205646386475,71,8.142794353613528,16,23,0.6956521739130435,16.557275719156568,16,-0.5572757191565683,79.41448136554304,87,7.585518634456959
Alabama,80,28,66,0.42424242424242425,68.81204974177764,72,3.1879502582223527,8,10,0.8,7.198815530068074,8,0.8011844699319266,76.01086527184573,80,3.98913472815428
