Team,Score,FG Makes,FG Attempts,FG%,FG xP,FG Actual,FG Performance,FT Makes,FT Attempts,FT%,FT xP,FT Actual,FT Performance,Total xP,Total Actual,Total Performance
Merrimack,65,25,67,0.373134328358209,67.47954013173758,54,-13.47954013173758,11,15,0.7333333333333333,10.79821276192282,11,0.2017872380771788,78.27775289366039,65,-13.277752893660402
Pennsylvania,77,31,58,0.5344827586206896,53.383869337980386,65,11.616130662019618,12,23,0.5217391304347826,16.55725956828166,12,-4.557259568281659,69.94112890626204,77,7.058871093737956
