Team,Score,FG Makes,FG Attempts,FG%,FG xP,FG Actual,FG Performance,FT Makes,FT Attempts,FT%,FT xP,FT Actual,FT Performance,Total xP,Total Actual,Total Performance
Ohio State,86,35,61,0.5737704918032787,58.529687474218036,74,15.47031252578197,12,20,0.6,14.397617015897096,12,-2.397617015897095,72.92730449011512,86,13.072695509884877
Northwestern,82,29,61,0.47540983606557374,60.79978455118955,66,5.200215448810438,16,18,0.8888888888888888,12.957855314307386,16,3.042144685692615,73.75763986549696,82,8.24236013450305
