Team,Score,FG Makes,FG Attempts,FG%,FG xP,FG Actual,FG Performance,FT Makes,FT Attempts,FT%,FT xP,FT Actual,FT Performance,Total xP,Total Actual,Total Performance
Portland,72,24,47,0.5106382978723404,44.42202981894907,53,8.577970181050931,19,24,0.7916666666666666,17.277157272163375,19,1.7228427278366236,61.69918709111245,72,10.300812908887554
Stanford,94,33,64,0.515625,66.23659790379482,80,13.763402096205178,14,20,0.7,14.397631060136145,14,-0.3976310601361466,80.63422896393097,94,13.365771036069031
