Team,Score,FG Makes,FG Attempts,FG%,FG xP,FG Actual,FG Performance,FT Makes,FT Attempts,FT%,FT xP,FT Actual,FT Performance,Total xP,Total Actual,Total Performance
Rhode Island,55,21,50,0.42,51.24066655082246,45,-6.240666550822463,10,16,0.625,11.518093612717676,10,-1.518093612717676,62.75876016354014,55,-7.758760163540139
Towson,62,22,50,0.44,46.07095059699761,49,2.929049403002388,13,19,0.6842105263157895,13.677736165102239,13,-0.67773616510224,59.74868676209985,62,2.2513132379001486
