Team,Score,FG Makes,FG Attempts,FG%,FG xP,FG Actual,FG Performance,FT Makes,FT Attempts,FT%,FT xP,FT Actual,FT Performance,Total xP,Total Actual,Total Performance
Texas State,72,27,63,0.42857142857142855,58.40841653939272,58,-0.40841653939272193,14,19,0.7368421052631579,13.677749507129338,14,0.32225049287066077,72.08616604652205,72,-0.08616604652206172
Rice,77,24,55,0.43636363636363634,55.66472354965859,55,-0.6647235496585848,22,29,0.7586206896551724,20.876565037197413,22,1.1234349628025875,76.54128858685601,77,0.4587114131440009
