Team,Score,FG Makes,FG Attempts,FG%,FG xP,FG Actual,FG Performance,FT Makes,FT Attempts,FT%,FT xP,FT Actual,FT Performance,Total xP,Total Actual,Total Performance
Dayton,77,26,49,0.5306122448979592,50.906492276797096,59,8.093507723202904,18,26,0.6923076923076923,18.716902120666223,18,-0.7169021206662236,69.62339439746331,77,7.3766056025366815
Marquette,71,25,65,0.38461538461538464,64.73563769574193,59,-5.7356376957419215,12,16,0.75,11.518093612717676,12,0.4819063872823245,76.25373130845959,71,-5.253731308459599
