Team,Score,FG Makes,FG Attempts,FG%,FG xP,FG Actual,FG Performance,FT Makes,FT Attempts,FT%,FT xP,FT Actual,FT Performance,Total xP,Total Actual,Total Performance
Maine,61,23,53,0.4339622641509434,51.19998064237819,54,2.8000193576218084,7,15,0.4666666666666667,10.79822329510211,7,-3.7982232951021104,61.998203937480305,61,-0.9982039374803013
Longwood,65,24,45,0.5333333333333333,42.716967421715935,52,9.283032578284061,13,21,0.6190476190476191,15.117512613142953,13,-2.117512613142954,57.83448003485889,65,7.165519965141106
