Team,Score,FG Makes,FG Attempts,FG%,FG xP,FG Actual,FG Performance,FT Makes,FT Attempts,FT%,FT xP,FT Actual,FT Performance,Total xP,Total Actual,Total Performance
Montana,102,36,65,0.5538461538461539,63.98504490509095,78,14.014955094909052,24,27,0.8888888888888888,19.436782971461078,24,4.563217028538921,83.42182787655202,102,18.57817212344797
UNLV,93,35,69,0.5072463768115942,68.49979141408183,76,7.500208585918175,17,27,0.6296296296296297,19.436782971461078,17,-2.4367829714610787,87.93657438554291,93,5.063425614457095
