Team,Score,FG Makes,FG Attempts,FG%,FG xP,FG Actual,FG Performance,FT Makes,FT Attempts,FT%,FT xP,FT Actual,FT Performance,Total xP,Total Actual,Total Performance
Mercyhurst,71,30,68,0.4411764705882353,63.173783261474824,65,1.8262167385251846,6,8,0.75,5.759046806358838,6,0.24095319364116197,68.93283006783366,71,2.0671699321663466
Lafayette,79,19,44,0.4318181818181818,42.02941528954577,46,3.9705847104542302,15,16,0.9375,11.518093612717676,15,3.481906387282324,53.547508902263445,61,7.452491097736554
