Team,Score,FG Makes,FG Attempts,FG%,FG xP,FG Actual,FG Performance,FT Makes,FT Attempts,FT%,FT xP,FT Actual,FT Performance,Total xP,Total Actual,Total Performance
Columbia,106,40,64,0.625,65.39732196379624,91,25.602678036203745,15,16,0.9375,11.518093612717676,15,3.4819063872823244,76.91541557651392,106,29.084584423486067
Fairfield,77,29,71,0.4084507042253521,69.48016411433181,66,-3.4801641143318163,11,16,0.6875,11.518093612717674,11,-0.5180936127176762,80.99825772704949,77,-3.998257727049494
