Team,Player,FG Makes,FG Attempts,FG%,FG xP,FG Actual,FG Performance,FT Makes,FT Attempts,FT%,FT xP,FT Actual,FT Performance,Total xP,Total Actual,Total Performance
Hofstra,Cruz Davis,14,25,0.56,23.991442818472297,33,9.008557181527703,3,5,0.6,3.599407765034037,3,-0.5994077650340368,27.590850583506334,36,8.409149416493666
Hofstra,Joshua DeCady,0,3,0.0,3.2611556480717203,0,-3.2611556480717203,0,0,0.0,0.0,0,0.0,3.2611556480717203,0,-3.2611556480717203
Hofstra,Preston Edmead,0,6,0.0,6.10833430306679,0,-6.10833430306679,8,9,0.8888888888888888,6.478933977061266,8,1.5210660229387338,12.587268280128056,8,-4.587268280128056
Hofstra,German Plotnikov,3,4,0.75,4.32545268514759,8,3.6745473148524104,0,0,0.0,0.0,0,0.0,4.32545268514759,8,3.6745473148524104
Hofstra,Jaeden Roberts,2,3,0.6666666666666666,2.6526247313496545,5,2.3473752686503455,2,2,1.0,1.4397631060136147,2,0.5602368939863853,4.092387837363269,7,2.907612162636731
Hofstra,Silas Sunday,3,4,0.75,3.4255804951983446,6,2.5744195048016554,0,0,0.0,0.0,0,0.0,3.4255804951983446,6,2.5744195048016554
Hofstra,Biggie Patterson,2,5,0.4,4.875535173132931,4,-0.8755351731329313,1,2,0.5,1.4397631060136147,1,-0.4397631060136147,6.315298279146546,5,-1.3152982791465462
Hofstra,Victory Onuetu,5,5,1.0,5.435262345041453,10,4.564737654958547,0,0,0.0,0.0,0,0.0,5.435262345041453,10,4.564737654958547
Pittsburgh,Roman Siulepa,1,5,0.2,5.290068271319497,2,-3.2900682713194973,0,0,0.0,0.0,0,0.0,5.290068271319497,2,-3.2900682713194973
Pittsburgh,Damarco Minor,1,4,0.25,4.231163975077668,3,-1.231163975077668,4,4,1.0,2.8795262120272294,4,1.1204737879727706,7.110690187104897,7,-0.11069018710489686
Pittsburgh,Barry Dunning Jr.,4,7,0.5714285714285714,7.188293004862524,10,2.8117069951374756,3,4,0.75,2.8795262120272294,3,0.12047378797277064,10.067819216889754,13,2.9321807831102458
Pittsburgh,Cameron Corhen,2,7,0.2857142857142857,6.733820857078903,4,-2.7338208570789027,3,5,0.6,3.599407765034037,3,-0.5994077650340368,10.333228622112939,7,-3.333228622112939
Pittsburgh,Nojus Indrusaitis,2,6,0.3333333333333333,6.109801725679175,5,-1.1098017256791746,0,0,0.0,0.0,0,0.0,6.109801725679175,5,-1.1098017256791746
Pittsburgh,Brandin Cummings,10,15,0.6666666666666666,13.752778883351052,25,11.247221116648948,9,9,1.0,6.478933977061266,9,2.521066022938734,20.23171286041232,34,13.768287139587681
Pittsburgh,Omari Witherspoon,2,4,0.5,4.124312656562735,5,0.8756873434372654,0,0,0.0,0.0,0,0.0,4.124312656562735,5,0.8756873434372654
