Team,Score,FG Makes,FG Attempts,FG%,FG xP,FG Actual,FG Performance,FT Makes,FT Attempts,FT%,FT xP,FT Actual,FT Performance,Total xP,Total Actual,Total Performance
Northern Kentucky,56,21,58,0.3620689655172414,58.9363253089359,51,-7.9363253089358965,5,13,0.38461538461538464,9.358451060333111,5,-4.3584510603331115,68.29477636926902,56,-12.294776369269009
Tennessee,95,34,65,0.5230769230769231,65.32635191361896,80,14.673648086381032,15,19,0.7894736842105263,13.67773616510224,15,1.3222638348977596,79.00408807872121,95,15.99591192127879
