Team,Score,FG Makes,FG Attempts,FG%,FG xP,FG Actual,FG Performance,FT Makes,FT Attempts,FT%,FT xP,FT Actual,FT Performance,Total xP,Total Actual,Total Performance
USC,82,28,55,0.509090909090909,54.87805488278052,64,9.121945117219473,18,25,0.72,17.997021269871368,18,0.0029787301286310353,72.87507615265189,82,9.124923847348102
Oregon,77,25,53,0.4716981132075472,52.35137245243662,60,7.648627547563378,17,26,0.6538461538461539,18.716902120666223,17,-1.7169021206662238,71.06827457310285,77,5.931725426897154
