Team,Score,FG Makes,FG Attempts,FG%,FG xP,FG Actual,FG Performance,FT Makes,FT Attempts,FT%,FT xP,FT Actual,FT Performance,Total xP,Total Actual,Total Performance
Florida Atlantic,94,33,68,0.4852941176470588,65.7989407588686,77,11.201059241131402,17,22,0.7727272727272727,15.837378717486803,17,1.1626212825131952,81.6363194763554,94,12.363680523644595
Charleston,77,24,60,0.4,55.211901681295416,56,0.7880983187045878,21,24,0.875,17.277140419076513,21,3.7228595809234855,72.48904210037193,77,4.510957899628073
