Team,Score,FG Makes,FG Attempts,FG%,FG xP,FG Actual,FG Performance,FT Makes,FT Attempts,FT%,FT xP,FT Actual,FT Performance,Total xP,Total Actual,Total Performance
Wake Forest,83,31,66,0.4696969696969697,60.96034328885858,70,9.039656711141422,13,22,0.5909090909090909,15.837378717486805,13,-2.8373787174868053,76.7977220063454,83,6.202277993654617
Texas Tech,84,28,68,0.4117647058823529,63.789659996401404,68,4.21034000359859,16,21,0.7619047619047619,15.117497866691949,16,0.8825021333080505,78.90715786309336,84,5.09284213690664
