Team,Score,FG Makes,FG Attempts,FG%,FG xP,FG Actual,FG Performance,FT Makes,FT Attempts,FT%,FT xP,FT Actual,FT Performance,Total xP,Total Actual,Total Performance
Green Bay,58,21,48,0.4375,47.15989774449604,45,-2.159897744496037,13,18,0.7222222222222222,12.957855314307386,13,0.04214468569261465,60.117753058803416,58,-2.11775305880342
Wright State,86,30,58,0.5172413793103449,60.65143186634461,66,5.348568133655393,20,25,0.8,17.997021269871368,20,2.002978730128631,78.64845313621596,86,7.351546863784023
