Team,Score,FG Makes,FG Attempts,FG%,FG xP,FG Actual,FG Performance,FT Makes,FT Attempts,FT%,FT xP,FT Actual,FT Performance,Total xP,Total Actual,Total Performance
Southern Illinois,79,28,60,0.4666666666666667,55.799031862291805,59,3.2009681377081947,20,25,0.8,17.997038825170183,20,2.0029611748298164,73.79607068746199,79,5.203929312538009
Delaware,59,23,55,0.41818181818181815,53.15303842635108,54,0.8469615736489189,5,7,0.7142857142857143,5.039170871047651,5,-0.03917087104765138,58.19220929739874,59,0.8077907026012667
