Team,Score,FG Makes,FG Attempts,FG%,FG xP,FG Actual,FG Performance,FT Makes,FT Attempts,FT%,FT xP,FT Actual,FT Performance,Total xP,Total Actual,Total Performance
Virginia Tech,68,24,54,0.4444444444444444,47.622686817712044,55,7.377313182287957,13,23,0.5652173913043478,16.55725956828166,13,-3.5572595682816592,64.1799463859937,68,3.820053614006298
VCU,86,30,57,0.5263157894736842,52.46105582887348,71,18.53894417112652,15,22,0.6818181818181818,15.837378717486803,15,-0.8373787174868044,68.29843454636028,86,17.701565453639713
