Team,Score,FG Makes,FG Attempts,FG%,FG xP,FG Actual,FG Performance,FT Makes,FT Attempts,FT%,FT xP,FT Actual,FT Performance,Total xP,Total Actual,Total Performance
Delaware,72,25,56,0.44642857142857145,53.56831955957989,59,5.431680440420115,13,13,1.0,9.358451060333111,13,3.641548939666888,62.926770619913,72,9.073229380087001
Delaware State,75,27,58,0.46551724137931033,54.56046285228872,60,5.439537147711272,15,24,0.625,17.277140419076513,15,-2.277140419076513,71.83760327136523,75,3.1623967286347563
