Team,Score,FG Makes,FG Attempts,FG%,FG xP,FG Actual,FG Performance,FT Makes,FT Attempts,FT%,FT xP,FT Actual,FT Performance,Total xP,Total Actual,Total Performance
Hampton,53,20,63,0.31746031746031744,63.46590174306402,46,-17.46590174306402,7,11,0.6363636363636364,7.918689358743402,7,-0.9186893587434021,71.38459110180743,53,-18.384591101807423
Virginia,91,33,60,0.55,58.82573251689456,77,18.174267483105446,14,17,0.8235294117647058,12.23797446351253,14,1.7620255364874695,71.06370698040708,91,19.936293019592913
