Team,Score,FG Makes,FG Attempts,FG%,FG xP,FG Actual,FG Performance,FT Makes,FT Attempts,FT%,FT xP,FT Actual,FT Performance,Total xP,Total Actual,Total Performance
Southern Miss,82,25,60,0.4166666666666667,56.823963091145394,55,-1.8239630911453963,27,32,0.84375,23.036209696217835,27,3.963790303782165,79.86017278736324,82,2.139827212636768
Radford,75,22,62,0.3548387096774194,62.738449675588264,54,-8.73844967558826,21,27,0.7777777777777778,19.436801931183798,21,1.563198068816202,82.17525160677206,75,-7.175251606772061
