Team,Score,FG Makes,FG Attempts,FG%,FG xP,FG Actual,FG Performance,FT Makes,FT Attempts,FT%,FT xP,FT Actual,FT Performance,Total xP,Total Actual,Total Performance
New Orleans,58,20,67,0.29850746268656714,66.94121029405962,46,-20.941210294059626,12,17,0.7058823529411765,12.238377689948159,12,-0.23837768994815878,79.17958798400778,58,-21.179587984007778
LSU,93,31,71,0.43661971830985913,69.73240662033176,72,2.2675933796682513,21,28,0.75,20.157327959914614,21,0.8426720400853855,89.88973458024638,93,3.1102654197536337
