Team,Score,FG Makes,FG Attempts,FG%,FG xP,FG Actual,FG Performance,FT Makes,FT Attempts,FT%,FT xP,FT Actual,FT Performance,Total xP,Total Actual,Total Performance
Campbell,51,16,59,0.2711864406779661,58.78877580683949,36,-22.78877580683948,15,26,0.5769230769230769,18.716902120666223,15,-3.716902120666224,77.5056779275057,51,-26.505677927505708
Wake Forest,99,34,62,0.5483870967741935,61.680627463995954,80,18.31937253600405,19,22,0.8636363636363636,15.837378717486803,19,3.1626212825131956,77.51800618148275,99,21.481993818517243
