Team,Score,FG Makes,FG Attempts,FG%,FG xP,FG Actual,FG Performance,FT Makes,FT Attempts,FT%,FT xP,FT Actual,FT Performance,Total xP,Total Actual,Total Performance
Florida A&M,57,21,61,0.3442622950819672,58.474500857522735,49,-9.474500857522735,8,14,0.5714285714285714,10.078663979957307,8,-2.078663979957307,68.55316483748005,57,-11.553164837480043
Georgia,87,28,65,0.4307692307692308,65.82630346371998,58,-7.826303463719979,29,35,0.8285714285714286,25.196659949893267,29,3.8033400501067325,91.02296341361324,87,-4.022963413613249
