Team,Score,FG Makes,FG Attempts,FG%,FG xP,FG Actual,FG Performance,FT Makes,FT Attempts,FT%,FT xP,FT Actual,FT Performance,Total xP,Total Actual,Total Performance
Rice,84,26,62,0.41935483870967744,62.830894065988694,60,-2.830894065988689,24,38,0.631578947368421,27.35547233020448,24,-3.3554723302044804,90.18636639619316,84,-6.18636639619317
Kennesaw State,89,28,70,0.4,74.16275873378494,66,-8.162758733784944,23,30,0.7666666666666667,21.596425523845642,23,1.4035744761543574,95.75918425763058,89,-6.75918425763059
