Team,Score,FG Makes,FG Attempts,FG%,FG xP,FG Actual,FG Performance,FT Makes,FT Attempts,FT%,FT xP,FT Actual,FT Performance,Total xP,Total Actual,Total Performance
Wichita State,70,28,64,0.4375,64.20657889850744,61,-3.2065788985074475,9,15,0.6,10.79822329510211,9,-1.7982232951021102,75.00480219360956,70,-5.004802193609559
Colorado State,76,29,52,0.5576923076923077,52.68643981578549,70,17.313560184214516,6,11,0.5454545454545454,7.918697083074881,6,-1.9186970830748806,60.605136898860366,76,15.394863101139638
