Team,Score,FG Makes,FG Attempts,FG%,FG xP,FG Actual,FG Performance,FT Makes,FT Attempts,FT%,FT xP,FT Actual,FT Performance,Total xP,Total Actual,Total Performance
UTEP,68,27,57,0.47368421052631576,56.2042612261547,59,2.7957387738453043,9,13,0.6923076923076923,9.358451060333111,9,-0.35845106033311136,65.56271228648781,68,2.43728771351219
Seattle U,75,24,51,0.47058823529411764,53.32373583493976,58,4.676264165060237,17,24,0.7083333333333334,17.277140419076513,17,-0.27714041907651366,70.60087625401627,75,4.399123745983722
