Team,Score,FG Makes,FG Attempts,FG%,FG xP,FG Actual,FG Performance,FT Makes,FT Attempts,FT%,FT xP,FT Actual,FT Performance,Total xP,Total Actual,Total Performance
Indiana,64,22,55,0.4,54.95507799330901,52,-2.9550779933090134,12,20,0.6,14.397631060136145,12,-2.3976310601361464,69.35270905344515,64,-5.3527090534451585
Minnesota,73,23,47,0.48936170212765956,44.36044752383742,54,9.639552476162576,19,27,0.7037037037037037,19.436801931183798,19,-0.43680193118379806,63.79724945502123,73,9.202750544978777
