Team,Score,FG Makes,FG Attempts,FG%,FG xP,FG Actual,FG Performance,FT Makes,FT Attempts,FT%,FT xP,FT Actual,FT Performance,Total xP,Total Actual,Total Performance
Troy,63,20,49,0.40816326530612246,48.539028417297544,47,-1.5390284172975486,16,20,0.8,14.39809139993901,16,1.6019086000609897,62.937119817236564,63,0.06288018276344065
Loyola Marymount,74,31,59,0.5254237288135594,56.111199861835516,69,12.888800138164482,5,11,0.45454545454545453,7.918950269966455,5,-2.9189502699664556,64.03015013180197,74,9.969849868198029
