Team,Score,FG Makes,FG Attempts,FG%,FG xP,FG Actual,FG Performance,FT Makes,FT Attempts,FT%,FT xP,FT Actual,FT Performance,Total xP,Total Actual,Total Performance
Bellarmine,68,25,49,0.5102040816326531,48.3543686510571,56,7.645631348942903,14,18,0.7777777777777778,12.957855314307386,14,1.0421446856926142,61.312223965364495,70,8.687776034635519
Murray State,81,30,57,0.5263157894736842,56.74791437561068,71,14.252085624389325,10,11,0.9090909090909091,7.918689358743402,10,2.081310641256598,64.66660373435407,81,16.333396265645924
