Team,Score,FG Makes,FG Attempts,FG%,FG xP,FG Actual,FG Performance,FT Makes,FT Attempts,FT%,FT xP,FT Actual,FT Performance,Total xP,Total Actual,Total Performance
Central Arkansas,56,19,67,0.2835820895522388,67.28628293066147,42,-25.286282930661482,14,21,0.6666666666666666,15.117497866691949,14,-1.11749786669195,82.40378079735343,56,-26.403780797353434
Arkansas,93,31,63,0.49206349206349204,64.33556505998845,75,10.664434940011533,18,22,0.8181818181818182,15.837378717486803,18,2.162621282513195,80.17294377747527,93,12.82705622252473
