Team,Score,FG Makes,FG Attempts,FG%,FG xP,FG Actual,FG Performance,FT Makes,FT Attempts,FT%,FT xP,FT Actual,FT Performance,Total xP,Total Actual,Total Performance
Oral Roberts,71,25,58,0.43103448275862066,58.19064483169479,59,0.8093551683052111,12,15,0.8,10.798568549954258,12,1.2014314500457424,68.98921338164905,71,2.010786618350953
Oklahoma,95,35,69,0.5072463768115942,69.68408053301914,79,9.315919466980858,16,23,0.6956521739130435,16.55780510992986,16,-0.5578051099298615,86.241885642949,95,8.758114357050996
