Team,Score,FG Makes,FG Attempts,FG%,FG xP,FG Actual,FG Performance,FT Makes,FT Attempts,FT%,FT xP,FT Actual,FT Performance,Total xP,Total Actual,Total Performance
Bethune-Cookman,76,30,57,0.5263157894736842,54.78514960219276,68,13.214850397807242,8,14,0.5714285714285714,10.078331911127966,8,-2.078331911127967,64.86348151332072,76,11.136518486679273
Ohio,73,26,60,0.43333333333333335,58.67014406078083,54,-4.670144060780833,19,28,0.6785714285714286,20.156663822255933,19,-1.1566638222559327,78.82680788303676,73,-5.826807883036764
