Team,Score,FG Makes,FG Attempts,FG%,FG xP,FG Actual,FG Performance,FT Makes,FT Attempts,FT%,FT xP,FT Actual,FT Performance,Total xP,Total Actual,Total Performance
TCU,84,28,59,0.4745762711864407,57.202632304590054,60,2.7973676954099513,24,33,0.7272727272727273,23.756068076230207,24,0.24393192376979322,80.95870038082026,84,3.0412996191797443
Florida,80,25,55,0.45454545454545453,57.86345639273922,58,0.13654360726078396,22,27,0.8148148148148148,19.436782971461078,22,2.563217028538922,77.30023936420028,80,2.6997606357997026
