Team,Score,FG Makes,FG Attempts,FG%,FG xP,FG Actual,FG Performance,FT Makes,FT Attempts,FT%,FT xP,FT Actual,FT Performance,Total xP,Total Actual,Total Performance
Marist,75,32,70,0.45714285714285713,65.55406343235214,73,7.445936567647856,4,5,0.8,3.5994042539742734,4,0.40059574602572634,69.15346768632642,77,7.846532313673583
Dartmouth,56,20,52,0.38461538461538464,49.80481404600764,44,-5.804814046007638,19,28,0.6785714285714286,20.156663822255933,19,-1.1566638222559322,69.96147786826357,63,-6.961477868263571
