Team,Score,FG Makes,FG Attempts,FG%,FG xP,FG Actual,FG Performance,FT Makes,FT Attempts,FT%,FT xP,FT Actual,FT Performance,Total xP,Total Actual,Total Performance
Arkansas State,72,26,69,0.37681159420289856,67.99838817904138,61,-6.99838817904138,11,13,0.8461538461538461,9.358451060333111,11,1.641548939666888,77.3568392393745,72,-5.3568392393744935
Saint Mary's,85,26,53,0.49056603773584906,53.56101284737141,60,6.438987152628587,25,33,0.7575757575757576,23.756068076230207,25,1.2439319237697934,77.31708092360162,85,7.682919076398383
