Team,Score,FG Makes,FG Attempts,FG%,FG xP,FG Actual,FG Performance,FT Makes,FT Attempts,FT%,FT xP,FT Actual,FT Performance,Total xP,Total Actual,Total Performance
Idaho State,74,27,58,0.46551724137931033,57.891525262537556,62,4.108474737462451,12,16,0.75,11.518473119951208,12,0.4815268800487922,69.40999838248875,74,4.590001617511243
Seattle U,83,31,50,0.62,50.80077847210438,73,22.19922152789561,10,13,0.7692307692307693,9.358759409960356,10,0.6412405900396432,60.15953788206474,83,22.84046211793525
