Team,Score,FG Makes,FG Attempts,FG%,FG xP,FG Actual,FG Performance,FT Makes,FT Attempts,FT%,FT xP,FT Actual,FT Performance,Total xP,Total Actual,Total Performance
Gardner-Webb,62,21,58,0.3620689655172414,57.13269244046645,52,-5.132692440466451,10,13,0.7692307692307693,9.358460189088495,10,0.6415398109115047,66.49115262955496,62,-4.491152629554947
UNC Wilmington,88,33,64,0.515625,64.28809137989954,80,15.71190862010046,8,11,0.7272727272727273,7.91869708307488,8,0.08130291692511937,72.20678846297442,88,15.793211537025577
