Team,Score,FG Makes,FG Attempts,FG%,FG xP,FG Actual,FG Performance,FT Makes,FT Attempts,FT%,FT xP,FT Actual,FT Performance,Total xP,Total Actual,Total Performance
North Carolina Central,53,16,66,0.24242424242424243,63.23630941270088,39,-24.236309412700884,14,20,0.7,14.397617015897096,14,-0.39761701589709486,77.63392642859799,53,-24.63392642859798
North Carolina,97,30,55,0.5454545454545454,57.964973640813994,71,13.035026359186011,26,35,0.7428571428571429,25.195829777819917,26,0.8041702221800839,83.16080341863389,97,13.839196581366094
