Team,Score,FG Makes,FG Attempts,FG%,FG xP,FG Actual,FG Performance,FT Makes,FT Attempts,FT%,FT xP,FT Actual,FT Performance,Total xP,Total Actual,Total Performance
Florida,66,25,67,0.373134328358209,65.07397832009269,57,-8.073978320092692,9,12,0.75,8.638570209538257,9,0.3614297904617432,73.71254852963094,66,-7.71254852963095
Duke,67,25,56,0.44642857142857145,57.1749137007574,57,-0.17491370075739665,10,16,0.625,11.518093612717676,10,-1.5180936127176758,68.69300731347508,67,-1.693007313475074
