Team,Score,FG Makes,FG Attempts,FG%,FG xP,FG Actual,FG Performance,FT Makes,FT Attempts,FT%,FT xP,FT Actual,FT Performance,Total xP,Total Actual,Total Performance
Belmont,83,33,60,0.55,54.08043068205264,75,20.919569317947346,8,17,0.47058823529411764,12.237974463512531,8,-4.237974463512531,66.3184051455652,83,16.681594854434817
Oral Roberts,60,18,59,0.3050847457627119,56.42829186939336,40,-16.428291869393362,20,26,0.7692307692307693,18.716902120666223,20,1.2830978793337766,75.14519399005958,60,-15.145193990059587
