Team,Score,FG Makes,FG Attempts,FG%,FG xP,FG Actual,FG Performance,FT Makes,FT Attempts,FT%,FT xP,FT Actual,FT Performance,Total xP,Total Actual,Total Performance
Nicholls,51,16,53,0.3018867924528302,50.171094669131996,36,-14.171094669131987,15,22,0.6818181818181818,15.83790053993291,15,-0.8379005399329111,66.00899520906489,51,-15.008995209064901
Kentucky,77,29,62,0.46774193548387094,62.90438575712689,65,2.095614242873105,12,22,0.5454545454545454,15.83790053993291,12,-3.837900539932911,78.7422862970598,77,-1.742286297059807
