Team,Score,FG Makes,FG Attempts,FG%,FG xP,FG Actual,FG Performance,FT Makes,FT Attempts,FT%,FT xP,FT Actual,FT Performance,Total xP,Total Actual,Total Performance
Seton Hall,85,29,56,0.5178571428571429,54.26470185740325,65,10.735298142596745,20,24,0.8333333333333334,17.277157272163375,20,2.7228427278366243,71.54185912956665,85,13.458140870433368
NC State,74,25,59,0.423728813559322,58.9895189640544,58,-0.9895189640543967,16,22,0.7272727272727273,15.83739416614976,16,0.16260583385023875,74.82691313020415,74,-0.8269131302041588
