Team,Score,FG Makes,FG Attempts,FG%,FG xP,FG Actual,FG Performance,FT Makes,FT Attempts,FT%,FT xP,FT Actual,FT Performance,Total xP,Total Actual,Total Performance
Southern,75,29,61,0.47540983606557374,62.58514573029161,68,5.4148542697083855,7,13,0.5384615384615384,9.358460189088495,7,-2.358460189088495,71.9436059193801,75,3.0563940806198904
Northwestern State,73,26,59,0.4406779661016949,61.19370096706896,63,1.806299032931026,10,15,0.6666666666666666,10.79822329510211,10,-0.7982232951021098,71.99192426217108,73,1.008075737828916
