Team,Score,FG Makes,FG Attempts,FG%,FG xP,FG Actual,FG Performance,FT Makes,FT Attempts,FT%,FT xP,FT Actual,FT Performance,Total xP,Total Actual,Total Performance
Texas Southern,67,23,54,0.42592592592592593,51.33500260546799,49,-2.3350026054679875,18,29,0.6206896551724138,20.876544673050788,18,-2.8765446730507884,72.21154727851878,67,-5.211547278518774
Texas State,77,24,45,0.5333333333333333,46.37768555661742,53,6.622314443382585,24,32,0.75,23.036187225435352,24,0.9638127745646474,69.41387278205276,77,7.586127217947231
