Team,Score,FG Makes,FG Attempts,FG%,FG xP,FG Actual,FG Performance,FT Makes,FT Attempts,FT%,FT xP,FT Actual,FT Performance,Total xP,Total Actual,Total Performance
UT Arlington,63,23,62,0.3709677419354839,60.50128160646041,47,-13.501281606460408,16,26,0.6153846153846154,18.71692037817699,16,-2.71692037817699,79.2182019846374,63,-16.218201984637396
Arkansas State,83,29,60,0.48333333333333334,57.192000008517056,62,4.807999991482945,21,29,0.7241379310344828,20.876565037197413,21,0.12343496280258726,78.06856504571448,83,4.93143495428553
