Team,Score,FG Makes,FG Attempts,FG%,FG xP,FG Actual,FG Performance,FT Makes,FT Attempts,FT%,FT xP,FT Actual,FT Performance,Total xP,Total Actual,Total Performance
Texas A&M,95,30,68,0.4411764705882353,69.48423235587282,75,5.515767644127177,20,25,0.8,17.99761424992376,20,2.0023857500762374,87.48184660579659,95,7.518153394203411
Florida State,59,21,73,0.2876712328767123,75.93352750801826,51,-24.933527508018273,8,17,0.47058823529411764,12.238377689948159,8,-4.238377689948159,88.17190519796644,59,-29.17190519796643
