Team,Score,FG Makes,FG Attempts,FG%,FG xP,FG Actual,FG Performance,FT Makes,FT Attempts,FT%,FT xP,FT Actual,FT Performance,Total xP,Total Actual,Total Performance
Nevada,78,25,60,0.4166666666666667,56.55944962953866,60,3.440550370461339,18,21,0.8571428571428571,15.11749786669195,18,2.8825021333080496,71.67694749623061,78,6.323052503769387
Washington State,64,20,51,0.39215686274509803,50.17328988511381,47,-3.173289885113802,17,22,0.7727272727272727,15.837378717486803,17,1.1626212825131954,66.0106686026006,64,-2.0106686026006093
