Team,Score,FG Makes,FG Attempts,FG%,FG xP,FG Actual,FG Performance,FT Makes,FT Attempts,FT%,FT xP,FT Actual,FT Performance,Total xP,Total Actual,Total Performance
Eastern Washington,97,37,62,0.5967741935483871,59.02559164392403,83,23.974408356075966,14,19,0.7368421052631579,13.677736165102239,14,0.3222638348977599,72.70332780902626,97,24.296672190973727
Colorado,102,32,63,0.5079365079365079,65.86991354105685,75,9.130086458943154,27,39,0.6923076923076923,28.075353180999333,27,-1.0753531809993344,93.94526672205619,102,8.054733277943818
