Team,Score,FG Makes,FG Attempts,FG%,FG xP,FG Actual,FG Performance,FT Makes,FT Attempts,FT%,FT xP,FT Actual,FT Performance,Total xP,Total Actual,Total Performance
UNLV,76,30,71,0.4225352112676056,68.65274627854302,69,0.3472537214569842,7,14,0.5,10.078331911127966,7,-3.078331911127967,78.73107818967098,76,-2.731078189670984
Alabama,115,36,65,0.5538461538461539,64.91278150093987,86,21.08721849906013,29,35,0.8285714285714286,25.195829777819917,29,3.8041702221800833,90.10861127875978,115,24.89138872124021
