Team,Score,FG Makes,FG Attempts,FG%,FG xP,FG Actual,FG Performance,FT Makes,FT Attempts,FT%,FT xP,FT Actual,FT Performance,Total xP,Total Actual,Total Performance
SE Louisiana,68,24,66,0.36363636363636365,65.43393484626642,52,-13.433934846266425,16,18,0.8888888888888888,12.957855314307384,16,3.0421446856926146,78.3917901605738,68,-10.391790160573809
Mississippi State,75,25,55,0.45454545454545453,53.18055224016199,59,5.8194477598380026,16,23,0.6956521739130435,16.55725956828166,16,-0.5572595682816592,69.73781180844367,75,5.262188191556341
