Team,Score,FG Makes,FG Attempts,FG%,FG xP,FG Actual,FG Performance,FT Makes,FT Attempts,FT%,FT xP,FT Actual,FT Performance,Total xP,Total Actual,Total Performance
Kansas City,61,24,56,0.42857142857142855,52.93907789616606,54,1.0609221038339296,7,14,0.5,10.078331911127966,7,-3.0783319111279663,63.01740980729403,61,-2.017409807294037
Weber State,82,29,55,0.5272727272727272,57.09052110176497,68,10.909478898235038,14,20,0.7,14.397617015897094,14,-0.39761701589709464,71.48813811766206,82,10.511861882337945
