Team,Score,FG Makes,FG Attempts,FG%,FG xP,FG Actual,FG Performance,FT Makes,FT Attempts,FT%,FT xP,FT Actual,FT Performance,Total xP,Total Actual,Total Performance
Princeton,57,18,58,0.3103448275862069,56.02485451118817,46,-10.024854511188169,11,16,0.6875,11.518093612717676,11,-0.5180936127176762,67.54294812390586,57,-10.542948123905848
Kansas,76,25,53,0.4716981132075472,52.45936704320543,55,2.540632956794563,21,28,0.75,20.156663822255933,21,0.8433361777440675,72.61603086546137,76,3.3839691345386314
