Team,Score,FG Makes,FG Attempts,FG%,FG xP,FG Actual,FG Performance,FT Makes,FT Attempts,FT%,FT xP,FT Actual,FT Performance,Total xP,Total Actual,Total Performance
New Hampshire,66,25,64,0.390625,62.02535649865328,58,-4.025356498653284,8,9,0.8888888888888888,6.478927657153693,8,1.521072342846307,68.50428415580697,66,-2.5042841558069773
Providence,98,37,66,0.5606060606060606,68.75155485130458,84,15.248445148695422,14,22,0.6363636363636364,15.837378717486805,14,-1.8373787174868048,84.58893356879139,98,13.411066431208617
