Team,Score,FG Makes,FG Attempts,FG%,FG xP,FG Actual,FG Performance,FT Makes,FT Attempts,FT%,FT xP,FT Actual,FT Performance,Total xP,Total Actual,Total Performance
Delaware State,65,24,54,0.4444444444444444,50.27512666031976,55,4.724873339680233,10,13,0.7692307692307693,9.358451060333111,10,0.6415489396668883,59.63357772065288,65,5.36642227934712
Temple,83,31,57,0.543859649122807,54.63098936146504,70,15.369010638534961,13,22,0.5909090909090909,15.837378717486803,13,-2.837378717486805,70.46836807895184,83,12.531631921048156
