Team,Score,FG Makes,FG Attempts,FG%,FG xP,FG Actual,FG Performance,FT Makes,FT Attempts,FT%,FT xP,FT Actual,FT Performance,Total xP,Total Actual,Total Performance
Cal Poly,82,30,69,0.43478260869565216,66.25938578725562,67,0.7406142127443684,15,21,0.7142857142857143,15.117497866691949,15,-0.11749786669194973,81.37688365394757,82,0.6231163460524165
Montana,90,29,64,0.453125,63.57195572573052,67,3.428044274269482,23,29,0.7931034482758621,20.876544673050788,23,2.1234553269492125,84.4485003987813,90,5.551499601218696
