Team,Score,FG Makes,FG Attempts,FG%,FG xP,FG Actual,FG Performance,FT Makes,FT Attempts,FT%,FT xP,FT Actual,FT Performance,Total xP,Total Actual,Total Performance
Winthrop,83,32,67,0.47761194029850745,66.73357762346696,79,12.266422376533056,4,6,0.6666666666666666,4.319289318040844,4,-0.31928931804084404,71.0528669415078,83,11.947133058492211
Arkansas,84,29,58,0.5,57.901455736203026,64,6.098544263796979,20,22,0.9090909090909091,15.83739416614976,20,4.162605833850239,73.73884990235278,84,10.261150097647217
