Team,Score,FG Makes,FG Attempts,FG%,FG xP,FG Actual,FG Performance,FT Makes,FT Attempts,FT%,FT xP,FT Actual,FT Performance,Total xP,Total Actual,Total Performance
Western Illinois,75,28,59,0.4745762711864407,54.4059053355477,62,7.594094664452297,13,20,0.65,14.397617015897094,13,-1.3976170158970946,68.8035223514448,75,6.196477648555202
Radford,80,27,51,0.5294117647058824,50.169151949795,60,9.830848050204992,20,31,0.6451612903225806,22.316306374640497,20,-2.3163063746404973,72.48545832443551,80,7.514541675564496
