Team,Score,FG Makes,FG Attempts,FG%,FG xP,FG Actual,FG Performance,FT Makes,FT Attempts,FT%,FT xP,FT Actual,FT Performance,Total xP,Total Actual,Total Performance
Jacksonville,65,22,64,0.34375,65.3908166587439,56,-9.390816658743894,9,14,0.6428571428571429,10.078331911127966,9,-1.0783319111279666,75.46914856987186,65,-10.46914856987186
Florida International,88,27,48,0.5625,48.15448213028798,65,16.845517869712012,23,30,0.7666666666666667,21.596425523845642,23,1.4035744761543572,69.75090765413363,88,18.249092345866373
