Team,Score,FG Makes,FG Attempts,FG%,FG xP,FG Actual,FG Performance,FT Makes,FT Attempts,FT%,FT xP,FT Actual,FT Performance,Total xP,Total Actual,Total Performance
UT Rio Grande Valley,81,30,61,0.4918032786885246,61.534268470065605,71,9.465731529934393,10,11,0.9090909090909091,7.918689358743403,10,2.0813106412565974,69.45295782880902,81,11.54704217119099
Baylor,96,32,65,0.49230769230769234,65.08476509285191,75,9.91523490714809,21,32,0.65625,23.03618722543535,21,-2.036187225435352,88.12095231828727,96,7.8790476817127395
