Team,Score,FG Makes,FG Attempts,FG%,FG xP,FG Actual,FG Performance,FT Makes,FT Attempts,FT%,FT xP,FT Actual,FT Performance,Total xP,Total Actual,Total Performance
Central Michigan,65,21,53,0.39622641509433965,53.73318121508508,49,-4.733181215085077,16,23,0.6956521739130435,16.557275719156568,16,-0.5572757191565687,70.29045693424165,65,-5.290456934241646
Saint Louis,107,40,69,0.5797101449275363,71.76764057634307,91,19.23235942365693,16,22,0.7272727272727273,15.83739416614976,16,0.16260583385023897,87.60503474249283,107,19.394965257507167
