Team,Score,FG Makes,FG Attempts,FG%,FG xP,FG Actual,FG Performance,FT Makes,FT Attempts,FT%,FT xP,FT Actual,FT Performance,Total xP,Total Actual,Total Performance
Incarnate Word,67,22,58,0.3793103448275862,55.573840777546145,45,-10.573840777546147,22,30,0.7333333333333333,21.596425523845642,22,0.4035744761543578,77.17026630139179,67,-10.170266301391791
Nicholls,74,19,43,0.4418604651162791,43.364681728056624,47,3.635318271943375,27,38,0.7105263157894737,27.35547233020448,27,-0.35547233020448044,70.7201540582611,74,3.279845941738894
