Team,Score,FG Makes,FG Attempts,FG%,FG xP,FG Actual,FG Performance,FT Makes,FT Attempts,FT%,FT xP,FT Actual,FT Performance,Total xP,Total Actual,Total Performance
Pacific,85,32,57,0.5614035087719298,55.778173788634774,71,15.221826211365226,14,17,0.8235294117647058,12.237974463512531,14,1.7620255364874695,68.0161482521473,85,16.983851747852693
Cal State Fullerton,73,25,74,0.33783783783783783,75.03669192541668,56,-19.036691925416676,17,22,0.7727272727272727,15.837378717486805,17,1.1626212825131956,90.87407064290348,73,-17.874070642903483
