Team,Score,FG Makes,FG Attempts,FG%,FG xP,FG Actual,FG Performance,FT Makes,FT Attempts,FT%,FT xP,FT Actual,FT Performance,Total xP,Total Actual,Total Performance
Liberty,79,30,54,0.5555555555555556,55.456694980192935,70,14.543305019807066,9,18,0.5,12.95786795412253,9,-3.957867954122532,68.41456293431546,79,10.585437065684538
Vermont,73,27,56,0.48214285714285715,54.84290638709576,62,7.157093612904244,11,15,0.7333333333333333,10.79822329510211,11,0.20177670489789,65.64112968219787,73,7.358870317802136
