Team,Score,FG Makes,FG Attempts,FG%,FG xP,FG Actual,FG Performance,FT Makes,FT Attempts,FT%,FT xP,FT Actual,FT Performance,Total xP,Total Actual,Total Performance
Middle Tennessee,61,21,69,0.30434782608695654,66.34449330675906,52,-14.344493306759057,9,12,0.75,8.638854839963406,9,0.3611451600365937,74.98334814672246,61,-13.983348146722461
Michigan,86,31,67,0.4626865671641791,66.18162648211161,67,0.8183735178883945,19,26,0.7307692307692307,18.717518819920713,19,0.2824811800792866,84.89914530203231,86,1.1008546979676788
