Team,Score,FG Makes,FG Attempts,FG%,FG xP,FG Actual,FG Performance,FT Makes,FT Attempts,FT%,FT xP,FT Actual,FT Performance,Total xP,Total Actual,Total Performance
UC Riverside,60,18,59,0.3050847457627119,59.41444672012246,41,-18.414446720122463,19,28,0.6785714285714286,20.156663822255933,19,-1.1566638222559327,79.57111054237839,60,-19.571110542378396
UC Irvine,73,23,52,0.4423076923076923,52.66184413000083,56,3.3381558699991745,17,26,0.6538461538461539,18.716902120666223,17,-1.7169021206662238,71.37874625066705,73,1.6212537493329497
