Team,Score,FG Makes,FG Attempts,FG%,FG xP,FG Actual,FG Performance,FT Makes,FT Attempts,FT%,FT xP,FT Actual,FT Performance,Total xP,Total Actual,Total Performance
Sacred Heart,64,23,65,0.35384615384615387,64.59470046606447,56,-8.594700466064474,8,11,0.7272727272727273,7.918689358743402,8,0.0813106412565976,72.51338982480787,64,-8.513389824807875
Queens University,81,29,59,0.4915254237288136,62.62266045062411,74,11.377339549375892,7,8,0.875,5.759046806358837,7,1.240953193641162,68.38170725698296,81,12.618292743017053
