Team,Score,FG Makes,FG Attempts,FG%,FG xP,FG Actual,FG Performance,FT Makes,FT Attempts,FT%,FT xP,FT Actual,FT Performance,Total xP,Total Actual,Total Performance
Northern Arizona,71,27,73,0.3698630136986301,67.64585934222556,64,-3.6458593422255623,7,12,0.5833333333333334,8.638570209538257,7,-1.6385702095382573,76.28442955176382,71,-5.284429551763821
Drake,77,27,60,0.45,58.719157118151244,61,2.2808428818487605,16,22,0.7272727272727273,15.837378717486803,16,0.16262128251319563,74.55653583563804,77,2.443464164361956
