Team,Score,FG Makes,FG Attempts,FG%,FG xP,FG Actual,FG Performance,FT Makes,FT Attempts,FT%,FT xP,FT Actual,FT Performance,Total xP,Total Actual,Total Performance
Youngstown State,90,27,56,0.48214285714285715,53.63660344741586,66,12.363396552584145,24,30,0.8,21.596425523845642,24,2.4035744761543576,75.2330289712615,90,14.7669710287385
Grand Canyon,81,32,66,0.48484848484848486,61.90610574334275,66,4.093894256657258,15,22,0.6818181818181818,15.837378717486803,15,-0.8373787174868041,77.74348446082954,81,3.2565155391704534
