Team,Score,FG Makes,FG Attempts,FG%,FG xP,FG Actual,FG Performance,FT Makes,FT Attempts,FT%,FT xP,FT Actual,FT Performance,Total xP,Total Actual,Total Performance
UMass Lowell,75,28,64,0.4375,65.13550538362303,63,-2.1355053836230233,12,25,0.48,17.997021269871368,12,-5.99702126987137,83.13252665349438,75,-8.132526653494391
Stonehill,64,23,70,0.32857142857142857,70.89228854638638,57,-13.892288546386386,7,9,0.7777777777777778,6.478927657153692,7,0.5210723428463074,77.37121620354009,64,-13.37121620354008
