Team,Score,FG Makes,FG Attempts,FG%,FG xP,FG Actual,FG Performance,FT Makes,FT Attempts,FT%,FT xP,FT Actual,FT Performance,Total xP,Total Actual,Total Performance
Michigan State,83,32,64,0.5,62.08939832553081,75,12.91060167446919,8,10,0.8,7.198808507948548,8,0.8011914920514525,69.28820683347935,83,13.711793166520641
Kentucky,66,20,57,0.3508771929824561,57.486967793107446,47,-10.486967793107446,19,22,0.8636363636363636,15.837378717486805,19,3.162621282513195,73.32434651059425,66,-7.324346510594251
