Team,Score,FG Makes,FG Attempts,FG%,FG xP,FG Actual,FG Performance,FT Makes,FT Attempts,FT%,FT xP,FT Actual,FT Performance,Total xP,Total Actual,Total Performance
Massachusetts,65,26,56,0.4642857142857143,55.02311415964378,59,3.976885840356214,6,13,0.46153846153846156,9.358451060333111,6,-3.358451060333112,64.3815652199769,65,0.6184347800231014
Charleston,69,21,49,0.42857142857142855,49.991669679646016,45,-4.991669679646013,24,29,0.8275862068965517,20.876544673050788,24,3.123455326949212,70.8682143526968,69,-1.8682143526967998
