Team,Score,FG Makes,FG Attempts,FG%,FG xP,FG Actual,FG Performance,FT Makes,FT Attempts,FT%,FT xP,FT Actual,FT Performance,Total xP,Total Actual,Total Performance
Colgate,72,28,52,0.5384615384615384,51.3300921840173,59,7.669907815982699,13,17,0.7647058823529411,12.23797446351253,13,0.7620255364874693,63.56806664752983,72,8.431933352470168
Siena,69,25,58,0.43103448275862066,58.08840317407697,54,-4.088403174076968,15,18,0.8333333333333334,12.957855314307384,15,2.042144685692614,71.04625848838435,69,-2.046258488384354
