Team,Score,FG Makes,FG Attempts,FG%,FG xP,FG Actual,FG Performance,FT Makes,FT Attempts,FT%,FT xP,FT Actual,FT Performance,Total xP,Total Actual,Total Performance
Lipscomb,88,29,58,0.5,57.964811464880725,69,11.035188535119275,19,26,0.7307692307692307,18.716902120666223,19,0.28309787933377617,76.68171358554694,88,11.318286414453054
Southeast Missouri State,77,25,61,0.4098360655737705,60.27784615758203,54,-6.277846157582033,23,30,0.7666666666666667,21.596425523845642,23,1.4035744761543572,81.87427168142769,77,-4.874271681427677
