Team,Score,FG Makes,FG Attempts,FG%,FG xP,FG Actual,FG Performance,FT Makes,FT Attempts,FT%,FT xP,FT Actual,FT Performance,Total xP,Total Actual,Total Performance
Southern Utah,70,26,55,0.4727272727272727,54.044269498323985,55,0.9557305016760096,15,17,0.8823529411764706,12.237986401115725,15,2.762013598884275,66.28225589943972,70,3.717744100560283
Stetson,68,27,58,0.46551724137931033,57.026234472776046,60,2.9737655272239585,8,10,0.8,7.198815530068074,8,0.8011844699319266,64.22505000284411,68,3.774949997155885
