Team,Score,FG Makes,FG Attempts,FG%,FG xP,FG Actual,FG Performance,FT Makes,FT Attempts,FT%,FT xP,FT Actual,FT Performance,Total xP,Total Actual,Total Performance
North Carolina,67,26,64,0.40625,60.63044233201615,58,-2.6304423320161536,9,15,0.6,10.798568549954258,9,-1.7985685499542579,71.42901088197041,67,-4.429010881970412
Kentucky,64,23,53,0.4339622641509434,51.41620056910705,47,-4.4162005691070485,17,22,0.7727272727272727,15.83790053993291,17,1.162099460067089,67.25410110903995,64,-3.254101109039961
