Team,Score,FG Makes,FG Attempts,FG%,FG xP,FG Actual,FG Performance,FT Makes,FT Attempts,FT%,FT xP,FT Actual,FT Performance,Total xP,Total Actual,Total Performance
Bryant,56,21,56,0.375,57.014812170282354,50,-7.014812170282359,6,7,0.8571428571428571,5.039165955563983,6,0.9608340444360167,62.05397812584634,56,-6.053978125846343
Brown,75,27,64,0.421875,64.18933031305654,66,1.810669686943451,9,16,0.5625,11.518093612717676,9,-2.518093612717676,75.70742392577422,75,-0.7074239257742247
