Team,Score,FG Makes,FG Attempts,FG%,FG xP,FG Actual,FG Performance,FT Makes,FT Attempts,FT%,FT xP,FT Actual,FT Performance,Total xP,Total Actual,Total Performance
Southern Utah,70,26,55,0.4727272727272727,54.044269498323985,55,0.9557305016760096,15,17,0.8823529411764706,12.237974463512531,15,2.762025536487469,66.28224396183651,70,3.717756038163477
Stetson,68,27,58,0.46551724137931033,57.026234472776046,60,2.9737655272239585,8,10,0.8,7.198808507948548,8,0.8011914920514525,64.2250429807246,68,3.7749570192754107
