Team,Score,FG Makes,FG Attempts,FG%,FG xP,FG Actual,FG Performance,FT Makes,FT Attempts,FT%,FT xP,FT Actual,FT Performance,Total xP,Total Actual,Total Performance
Middle Tennessee,62,22,52,0.4230769230769231,50.38521032472321,54,3.6147896752767834,8,14,0.5714285714285714,10.078331911127966,8,-2.0783319111279663,60.463542235851186,62,1.5364577641488153
McNeese,72,22,58,0.3793103448275862,55.45052209711561,49,-6.450522097115614,23,25,0.92,17.997021269871368,23,5.002978730128631,73.44754336698698,72,-1.4475433669869837
