Team,Score,FG Makes,FG Attempts,FG%,FG xP,FG Actual,FG Performance,FT Makes,FT Attempts,FT%,FT xP,FT Actual,FT Performance,Total xP,Total Actual,Total Performance
East Tennessee State,78,30,63,0.47619047619047616,59.321413956196494,70,10.67858604380351,8,14,0.5714285714285714,10.078331911127966,8,-2.0783319111279663,69.39974586732447,78,8.600254132675541
North Alabama,74,24,55,0.43636363636363634,51.7633526146797,57,5.236647385320309,17,21,0.8095238095238095,15.117497866691949,17,1.8825021333080503,66.88085048137164,74,7.119149518628359
