Team,Score,FG Makes,FG Attempts,FG%,FG xP,FG Actual,FG Performance,FT Makes,FT Attempts,FT%,FT xP,FT Actual,FT Performance,Total xP,Total Actual,Total Performance
Southern Utah,70,27,59,0.4576271186440678,60.7781044082714,61,0.22189559172858964,9,14,0.6428571428571429,10.078341742095303,9,-1.0783417420953025,70.85644615036671,70,-0.8564461503667147
Oregon State,81,29,56,0.5178571428571429,55.819804204162224,66,10.180195795837776,15,19,0.7894736842105263,13.67774950712934,15,1.3222504928706602,69.49755371129157,81,11.502446288708436
