Team,Score,FG Makes,FG Attempts,FG%,FG xP,FG Actual,FG Performance,FT Makes,FT Attempts,FT%,FT xP,FT Actual,FT Performance,Total xP,Total Actual,Total Performance
Purdue,87,31,66,0.4696969696969697,62.857205646386475,71,8.142794353613528,16,23,0.6956521739130435,16.557805109929863,16,-0.5578051099298613,79.41501075631633,87,7.584989243683666
Alabama,80,28,66,0.42424242424242425,68.81204974177764,72,3.1879502582223527,8,10,0.8,7.199045699969505,8,0.8009543000304948,76.01109544174714,80,3.988904558252848
