Team,Score,FG Makes,FG Attempts,FG%,FG xP,FG Actual,FG Performance,FT Makes,FT Attempts,FT%,FT xP,FT Actual,FT Performance,Total xP,Total Actual,Total Performance
UNLV,65,25,63,0.3968253968253968,61.39537895352653,55,-6.395378953526539,10,16,0.625,11.518104848108917,10,-1.5181048481089177,72.91348380163546,65,-7.913483801635458
Rutgers,80,24,57,0.42105263157894735,53.986087662807634,52,-1.9860876628076307,28,36,0.7777777777777778,25.91573590824506,28,2.0842640917549353,79.90182357105272,80,0.09817642894730483
