Team,Score,FG Makes,FG Attempts,FG%,FG xP,FG Actual,FG Performance,FT Makes,FT Attempts,FT%,FT xP,FT Actual,FT Performance,Total xP,Total Actual,Total Performance
Arkansas-Pine Bluff,72,29,60,0.48333333333333334,59.50559397707784,66,6.494406022922163,6,7,0.8571428571428571,5.039165955563983,6,0.9608340444360169,64.54475993264182,72,7.455240067358179
DePaul,76,22,55,0.4,55.39630624567664,47,-8.396306245676643,29,41,0.7073170731707317,29.515114882589046,29,-0.5151148825890444,84.91142112826569,76,-8.911421128265689
