Team,Score,FG Makes,FG Attempts,FG%,FG xP,FG Actual,FG Performance,FT Makes,FT Attempts,FT%,FT xP,FT Actual,FT Performance,Total xP,Total Actual,Total Performance
Eastern Illinois,62,25,54,0.46296296296296297,51.910791338398724,56,4.089208661601283,6,9,0.6666666666666666,6.478927657153692,6,-0.47892765715369245,58.389718995552414,62,3.6102810044475895
Purdue,109,41,65,0.6307692307692307,64.14433558409463,93,28.85566441590537,16,18,0.8888888888888888,12.957855314307386,16,3.0421446856926146,77.10219089840201,109,31.897809101597986
