Team,Player,FG Makes,FG Attempts,FG%,FG xP,FG Actual,FG Performance,FT Makes,FT Attempts,FT%,FT xP,FT Actual,FT Performance,Total xP,Total Actual,Total Performance
BYU,AJ Dybantsa,7,12,0.5833333333333334,10.812222347232979,15,4.187777652767021,3,4,0.75,2.8795262120272294,3,0.12047378797277064,13.691748559260208,18,4.308251440739792
BYU,Kennard Davis Jr.,2,7,0.2857142857142857,6.879103982511431,5,-1.879103982511431,0,1,0.0,0.7198815530068073,0,-0.7198815530068073,7.5989855355182385,5,-2.5989855355182385
BYU,Robert Wright III,9,16,0.5625,15.63120397980342,20,4.36879602019658,3,3,1.0,2.159644659020422,3,0.8403553409795781,17.790848638823842,23,5.209151361176158
BYU,Keba Keita,2,3,0.6666666666666666,2.904640702929565,4,1.0953592970704351,4,5,0.8,3.599407765034037,4,0.4005922349659632,6.504048467963601,8,1.4959515320363987
BYU,Richie Saunders,9,15,0.6,16.33276829696531,24,7.667231703034691,5,5,1.0,3.599407765034037,5,1.4005922349659632,19.932176061999346,29,9.067823938000654
BYU,Tyler Mrus,0,1,0.0,1.565201538244532,0,-1.565201538244532,0,0,0.0,0.0,0,0.0,1.565201538244532,0,-1.565201538244532
BYU,Aleksej Kostić,0,1,0.0,0.8598113100612318,0,-0.8598113100612318,0,0,0.0,0.0,0,0.0,0.8598113100612318,0,-0.8598113100612318
BYU,Dominique Diomande,0,1,0.0,0.7274631259858606,0,-0.7274631259858606,0,0,0.0,0.0,0,0.0,0.7274631259858606,0,-0.7274631259858606
Dayton,Keonte Jones,4,8,0.5,8.14581569281368,8,-0.14581569281367912,0,2,0.0,1.4397631060136147,0,-1.4397631060136147,9.585578798827294,8,-1.585578798827294
Dayton,De'Shayne Montgomery,4,11,0.36363636363636365,10.702088167698632,10,-0.7020881676986317,1,1,1.0,0.7198815530068073,1,0.28011844699319266,11.42196972070544,11,-0.42196972070543914
Dayton,Amaël L'Etang,5,13,0.38461538461538464,13.447518029712224,12,-1.4475180297122243,1,2,0.5,1.4397631060136147,1,-0.4397631060136147,14.88728113572584,13,-1.8872811357258392
Dayton,Javon Bennett,7,16,0.4375,15.561599274227715,20,4.438400725772285,2,2,1.0,1.4397631060136147,2,0.5602368939863853,17.00136238024133,22,4.9986376197586715
Dayton,Jordan Derkack,2,3,0.6666666666666666,3.457949321713404,5,1.542050678286596,2,7,0.2857142857142857,5.039170871047651,2,-3.0391708710476513,8.497120192761056,7,-1.4971201927610558
Dayton,Bryce Heard,6,7,0.8571428571428571,6.999168727732576,16,9.000831272267424,0,0,0.0,0.0,0,0.0,6.999168727732576,16,9.000831272267424
Dayton,Jacob Conner,1,4,0.25,4.183061970245579,2,-2.1830619702455794,0,0,0.0,0.0,0,0.0,4.183061970245579,2,-2.1830619702455794
