Team,Score,FG Makes,FG Attempts,FG%,FG xP,FG Actual,FG Performance,FT Makes,FT Attempts,FT%,FT xP,FT Actual,FT Performance,Total xP,Total Actual,Total Performance
Yale,97,33,66,0.5,65.33307842770046,78,12.66692157229954,19,23,0.8260869565217391,16.55725956828166,19,2.4427404317183408,81.89033799598211,97,15.109662004017878
Navy,68,22,50,0.44,49.65875954083855,47,-2.658759540838553,21,28,0.75,20.156663822255933,21,0.8433361777440667,69.81542336309448,68,-1.8154233630944854
