Team,Score,FG Makes,FG Attempts,FG%,FG xP,FG Actual,FG Performance,FT Makes,FT Attempts,FT%,FT xP,FT Actual,FT Performance,Total xP,Total Actual,Total Performance
Furman,97,31,61,0.5081967213114754,62.62712956180939,73,10.37287043819061,24,31,0.7741935483870968,22.316306374640497,24,1.6836936253595023,84.94343593644989,97,12.05656406355011
Elon,88,29,68,0.4264705882352941,70.44487215809073,69,-1.44487215809073,19,25,0.76,17.997021269871368,19,1.0029787301286313,88.4418934279621,88,-0.44189342796209896
