Team,Score,FG Makes,FG Attempts,FG%,FG xP,FG Actual,FG Performance,FT Makes,FT Attempts,FT%,FT xP,FT Actual,FT Performance,Total xP,Total Actual,Total Performance
UC San Diego,87,26,56,0.4642857142857143,57.72810595904083,64,6.271894040959166,23,31,0.7419354838709677,22.316306374640497,23,0.6836936253595026,80.04441233368132,87,6.955587666318667
Bradley,77,26,62,0.41935483870967744,61.81124364306696,66,4.188756356933039,11,15,0.7333333333333333,10.798212761922821,11,0.20178723807717858,72.60945640498977,77,4.390543595010218
