Team,Score,FG Makes,FG Attempts,FG%,FG xP,FG Actual,FG Performance,FT Makes,FT Attempts,FT%,FT xP,FT Actual,FT Performance,Total xP,Total Actual,Total Performance
Georgia State,49,17,58,0.29310344827586204,58.2222363997734,41,-17.222236399773397,8,12,0.6666666666666666,8.638570209538257,8,-0.6385702095382567,66.86080660931164,49,-17.860806609311652
Eastern Michigan,71,31,73,0.4246575342465753,71.15085888149487,65,-6.150858881494869,6,11,0.5454545454545454,7.918689358743402,6,-1.9186893587434022,79.06954824023826,71,-8.069548240238273
