Team,Score,FG Makes,FG Attempts,FG%,FG xP,FG Actual,FG Performance,FT Makes,FT Attempts,FT%,FT xP,FT Actual,FT Performance,Total xP,Total Actual,Total Performance
UMass Lowell,77,25,52,0.4807692307692308,49.04684258261855,55,5.953157417381448,22,26,0.8461538461538461,18.716902120666223,22,3.283097879333776,67.76374470328477,77,9.236255296715226
Bradley,87,29,56,0.5178571428571429,54.448066109096416,68,13.551933890903587,19,26,0.7307692307692307,18.716902120666223,19,0.2830978793337764,73.16496822976264,87,13.83503177023736
