Team,Score,FG Makes,FG Attempts,FG%,FG xP,FG Actual,FG Performance,FT Makes,FT Attempts,FT%,FT xP,FT Actual,FT Performance,Total xP,Total Actual,Total Performance
Radford,74,24,70,0.34285714285714286,68.87253315802216,55,-13.872533158022163,19,31,0.6129032258064516,22.316306374640497,19,-3.3163063746404977,91.18883953266267,74,-17.188839532662662
North Carolina,89,25,65,0.38461538461538464,67.34326821918589,58,-9.343268219185896,31,49,0.6326530612244898,35.274161688947885,31,-4.274161688947883,102.61742990813376,89,-13.61742990813378
