Team,Score,FG Makes,FG Attempts,FG%,FG xP,FG Actual,FG Performance,FT Makes,FT Attempts,FT%,FT xP,FT Actual,FT Performance,Total xP,Total Actual,Total Performance
Stanford,78,24,64,0.375,65.71635550916895,61,-4.716355509168949,17,24,0.7083333333333334,17.277140419076513,17,-0.27714041907651454,82.99349592824547,78,-4.993495928245466
Saint Louis,77,23,61,0.3770491803278688,61.958736323622475,51,-10.958736323622473,26,28,0.9285714285714286,20.156663822255933,26,5.843336177744067,82.11540014587841,77,-5.115400145878407
