Team,Score,FG Makes,FG Attempts,FG%,FG xP,FG Actual,FG Performance,FT Makes,FT Attempts,FT%,FT xP,FT Actual,FT Performance,Total xP,Total Actual,Total Performance
Pennsylvania,81,25,70,0.35714285714285715,64.57328611744983,62,-2.57328611744982,19,24,0.7916666666666666,17.277140419076513,19,1.7228595809234857,81.85042653652633,81,-0.8504265365263333
Providence,106,36,67,0.5373134328358209,67.2038873305644,85,17.79611266943559,21,23,0.9130434782608695,16.55725956828166,21,4.442740431718341,83.76114689884608,106,22.23885310115393
