Team,Score,FG Makes,FG Attempts,FG%,FG xP,FG Actual,FG Performance,FT Makes,FT Attempts,FT%,FT xP,FT Actual,FT Performance,Total xP,Total Actual,Total Performance
Cornell,90,32,76,0.42105263157894735,75.24169806662104,77,1.7583019333789824,13,19,0.6842105263157895,13.67774950712934,13,-0.6777495071293395,88.91944757375035,90,1.0805524262496418
Samford,93,32,58,0.5517241379310345,59.12607003992308,70,10.873929960076925,23,33,0.696969696969697,23.756091249224642,23,-0.7560912492246421,82.88216128914772,93,10.11783871085228
