Team,Score,FG Makes,FG Attempts,FG%,FG xP,FG Actual,FG Performance,FT Makes,FT Attempts,FT%,FT xP,FT Actual,FT Performance,Total xP,Total Actual,Total Performance
Brown,58,21,54,0.3888888888888889,49.40400448174822,46,-3.404004481748209,12,16,0.75,11.518104848108917,12,0.48189515189108234,60.922109329857136,58,-2.9221093298571263
Maine,53,21,49,0.42857142857142855,46.80335415679245,47,0.1966458432075484,6,11,0.5454545454545454,7.91869708307488,6,-1.9186970830748806,54.72205123986733,53,-1.722051239867334
