Team,Score,FG Makes,FG Attempts,FG%,FG xP,FG Actual,FG Performance,FT Makes,FT Attempts,FT%,FT xP,FT Actual,FT Performance,Total xP,Total Actual,Total Performance
Maryland,89,29,55,0.5272727272727272,56.05038662568487,66,9.949613374315131,23,27,0.8518518518518519,19.436782971461078,23,3.5632170285389213,75.48716959714595,89,13.512830402854052
Marquette,82,28,76,0.3684210526315789,77.10904231838441,67,-10.109042318384402,15,22,0.6818181818181818,15.837378717486803,15,-0.8373787174868044,92.94642103587121,82,-10.946421035871206
