Team,Score,FG Makes,FG Attempts,FG%,FG xP,FG Actual,FG Performance,FT Makes,FT Attempts,FT%,FT xP,FT Actual,FT Performance,Total xP,Total Actual,Total Performance
Morehead State,52,22,59,0.3728813559322034,56.12694712066438,47,-9.12694712066438,5,10,0.5,7.198808507948548,5,-2.1988085079485473,63.32575562861294,52,-11.325755628612928
Murray State,84,27,63,0.42857142857142855,65.6534536476755,64,-1.653453647675509,20,29,0.6896551724137931,20.876544673050788,20,-0.876544673050788,86.5299983207263,84,-2.5299983207262993
