Team,Score,FG Makes,FG Attempts,FG%,FG xP,FG Actual,FG Performance,FT Makes,FT Attempts,FT%,FT xP,FT Actual,FT Performance,Total xP,Total Actual,Total Performance
Arkansas-Pine Bluff,70,23,59,0.3898305084745763,54.47148504678663,50,-4.471485046786635,20,26,0.7692307692307693,18.716902120666223,20,1.2830978793337764,73.18838716745286,70,-3.188387167452862
Marshall,98,34,64,0.53125,61.49814551842214,81,19.50185448157786,17,21,0.8095238095238095,15.11749786669195,17,1.8825021333080498,76.61564338511408,98,21.38435661488591
