Team,Score,FG Makes,FG Attempts,FG%,FG xP,FG Actual,FG Performance,FT Makes,FT Attempts,FT%,FT xP,FT Actual,FT Performance,Total xP,Total Actual,Total Performance
Alabama State,64,22,55,0.4,55.02628730283062,49,-6.026287302830617,15,19,0.7894736842105263,13.677736165102239,15,1.32226383489776,68.70402346793286,64,-4.704023467932858
Air Force,66,21,42,0.5,43.92931220888006,51,7.070687791119936,15,23,0.6521739130434783,16.55725956828166,15,-1.5572595682816597,60.48657177716172,66,5.513428222838276
