Team,Score,FG Makes,FG Attempts,FG%,FG xP,FG Actual,FG Performance,FT Makes,FT Attempts,FT%,FT xP,FT Actual,FT Performance,Total xP,Total Actual,Total Performance
Canisius,57,17,54,0.3148148148148148,56.49933469934974,39,-17.49933469934974,18,28,0.6428571428571429,20.156683484190605,18,-2.156683484190605,76.65601818354034,57,-19.656018183540347
Saint Peter's,69,21,55,0.38181818181818183,55.7584763565614,48,-7.758476356561404,21,26,0.8076923076923077,18.71692037817699,21,2.283079621823009,74.4753967347384,69,-5.475396734738399
