Team,Score,FG Makes,FG Attempts,FG%,FG xP,FG Actual,FG Performance,FT Makes,FT Attempts,FT%,FT xP,FT Actual,FT Performance,Total xP,Total Actual,Total Performance
South Carolina State,66,21,56,0.375,53.556174727852394,46,-7.5561747278523965,20,27,0.7407407407407407,19.43742338991766,20,0.5625766100823357,72.99359811777008,66,-6.993598117770062
Missouri,98,34,66,0.5151515151515151,67.77772672091515,75,7.222273279084849,23,30,0.7666666666666667,21.597137099908515,23,1.402862900091485,89.37486382082366,98,8.625136179176332
