Team,Score,FG Makes,FG Attempts,FG%,FG xP,FG Actual,FG Performance,FT Makes,FT Attempts,FT%,FT xP,FT Actual,FT Performance,Total xP,Total Actual,Total Performance
Jackson State,66,23,56,0.4107142857142857,54.040035477607255,52,-2.0400354776072547,14,19,0.7368421052631579,13.678186829942058,14,0.3218131700579404,67.71822230754931,66,-1.7182223075493128
Auburn,112,42,65,0.6461538461538462,66.29630798455986,97,30.703692015440133,15,19,0.7894736842105263,13.67818682994206,15,1.32181317005794,79.97449481450195,112,32.02550518549807
