Team,Score,FG Makes,FG Attempts,FG%,FG xP,FG Actual,FG Performance,FT Makes,FT Attempts,FT%,FT xP,FT Actual,FT Performance,Total xP,Total Actual,Total Performance
Coppin State,58,23,62,0.3709677419354839,59.857908301279735,52,-7.857908301279742,6,10,0.6,7.198815530068073,6,-1.1988155300680732,67.05672383134781,58,-9.056723831347817
VCU,101,34,61,0.5573770491803278,61.20484781697999,76,14.795152183020011,25,32,0.78125,23.036209696217835,25,1.9637903037821651,84.24105751319783,101,16.758942486802173
