Team,Score,FG Makes,FG Attempts,FG%,FG xP,FG Actual,FG Performance,FT Makes,FT Attempts,FT%,FT xP,FT Actual,FT Performance,Total xP,Total Actual,Total Performance
UNC Wilmington,77,29,77,0.37662337662337664,77.69564736438092,64,-13.695647364380928,13,18,0.7222222222222222,12.957855314307386,13,0.042144685692614536,90.65350267868831,77,-13.65350267868831
Kent State,86,27,53,0.5094339622641509,51.724085971791844,69,17.275914028208156,17,24,0.7083333333333334,17.277140419076513,17,-0.27714041907651366,69.00122639086835,86,16.99877360913164
