Team,Score,FG Makes,FG Attempts,FG%,FG xP,FG Actual,FG Performance,FT Makes,FT Attempts,FT%,FT xP,FT Actual,FT Performance,Total xP,Total Actual,Total Performance
North Carolina A&T,74,24,47,0.5106382978723404,44.81561652692364,56,11.184383473076362,18,30,0.6,21.59644659020422,18,-3.5964465902042195,66.41206311712786,74,7.587936882872144
Davidson,90,31,55,0.5636363636363636,53.17989801037216,70,16.820101989627837,20,35,0.5714285714285714,25.195854355238257,20,-5.195854355238257,78.37575236561042,90,11.624247634389578
