Team,Score,FG Makes,FG Attempts,FG%,FG xP,FG Actual,FG Performance,FT Makes,FT Attempts,FT%,FT xP,FT Actual,FT Performance,Total xP,Total Actual,Total Performance
Northern Kentucky,56,21,58,0.3620689655172414,58.9363253089359,51,-7.9363253089358965,5,13,0.38461538461538464,9.358759409960356,5,-4.358759409960356,68.29508471889626,56,-12.295084718896252
Tennessee,95,34,65,0.5230769230769231,65.32635191361896,80,14.673648086381032,15,19,0.7894736842105263,13.67818682994206,15,1.32181317005794,79.00453874356101,95,15.995461256438972
