Team,Score,FG Makes,FG Attempts,FG%,FG xP,FG Actual,FG Performance,FT Makes,FT Attempts,FT%,FT xP,FT Actual,FT Performance,Total xP,Total Actual,Total Performance
Central Arkansas,57,19,60,0.31666666666666665,59.16631760739114,51,-8.166317607391154,6,8,0.75,5.759046806358838,6,0.24095319364116197,64.92536441374999,57,-7.925364413749993
East Tennessee State,80,30,58,0.5172413793103449,56.74544788430775,72,15.254552115692245,8,16,0.5,11.518093612717676,8,-3.5180936127176756,68.26354149702544,80,11.736458502974568
