Team,Score,FG Makes,FG Attempts,FG%,FG xP,FG Actual,FG Performance,FT Makes,FT Attempts,FT%,FT xP,FT Actual,FT Performance,Total xP,Total Actual,Total Performance
North Dakota,78,27,55,0.4909090909090909,55.765574431690276,61,5.23442556830973,17,20,0.85,14.397617015897094,17,2.6023829841029054,70.16319144758737,78,7.8368085524126325
Western Illinois,69,24,53,0.4528301886792453,53.44576575968089,58,4.55423424031911,11,21,0.5238095238095238,15.117497866691949,11,-4.1174978666919495,68.56326362637284,69,0.43673637362715967
