Team,Score,FG Makes,FG Attempts,FG%,FG xP,FG Actual,FG Performance,FT Makes,FT Attempts,FT%,FT xP,FT Actual,FT Performance,Total xP,Total Actual,Total Performance
UCLA,82,28,53,0.5283018867924528,50.32889247035921,65,14.671107529640791,17,24,0.7083333333333334,17.277140419076513,17,-0.27714041907651354,67.60603288943572,82,14.393967110564276
Washington,80,31,60,0.5166666666666667,59.22761869480267,71,11.772381305197323,9,12,0.75,8.638570209538257,9,0.36142979046174295,67.86618890434093,80,12.133811095659064
