Team,Score,FG Makes,FG Attempts,FG%,FG xP,FG Actual,FG Performance,FT Makes,FT Attempts,FT%,FT xP,FT Actual,FT Performance,Total xP,Total Actual,Total Performance
St. Thomas-Minnesota,76,25,61,0.4098360655737705,60.196496796583446,62,1.803503203416554,14,18,0.7777777777777778,12.957855314307386,14,1.0421446856926142,73.15435211089084,76,2.8456478891091663
Portland,66,28,59,0.4745762711864407,58.87889397695936,62,3.121106023040631,4,7,0.5714285714285714,5.039165955563983,4,-1.0391659555639832,63.91805993252335,66,2.081940067476647
