Team,Score,FG Makes,FG Attempts,FG%,FG xP,FG Actual,FG Performance,FT Makes,FT Attempts,FT%,FT xP,FT Actual,FT Performance,Total xP,Total Actual,Total Performance
New Orleans,70,24,61,0.39344262295081966,62.60992940736696,55,-7.609929407366961,15,21,0.7142857142857143,15.117497866691949,15,-0.1174978666919495,77.72742727405891,70,-7.72742727405891
Memphis,86,33,67,0.4925373134328358,67.48407415656825,76,8.515925843431724,10,14,0.7142857142857143,10.078331911127966,10,-0.07833191112796656,77.56240606769623,86,8.437593932303756
