Team,Score,FG Makes,FG Attempts,FG%,FG xP,FG Actual,FG Performance,FT Makes,FT Attempts,FT%,FT xP,FT Actual,FT Performance,Total xP,Total Actual,Total Performance
Chicago State,86,26,66,0.3939393939393939,62.7103285138491,58,-4.7103285138491024,28,35,0.8,25.195829777819917,28,2.8041702221800837,87.90615829166902,86,-1.9061582916690205
Saint Louis,108,33,62,0.532258064516129,63.021504813755385,78,14.978495186244613,30,33,0.9090909090909091,23.756068076230207,30,6.243931923769793,86.77757288998559,108,21.2224271100144
