Team,Score,FG Makes,FG Attempts,FG%,FG xP,FG Actual,FG Performance,FT Makes,FT Attempts,FT%,FT xP,FT Actual,FT Performance,Total xP,Total Actual,Total Performance
USC,70,24,54,0.4444444444444444,52.1147132058983,59,6.885286794101699,11,17,0.6470588235294118,12.237986401115723,11,-1.2379864011157247,64.35269960701403,70,5.647300392985972
Boise State,67,26,63,0.4126984126984127,59.027445344182645,57,-2.0274453441826426,10,11,0.9090909090909091,7.91869708307488,10,2.081302916925119,66.94614242725751,67,0.05385757274247727
