Team,Score,FG Makes,FG Attempts,FG%,FG xP,FG Actual,FG Performance,FT Makes,FT Attempts,FT%,FT xP,FT Actual,FT Performance,Total xP,Total Actual,Total Performance
Stetson,45,18,53,0.33962264150943394,53.11717023134753,41,-12.117170231347533,4,10,0.4,7.198808507948547,4,-3.1988085079485473,60.315978739296085,45,-15.315978739296078
Grand Canyon,67,23,53,0.4339622641509434,51.898249051389335,51,-0.898249051389336,16,23,0.6956521739130435,16.55725956828166,16,-0.5572595682816592,68.455508619671,67,-1.4555086196709952
