Team,Score,FG Makes,FG Attempts,FG%,FG xP,FG Actual,FG Performance,FT Makes,FT Attempts,FT%,FT xP,FT Actual,FT Performance,Total xP,Total Actual,Total Performance
Green Bay,80,25,64,0.390625,64.85811658495183,60,-4.858116584951834,20,26,0.7692307692307693,18.716902120666223,20,1.283097879333777,83.57501870561805,80,-3.5750187056180556
Iona,75,25,62,0.4032258064516129,62.70598792859794,61,-1.7059879285979385,14,19,0.7368421052631579,13.67773616510224,14,0.3222638348977598,76.38372409370017,75,-1.3837240937001791
