Team,Score,FG Makes,FG Attempts,FG%,FG xP,FG Actual,FG Performance,FT Makes,FT Attempts,FT%,FT xP,FT Actual,FT Performance,Total xP,Total Actual,Total Performance
Merrimack,57,16,56,0.2857142857142857,56.17811905718739,40,-16.17811905718739,17,24,0.7083333333333334,17.277157272163375,17,-0.2771572721633757,73.45527632935077,57,-16.45527632935077
Auburn,95,31,62,0.5,60.64404922999583,68,7.355950770004167,27,37,0.7297297297297297,26.63561746125187,27,0.364382538748129,87.27966669124771,95,7.720333308752295
