Team,Score,FG Makes,FG Attempts,FG%,FG xP,FG Actual,FG Performance,FT Makes,FT Attempts,FT%,FT xP,FT Actual,FT Performance,Total xP,Total Actual,Total Performance
Georgetown,61,24,72,0.3333333333333333,67.95396116138275,52,-15.953961161382756,9,12,0.75,8.638570209538257,9,0.36142979046174295,76.59253137092101,61,-15.592531370921014
North Carolina,81,29,60,0.48333333333333334,59.07087324756675,67,7.929126752433248,14,21,0.6666666666666666,15.117497866691949,14,-1.1174978666919495,74.1883711142587,81,6.811628885741299
