Team,Score,FG Makes,FG Attempts,FG%,FG xP,FG Actual,FG Performance,FT Makes,FT Attempts,FT%,FT xP,FT Actual,FT Performance,Total xP,Total Actual,Total Performance
Central Arkansas,54,20,64,0.3125,61.73689559935323,48,-13.73689559935323,6,9,0.6666666666666666,6.478927657153693,6,-0.4789276571536928,68.21582325650692,54,-14.215823256506924
North Carolina,94,33,65,0.5076923076923077,67.04999959272423,76,8.950000407275759,18,22,0.8181818181818182,15.837378717486803,18,2.1626212825131956,82.88737831021105,94,11.112621689788954
