Team,Score,FG Makes,FG Attempts,FG%,FG xP,FG Actual,FG Performance,FT Makes,FT Attempts,FT%,FT xP,FT Actual,FT Performance,Total xP,Total Actual,Total Performance
Northern Iowa,60,23,57,0.40350877192982454,55.554342096205716,53,-2.5543420962057173,7,10,0.7,7.198808507948547,7,-0.19880850794854732,62.753150604154264,60,-2.753150604154266
Tulsa,63,20,49,0.40816326530612246,47.62869868550704,49,1.3713013144929573,14,15,0.9333333333333333,10.798212761922821,14,3.201787238077179,58.42691144742986,63,4.5730885525701375
