Team,Score,FG Makes,FG Attempts,FG%,FG xP,FG Actual,FG Performance,FT Makes,FT Attempts,FT%,FT xP,FT Actual,FT Performance,Total xP,Total Actual,Total Performance
Boston College,76,29,66,0.4393939393939394,62.81495847563541,66,3.1850415243645953,10,16,0.625,11.518093612717674,10,-1.5180936127176756,74.33305208835309,76,1.6669479116469175
Temple,71,23,67,0.34328358208955223,61.389205091717045,51,-10.389205091717045,20,27,0.7407407407407407,19.436782971461078,20,0.5632170285389215,80.8259880631781,71,-9.825988063178123
