Team,Score,FG Makes,FG Attempts,FG%,FG xP,FG Actual,FG Performance,FT Makes,FT Attempts,FT%,FT xP,FT Actual,FT Performance,Total xP,Total Actual,Total Performance
Sacred Heart,106,34,67,0.5074626865671642,65.43156375730531,81,15.56843624269468,25,26,0.9615384615384616,18.716902120666223,25,6.283097879333776,84.14846587797153,106,21.851534122028458
Central Connecticut,108,38,62,0.6129032258064516,60.352471121727895,83,22.64752887827211,25,33,0.7575757575757576,23.756068076230207,25,1.2439319237697934,84.10853919795808,108,23.8914608020419
