Team,Score,FG Makes,FG Attempts,FG%,FG xP,FG Actual,FG Performance,FT Makes,FT Attempts,FT%,FT xP,FT Actual,FT Performance,Total xP,Total Actual,Total Performance
UC Davis,69,25,59,0.423728813559322,60.465127616130886,54,-6.465127616130881,15,21,0.7142857142857143,15.117497866691949,15,-0.11749786669194939,75.58262548282283,69,-6.582625482822831
Hawai'i,75,25,46,0.5434782608695652,47.66530514424205,57,9.33469485575796,18,31,0.5806451612903226,22.316306374640497,18,-4.316306374640497,69.98161151888254,75,5.0183884811174595
