Team,Score,FG Makes,FG Attempts,FG%,FG xP,FG Actual,FG Performance,FT Makes,FT Attempts,FT%,FT xP,FT Actual,FT Performance,Total xP,Total Actual,Total Performance
VMI,57,17,61,0.2786885245901639,62.41133968569938,42,-20.411339685699378,15,21,0.7142857142857143,15.117497866691949,15,-0.11749786669194928,77.52883755239134,57,-20.52883755239133
UCF,82,32,80,0.4,82.41724039996936,68,-14.417240399969362,14,17,0.8235294117647058,12.237974463512531,14,1.7620255364874693,94.6552148634819,82,-12.655214863481895
