Team,Score,FG Makes,FG Attempts,FG%,FG xP,FG Actual,FG Performance,FT Makes,FT Attempts,FT%,FT xP,FT Actual,FT Performance,Total xP,Total Actual,Total Performance
South Alabama,65,23,55,0.41818181818181815,55.64728290108929,56,0.35271709891070246,9,16,0.5625,11.518104848108917,9,-2.518104848108917,67.16538774919822,65,-2.1653877491982167
East Tennessee State,91,35,72,0.4861111111111111,74.85874156166147,84,9.141258438338518,7,9,0.7777777777777778,6.478933977061266,7,0.5210660229387338,81.33767553872275,91,9.66232446127725
