Team,Score,FG Makes,FG Attempts,FG%,FG xP,FG Actual,FG Performance,FT Makes,FT Attempts,FT%,FT xP,FT Actual,FT Performance,Total xP,Total Actual,Total Performance
Princeton,69,25,67,0.373134328358209,65.9663376575561,54,-11.966337657556094,15,23,0.6521739130434783,16.55725956828166,15,-1.5572595682816595,82.52359722583776,69,-13.523597225837754
Iona,89,29,58,0.5,59.922268454269684,68,8.077731545730314,21,27,0.7777777777777778,19.436782971461078,21,1.5632170285389217,79.35905142573075,89,9.640948574269236
