Team,Score,FG Makes,FG Attempts,FG%,FG xP,FG Actual,FG Performance,FT Makes,FT Attempts,FT%,FT xP,FT Actual,FT Performance,Total xP,Total Actual,Total Performance
Lehigh,47,16,46,0.34782608695652173,43.77282093682474,39,-4.772820936824746,8,11,0.7272727272727273,7.918689358743403,8,0.0813106412565976,51.69151029556814,47,-4.69151029556815
West Virginia,69,23,49,0.46938775510204084,46.95157524859814,53,6.0484247514018525,16,25,0.64,17.997021269871368,16,-1.9970212698713685,64.94859651846951,69,4.051403481530483
