Team,Score,FG Makes,FG Attempts,FG%,FG xP,FG Actual,FG Performance,FT Makes,FT Attempts,FT%,FT xP,FT Actual,FT Performance,Total xP,Total Actual,Total Performance
North Carolina Central,62,22,53,0.41509433962264153,52.203683085310715,51,-1.2036830853107194,11,15,0.7333333333333333,10.79822329510211,11,0.20177670489789012,63.001906380412834,62,-1.0019063804128303
James Madison,67,18,52,0.34615384615384615,51.14933994301375,45,-6.14933994301375,22,32,0.6875,23.03620969621783,22,-1.0362096962178349,74.18554963923158,67,-7.185549639231584
