Team,Score,FG Makes,FG Attempts,FG%,FG xP,FG Actual,FG Performance,FT Makes,FT Attempts,FT%,FT xP,FT Actual,FT Performance,Total xP,Total Actual,Total Performance
Oklahoma,75,29,61,0.47540983606557374,59.486862501134716,69,9.513137498865287,6,9,0.6666666666666666,6.478927657153692,6,-0.47892765715369257,65.9657901582884,75,9.034209841711593
Marquette,74,27,67,0.40298507462686567,67.37579975170122,63,-4.375799751701214,11,15,0.7333333333333333,10.798212761922821,11,0.20178723807717858,78.17401251362405,74,-4.174012513624035
