Team,Score,FG Makes,FG Attempts,FG%,FG xP,FG Actual,FG Performance,FT Makes,FT Attempts,FT%,FT xP,FT Actual,FT Performance,Total xP,Total Actual,Total Performance
Maine,57,23,55,0.41818181818181815,54.35303354506767,50,-4.35303354506767,7,10,0.7,7.198815530068074,7,-0.1988155300680733,61.55184907513574,57,-4.5518490751357445
Ohio,79,33,71,0.4647887323943662,71.02947520595526,72,0.9705247940447341,7,7,1.0,5.039170871047651,7,1.9608291289523487,76.06864607700291,79,2.931353922997082
