Team,Score,FG Makes,FG Attempts,FG%,FG xP,FG Actual,FG Performance,FT Makes,FT Attempts,FT%,FT xP,FT Actual,FT Performance,Total xP,Total Actual,Total Performance
Minnesota,60,23,54,0.42592592592592593,51.12986188925613,51,-0.12986188925612785,9,17,0.5294117647058824,12.237974463512531,9,-3.2379744635125305,63.367836352768656,60,-3.3678363527686574
Missouri,83,29,49,0.5918367346938775,46.438183202635116,69,22.561816797364887,14,20,0.7,14.397617015897096,14,-0.3976170158970953,60.835800218532206,83,22.164199781467797
