Team,Score,FG Makes,FG Attempts,FG%,FG xP,FG Actual,FG Performance,FT Makes,FT Attempts,FT%,FT xP,FT Actual,FT Performance,Total xP,Total Actual,Total Performance
Rutgers,60,24,67,0.3582089552238806,65.2725254558534,54,-11.272525455853403,6,9,0.6666666666666666,6.479141129972555,6,-0.47914112997255465,71.75166658582596,60,-11.75166658582596
Michigan,101,39,65,0.6,69.6302831331802,91,21.369716866819804,10,15,0.6666666666666666,10.798568549954258,10,-0.7985685499542575,80.42885168313444,101,20.571148316865546
