Team,Score,FG Makes,FG Attempts,FG%,FG xP,FG Actual,FG Performance,FT Makes,FT Attempts,FT%,FT xP,FT Actual,FT Performance,Total xP,Total Actual,Total Performance
Kennesaw State,83,27,59,0.4576271186440678,59.973034664879606,60,0.026965335120388012,23,35,0.6571428571428571,25.195854355238254,23,-2.1958543552382563,85.16888902011786,83,-2.1688890201178674
Oral Roberts,91,27,48,0.5625,46.73409627951347,67,20.26590372048653,24,28,0.8571428571428571,20.156683484190605,24,3.843316515809394,66.89077976370407,91,24.109220236295926
