Team,Score,FG Makes,FG Attempts,FG%,FG xP,FG Actual,FG Performance,FT Makes,FT Attempts,FT%,FT xP,FT Actual,FT Performance,Total xP,Total Actual,Total Performance
Kennesaw State,83,27,59,0.4576271186440678,59.973034664879606,60,0.026965335120388012,23,35,0.6571428571428571,25.195829777819917,23,-2.195829777819916,85.16886444269953,83,-2.168864442699527
Oral Roberts,91,27,48,0.5625,46.73409627951347,67,20.26590372048653,24,28,0.8571428571428571,20.156663822255933,24,3.8433361777440664,66.89076010176939,91,24.109239898230598
