Team,Score,FG Makes,FG Attempts,FG%,FG xP,FG Actual,FG Performance,FT Makes,FT Attempts,FT%,FT xP,FT Actual,FT Performance,Total xP,Total Actual,Total Performance
UMBC,73,27,52,0.5192307692307693,50.33065003320813,61,10.669349966791872,12,15,0.8,10.79822329510211,12,1.20177670489789,61.12887332831024,73,11.871126671689762
Bucknell,66,24,61,0.39344262295081966,59.47963349024809,54,-5.47963349024809,12,17,0.7058823529411765,12.237986401115725,12,-0.23798640111572433,71.71761989136381,66,-5.717619891363812
