Team,Score,FG Makes,FG Attempts,FG%,FG xP,FG Actual,FG Performance,FT Makes,FT Attempts,FT%,FT xP,FT Actual,FT Performance,Total xP,Total Actual,Total Performance
Furman,71,25,57,0.43859649122807015,53.23994900407706,57,3.7600509959229376,14,19,0.7368421052631579,13.677736165102239,14,0.3222638348977598,66.91768516917931,71,4.082314830820696
High Point,97,40,69,0.5797101449275363,63.27511411825758,89,25.724885881742427,8,15,0.5333333333333333,10.798212761922821,8,-2.7982127619228208,74.0733268801804,97,22.926673119819608
