Team,Score,FG Makes,FG Attempts,FG%,FG xP,FG Actual,FG Performance,FT Makes,FT Attempts,FT%,FT xP,FT Actual,FT Performance,Total xP,Total Actual,Total Performance
Florida A&M,82,33,56,0.5892857142857143,54.00355587427248,79,24.99644412572752,3,6,0.5,4.319285104769128,3,-1.3192851047691285,58.32284097904161,82,23.677159020958392
Jacksonville,85,30,70,0.42857142857142855,69.76194276059807,72,2.238057239401925,13,19,0.6842105263157895,13.67773616510224,13,-0.6777361651022398,83.43967892570032,85,1.5603210742996825
