Team,Score,FG Makes,FG Attempts,FG%,FG xP,FG Actual,FG Performance,FT Makes,FT Attempts,FT%,FT xP,FT Actual,FT Performance,Total xP,Total Actual,Total Performance
Northern Colorado,86,31,67,0.4626865671641791,67.43804018102537,70,2.561959818974623,16,18,0.8888888888888888,12.957855314307386,16,3.042144685692614,80.39589549533275,86,5.604104504667237
Portland,80,32,71,0.4507042253521127,70.79954195084323,68,-2.799541950843232,12,16,0.75,11.518093612717676,12,0.48190638728232416,82.31763556356091,80,-2.31763556356091
