Team,Score,FG Makes,FG Attempts,FG%,FG xP,FG Actual,FG Performance,FT Makes,FT Attempts,FT%,FT xP,FT Actual,FT Performance,Total xP,Total Actual,Total Performance
Presbyterian,63,21,46,0.45652173913043476,45.868435612358525,48,2.131564387641471,15,19,0.7894736842105263,13.677736165102239,15,1.32226383489776,59.54617177746077,63,3.453828222539232
Georgia State,61,21,54,0.3888888888888889,53.490290202360114,48,-5.490290202360113,13,18,0.7222222222222222,12.957855314307384,13,0.042144685692614536,66.44814551666751,61,-5.4481455166675
