Team,Score,FG Makes,FG Attempts,FG%,FG xP,FG Actual,FG Performance,FT Makes,FT Attempts,FT%,FT xP,FT Actual,FT Performance,Total xP,Total Actual,Total Performance
St. Francis (PA),57,20,59,0.3389830508474576,59.08096318010931,46,-13.08096318010931,11,15,0.7333333333333333,10.798212761922821,11,0.2017872380771788,69.87917594203212,57,-12.87917594203213
Belmont,94,34,58,0.5862068965517241,61.112109836931744,83,21.88789016306826,11,14,0.7857142857142857,10.078331911127966,11,0.9216680888720334,71.1904417480597,94,22.80955825194029
