Team,Score,FG Makes,FG Attempts,FG%,FG xP,FG Actual,FG Performance,FT Makes,FT Attempts,FT%,FT xP,FT Actual,FT Performance,Total xP,Total Actual,Total Performance
Maryland Eastern Shore,50,18,58,0.3103448275862069,54.332423883710604,43,-11.3324238837106,7,9,0.7777777777777778,6.478927657153693,7,0.5210723428463073,60.811351540864294,50,-10.811351540864294
Nebraska,69,24,61,0.39344262295081966,62.66856512849579,54,-8.668565128495786,15,18,0.8333333333333334,12.957855314307386,15,2.042144685692614,75.62642044280318,69,-6.626420442803173
