Team,Score,FG Makes,FG Attempts,FG%,FG xP,FG Actual,FG Performance,FT Makes,FT Attempts,FT%,FT xP,FT Actual,FT Performance,Total xP,Total Actual,Total Performance
Liberty,79,30,54,0.5555555555555556,55.456694980192935,70,14.543305019807066,9,18,0.5,12.957855314307384,9,-3.9578553143073854,68.41455029450032,79,10.585449705499684
Vermont,73,27,56,0.48214285714285715,54.84290638709576,62,7.157093612904244,11,15,0.7333333333333333,10.798212761922821,11,0.2017872380771788,65.64111914901858,73,7.358880850981425
