Team,Score,FG Makes,FG Attempts,FG%,FG xP,FG Actual,FG Performance,FT Makes,FT Attempts,FT%,FT xP,FT Actual,FT Performance,Total xP,Total Actual,Total Performance
Siena,66,21,53,0.39622641509433965,50.809019953044995,48,-2.8090199530449964,18,24,0.75,17.277140419076513,18,0.7228595809234859,68.08616037212151,66,-2.086160372121512
St. Bonaventure,75,31,59,0.5254237288135594,56.24452905419422,65,8.75547094580578,10,15,0.6666666666666666,10.798212761922821,10,-0.7982127619228214,67.04274181611704,75,7.957258183882956
