Team,Score,FG Makes,FG Attempts,FG%,FG xP,FG Actual,FG Performance,FT Makes,FT Attempts,FT%,FT xP,FT Actual,FT Performance,Total xP,Total Actual,Total Performance
Tulane,93,31,60,0.5166666666666667,57.350681488290924,67,9.649318511709073,26,36,0.7222222222222222,25.91571062861477,26,0.0842893713852284,83.26639211690569,93,9.733607883094297
Boston College,90,26,63,0.4126984126984127,60.14305118670143,62,1.8569488132985659,28,36,0.7777777777777778,25.915710628614768,28,2.0842893713852293,86.05876181531619,90,3.9412381846837943
