Team,Score,FG Makes,FG Attempts,FG%,FG xP,FG Actual,FG Performance,FT Makes,FT Attempts,FT%,FT xP,FT Actual,FT Performance,Total xP,Total Actual,Total Performance
Toledo,81,31,55,0.5636363636363636,52.02268971968846,67,14.97731028031154,14,19,0.7368421052631579,13.67773616510224,14,0.32226383489775956,65.7004258847907,81,15.299574115209296
Wright State,71,26,47,0.5531914893617021,45.76019954895221,58,12.239800451047786,13,15,0.8666666666666667,10.798212761922821,13,2.201787238077179,56.55841231087503,71,14.441587689124963
