Team,Score,FG Makes,FG Attempts,FG%,FG xP,FG Actual,FG Performance,FT Makes,FT Attempts,FT%,FT xP,FT Actual,FT Performance,Total xP,Total Actual,Total Performance
Austin Peay,50,18,57,0.3157894736842105,53.851719938341695,38,-15.851719938341697,12,19,0.631578947368421,13.67773616510224,12,-1.6777361651022402,67.52945610344393,50,-17.52945610344394
UT Rio Grande Valley,63,24,55,0.43636363636363634,52.56932604464433,54,1.430673955355672,9,11,0.8181818181818182,7.918689358743402,9,1.0813106412565976,60.488015403387735,63,2.511984596612268
