Team,Score,FG Makes,FG Attempts,FG%,FG xP,FG Actual,FG Performance,FT Makes,FT Attempts,FT%,FT xP,FT Actual,FT Performance,Total xP,Total Actual,Total Performance
Florida Gulf Coast,77,30,59,0.5084745762711864,56.544740638072376,67,10.455259361927617,10,15,0.6666666666666666,10.798212761922821,10,-0.7982127619228212,67.3429533999952,77,9.657046600004797
Samford,62,21,62,0.3387096774193548,62.29744092627006,49,-13.297440926270061,13,24,0.5416666666666666,17.277140419076513,13,-4.277140419076514,79.57458134534657,62,-17.57458134534658
