Team,Score,FG Makes,FG Attempts,FG%,FG xP,FG Actual,FG Performance,FT Makes,FT Attempts,FT%,FT xP,FT Actual,FT Performance,Total xP,Total Actual,Total Performance
Illinois State,68,27,62,0.43548387096774194,61.17710392735243,62,0.8228960726475805,6,11,0.5454545454545454,7.918689358743402,6,-1.9186893587434022,69.09579328609581,68,-1.095793286095823
Ohio,72,28,55,0.509090909090909,53.372280416354364,57,3.6277195836456393,15,27,0.5555555555555556,19.436782971461078,15,-4.436782971461078,72.80906338781543,72,-0.8090633878154403
