Team,Score,FG Makes,FG Attempts,FG%,FG xP,FG Actual,FG Performance,FT Makes,FT Attempts,FT%,FT xP,FT Actual,FT Performance,Total xP,Total Actual,Total Performance
Southern,66,24,61,0.39344262295081966,59.010380984174695,55,-4.010380984174702,11,14,0.7857142857142857,10.078331911127966,11,0.9216680888720332,69.08871289530265,66,-3.0887128953026703
San José State,80,25,53,0.4716981132075472,53.30919292848272,58,4.690807071517275,22,29,0.7586206896551724,20.876544673050788,22,1.1234553269492127,74.18573760153352,80,5.8142623984664885
