Team,Score,FG Makes,FG Attempts,FG%,FG xP,FG Actual,FG Performance,FT Makes,FT Attempts,FT%,FT xP,FT Actual,FT Performance,Total xP,Total Actual,Total Performance
Austin Peay,69,26,65,0.4,65.30272094943908,59,-6.302720949439083,10,16,0.625,11.518093612717676,10,-1.5180936127176758,76.82081456215676,69,-7.820814562156761
UNC Greensboro,63,21,54,0.3888888888888889,53.69927556630858,48,-5.699275566308576,15,24,0.625,17.277140419076513,15,-2.277140419076514,70.97641598538509,63,-7.976415985385091
