Team,Score,FG Makes,FG Attempts,FG%,FG xP,FG Actual,FG Performance,FT Makes,FT Attempts,FT%,FT xP,FT Actual,FT Performance,Total xP,Total Actual,Total Performance
Detroit Mercy,71,26,58,0.4482758620689655,54.351998416967156,57,2.6480015830328374,14,19,0.7368421052631579,13.677749507129338,14,0.32225049287066065,68.02974792409651,71,2.9702520759034967
Cleveland State,59,18,58,0.3103448275862069,60.33986861402436,45,-15.339868614024365,14,20,0.7,14.397631060136145,14,-0.39763106013614635,74.7374996741605,59,-15.737499674160512
