Team,Score,FG Makes,FG Attempts,FG%,FG xP,FG Actual,FG Performance,FT Makes,FT Attempts,FT%,FT xP,FT Actual,FT Performance,Total xP,Total Actual,Total Performance
UAB,74,25,57,0.43859649122807015,53.12392602176037,53,-0.12392602176037215,21,28,0.75,20.156663822255933,21,0.8433361777440669,73.2805898440163,74,0.7194101559836943
Drake,69,24,62,0.3870967741935484,59.89832342682794,57,-2.898323426827938,12,16,0.75,11.518093612717676,12,0.4819063872823237,71.4164170395456,69,-2.4164170395456144
