Team,Score,FG Makes,FG Attempts,FG%,FG xP,FG Actual,FG Performance,FT Makes,FT Attempts,FT%,FT xP,FT Actual,FT Performance,Total xP,Total Actual,Total Performance
UC Riverside,88,34,63,0.5396825396825397,60.97128145969232,72,11.028718540307683,16,24,0.6666666666666666,17.277140419076513,16,-1.2771404190765139,78.24842187876882,88,9.751578121231166
Cal Poly,84,27,57,0.47368421052631576,58.057926258329125,63,4.942073741670877,21,26,0.8076923076923077,18.716902120666223,21,2.283097879333776,76.77482837899535,84,7.225171621004652
