Team,Score,FG Makes,FG Attempts,FG%,FG xP,FG Actual,FG Performance,FT Makes,FT Attempts,FT%,FT xP,FT Actual,FT Performance,Total xP,Total Actual,Total Performance
Purdue Fort Wayne,92,32,68,0.47058823529411764,69.1024903069671,79,9.897509693032893,13,20,0.65,14.397631060136145,13,-1.3976310601361466,83.50012136710325,92,8.499878632896746
Oakland,101,35,66,0.5303030303030303,66.39944316495351,83,16.600556835046504,18,24,0.75,17.277157272163375,18,0.7228427278366242,83.67660043711687,101,17.323399562883125
