Team,Score,FG Makes,FG Attempts,FG%,FG xP,FG Actual,FG Performance,FT Makes,FT Attempts,FT%,FT xP,FT Actual,FT Performance,Total xP,Total Actual,Total Performance
East Tennessee State,64,21,55,0.38181818181818183,51.878389498676675,48,-3.8783894986766776,16,21,0.7619047619047619,15.117497866691949,16,0.8825021333080503,66.99588736536862,64,-2.9958873653686293
Presbyterian,68,21,48,0.4375,45.70505857838768,49,3.2949414216123256,19,26,0.7307692307692307,18.716902120666223,19,0.28309787933377695,64.4219606990539,68,3.5780393009461045
