Team,Score,FG Makes,FG Attempts,FG%,FG xP,FG Actual,FG Performance,FT Makes,FT Attempts,FT%,FT xP,FT Actual,FT Performance,Total xP,Total Actual,Total Performance
Western Carolina,63,23,64,0.359375,61.3576679764079,55,-6.357667976407898,8,14,0.5714285714285714,10.078331911127966,8,-2.078331911127967,71.43599988753587,63,-8.435999887535866
Cincinnati,94,32,59,0.5423728813559322,56.0783939681425,74,17.92160603185749,20,30,0.6666666666666666,21.596425523845642,20,-1.596425523845642,77.67481949198816,94,16.325180508011847
