Team,Score,FG Makes,FG Attempts,FG%,FG xP,FG Actual,FG Performance,FT Makes,FT Attempts,FT%,FT xP,FT Actual,FT Performance,Total xP,Total Actual,Total Performance
Washington,68,23,69,0.3333333333333333,65.42279761475235,54,-11.422797614752358,14,15,0.9333333333333333,10.79822329510211,14,3.20177670489789,76.22102090985447,68,-8.221020909854467
Colorado,81,25,54,0.46296296296296297,52.65182738982577,58,5.348172610174231,23,32,0.71875,23.036209696217835,23,-0.03620969621783465,75.68803708604361,81,5.311962913956396
