Team,Score,FG Makes,FG Attempts,FG%,FG xP,FG Actual,FG Performance,FT Makes,FT Attempts,FT%,FT xP,FT Actual,FT Performance,Total xP,Total Actual,Total Performance
Akron,97,32,57,0.5614035087719298,56.68347434424361,77,20.316525655756383,20,27,0.7407407407407407,19.436801931183798,20,0.5631980688162017,76.12027627542741,97,20.879723724572585
Evansville,59,20,46,0.43478260869565216,45.662940160415594,44,-1.6629401604155933,15,23,0.6521739130434783,16.557275719156568,15,-1.5572757191565685,62.220215879572166,59,-3.2202158795721623
