Team,Score,FG Makes,FG Attempts,FG%,FG xP,FG Actual,FG Performance,FT Makes,FT Attempts,FT%,FT xP,FT Actual,FT Performance,Total xP,Total Actual,Total Performance
Temple,56,20,46,0.43478260869565216,42.641378540068615,43,0.35862145993138195,13,18,0.7222222222222222,12.95786795412253,13,0.042132045877467994,55.59924649419115,56,0.40075350580884805
Villanova,74,27,62,0.43548387096774194,62.34615483377082,64,1.6538451662291793,10,15,0.6666666666666666,10.79822329510211,10,-0.7982232951021099,73.14437812887293,74,0.8556218711270684
