Team,Score,FG Makes,FG Attempts,FG%,FG xP,FG Actual,FG Performance,FT Makes,FT Attempts,FT%,FT xP,FT Actual,FT Performance,Total xP,Total Actual,Total Performance
Temple,56,20,46,0.43478260869565216,42.641378540068615,43,0.35862145993138195,13,18,0.7222222222222222,12.957855314307384,13,0.042144685692614536,55.59923385437601,56,0.4007661456239946
Villanova,74,27,62,0.43548387096774194,62.34615483377082,64,1.6538451662291793,10,15,0.6666666666666666,10.798212761922821,10,-0.7982127619228211,73.14436759569364,74,0.8556324043063572
