Team,Score,FG Makes,FG Attempts,FG%,FG xP,FG Actual,FG Performance,FT Makes,FT Attempts,FT%,FT xP,FT Actual,FT Performance,Total xP,Total Actual,Total Performance
UC Davis,79,31,60,0.5166666666666667,55.10802386405944,70,14.89197613594056,9,9,1.0,6.478927657153693,9,2.521072342846307,61.58695152121314,79,17.413048478786866
Colorado,95,34,57,0.5964912280701754,51.05571921746089,77,25.94428078253911,18,21,0.8571428571428571,15.117497866691949,18,2.8825021333080505,66.17321708415284,95,28.826782915847154
