Team,Score,FG Makes,FG Attempts,FG%,FG xP,FG Actual,FG Performance,FT Makes,FT Attempts,FT%,FT xP,FT Actual,FT Performance,Total xP,Total Actual,Total Performance
Oral Roberts,88,29,54,0.5370370370370371,54.5434926383861,69,14.456507361613909,19,25,0.76,17.997038825170183,19,1.0029611748298166,72.54053146355628,88,15.459468536443724
Florida Gulf Coast,93,31,55,0.5636363636363636,53.86344240444606,69,15.136557595553938,24,34,0.7058823529411765,24.47597280223145,24,-0.4759728022314491,78.33941520667751,93,14.660584793322487
