Team,Score,FG Makes,FG Attempts,FG%,FG xP,FG Actual,FG Performance,FT Makes,FT Attempts,FT%,FT xP,FT Actual,FT Performance,Total xP,Total Actual,Total Performance
Iowa,52,17,45,0.37777777777777777,42.68885211988855,41,-1.688852119888551,11,17,0.6470588235294118,12.237974463512531,11,-1.2379744635125305,54.92682658340109,52,-2.926826583401084
Michigan State,71,23,46,0.5,42.030761649254075,49,6.969238350745927,22,25,0.88,17.997021269871368,22,4.002978730128631,60.027782919125436,71,10.97221708087456
