Team,Score,FG Makes,FG Attempts,FG%,FG xP,FG Actual,FG Performance,FT Makes,FT Attempts,FT%,FT xP,FT Actual,FT Performance,Total xP,Total Actual,Total Performance
San Diego State,97,39,58,0.6724137931034483,57.45489660371929,89,31.545103396280712,8,9,0.8888888888888888,6.478927657153693,8,1.5210723428463073,63.93382426087299,97,33.06617573912701
Oregon,80,25,62,0.4032258064516129,60.17888952282465,62,1.821110477175353,18,22,0.8181818181818182,15.837378717486803,18,2.1626212825131956,76.01626824031145,80,3.983731759688548
