Team,Score,FG Makes,FG Attempts,FG%,FG xP,FG Actual,FG Performance,FT Makes,FT Attempts,FT%,FT xP,FT Actual,FT Performance,Total xP,Total Actual,Total Performance
Jacksonville,69,27,55,0.4909090909090909,51.162539057724956,64,12.837460942275047,5,10,0.5,7.198808507948548,5,-2.1988085079485478,58.361347565673505,69,10.638652434326499
VMI,67,25,55,0.45454545454545453,50.39062000048561,58,7.609379999514386,9,11,0.8181818181818182,7.918689358743402,9,1.0813106412565976,58.30930935922902,67,8.690690640770985
