Team,Score,FG Makes,FG Attempts,FG%,FG xP,FG Actual,FG Performance,FT Makes,FT Attempts,FT%,FT xP,FT Actual,FT Performance,Total xP,Total Actual,Total Performance
UC San Diego,87,26,56,0.4642857142857143,57.72810595904083,64,6.271894040959166,23,31,0.7419354838709677,22.316328143211027,23,0.6836718567889725,80.04443410225186,87,6.955565897748137
Bradley,77,26,62,0.41935483870967744,61.81124364306696,66,4.188756356933039,11,15,0.7333333333333333,10.79822329510211,11,0.2017767048978898,72.60946693816908,77,4.390533061830929
