Team,Score,FG Makes,FG Attempts,FG%,FG xP,FG Actual,FG Performance,FT Makes,FT Attempts,FT%,FT xP,FT Actual,FT Performance,Total xP,Total Actual,Total Performance
UNC Greensboro,82,28,59,0.4745762711864407,59.64900748751166,61,1.35099251248834,21,24,0.875,17.277140419076513,21,3.722859580923486,76.92614790658818,82,5.073852093411824
East Carolina,78,31,65,0.47692307692307695,63.66838366035982,68,4.331616339640178,10,16,0.625,11.518093612717676,10,-1.518093612717676,75.1864772730775,78,2.8135227269225007
