Team,Score,FG Makes,FG Attempts,FG%,FG xP,FG Actual,FG Performance,FT Makes,FT Attempts,FT%,FT xP,FT Actual,FT Performance,Total xP,Total Actual,Total Performance
Nicholls,57,18,61,0.29508196721311475,57.855488969466215,40,-17.855488969466215,17,27,0.6296296296296297,19.436782971461078,17,-2.4367829714610783,77.29227194092728,57,-20.292271940927293
Eastern Illinois,65,19,52,0.36538461538461536,49.50788826774282,43,-6.507888267742818,22,29,0.7586206896551724,20.876544673050788,22,1.1234553269492118,70.38443294079359,65,-5.384432940793607
