Team,Score,FG Makes,FG Attempts,FG%,FG xP,FG Actual,FG Performance,FT Makes,FT Attempts,FT%,FT xP,FT Actual,FT Performance,Total xP,Total Actual,Total Performance
Coastal Carolina,42,18,67,0.26865671641791045,61.2911340044743,39,-22.291134004474298,3,5,0.6,3.5994042539742734,3,-0.5994042539742737,64.89053825844857,42,-22.890538258448576
Illinois State,94,32,65,0.49230769230769234,62.964308720522816,77,14.035691279477179,17,22,0.7727272727272727,15.837378717486803,17,1.162621282513196,78.80168743800962,94,15.198312561990374
