Team,Score,FG Makes,FG Attempts,FG%,FG xP,FG Actual,FG Performance,FT Makes,FT Attempts,FT%,FT xP,FT Actual,FT Performance,Total xP,Total Actual,Total Performance
Hampton,52,21,60,0.35,57.139053698301,46,-11.139053698300991,6,14,0.42857142857142855,10.078331911127966,6,-4.078331911127966,67.21738560942896,52,-15.217385609428959
Boston College,63,22,56,0.39285714285714285,54.662220590938674,49,-5.662220590938668,14,19,0.7368421052631579,13.67773616510224,14,0.3222638348977598,68.3399567560409,63,-5.339956756040911
