Team,Score,FG Makes,FG Attempts,FG%,FG xP,FG Actual,FG Performance,FT Makes,FT Attempts,FT%,FT xP,FT Actual,FT Performance,Total xP,Total Actual,Total Performance
Boston University,49,18,58,0.3103448275862069,55.873992261136785,38,-17.873992261136777,11,16,0.6875,11.518093612717676,11,-0.5180936127176758,67.39208587385446,49,-18.392085873854455
Columbia,54,20,51,0.39215686274509803,48.37756118642808,47,-1.3775611864280783,7,9,0.7777777777777778,6.478927657153693,7,0.5210723428463072,54.85648884358177,54,-0.8564888435817704
