Team,Score,FG Makes,FG Attempts,FG%,FG xP,FG Actual,FG Performance,FT Makes,FT Attempts,FT%,FT xP,FT Actual,FT Performance,Total xP,Total Actual,Total Performance
Middle Tennessee,77,30,61,0.4918032786885246,58.02391502694727,67,8.976084973052732,10,17,0.5882352941176471,12.237974463512531,10,-2.237974463512531,70.2618894904598,77,6.738110509540203
Evansville,72,26,54,0.48148148148148145,51.40550638701589,55,3.5944936129841123,17,24,0.7083333333333334,17.277140419076513,17,-0.2771404190765143,68.68264680609241,72,3.3173531939075955
