Team,Score,FG Makes,FG Attempts,FG%,FG xP,FG Actual,FG Performance,FT Makes,FT Attempts,FT%,FT xP,FT Actual,FT Performance,Total xP,Total Actual,Total Performance
Bowling Green,81,30,64,0.46875,62.93908675901267,70,7.060913240987334,11,15,0.7333333333333333,10.798212761922821,11,0.20178723807717858,73.7372995209355,81,7.2627004790645096
VMI,48,10,50,0.2,51.66245049783725,23,-28.662450497837256,25,32,0.78125,23.036187225435352,25,1.9638127745646483,74.69863772327261,48,-26.69863772327261
