Team,Score,FG Makes,FG Attempts,FG%,FG xP,FG Actual,FG Performance,FT Makes,FT Attempts,FT%,FT xP,FT Actual,FT Performance,Total xP,Total Actual,Total Performance
UT Martin,78,24,46,0.5217391304347826,47.11434673080723,57,9.88565326919278,11,17,0.6470588235294118,12.23797446351253,11,-1.2379744635125307,59.35232119431976,68,8.647678805680245
Bradley,67,17,51,0.3333333333333333,51.46428084592587,37,-14.46428084592587,30,37,0.8108108108108109,26.635591479409626,30,3.364408520590374,78.0998723253355,67,-11.099872325335499
