Team,Score,FG Makes,FG Attempts,FG%,FG xP,FG Actual,FG Performance,FT Makes,FT Attempts,FT%,FT xP,FT Actual,FT Performance,Total xP,Total Actual,Total Performance
Niagara,43,14,45,0.3111111111111111,43.567142616784,31,-12.567142616783997,12,14,0.8571428571428571,10.078331911127966,12,1.9216680888720334,53.645474527911965,43,-10.645474527911965
Saint Peter's,71,26,55,0.4727272727272727,52.61491209622724,60,7.385087903772756,11,14,0.7857142857142857,10.078331911127966,11,0.9216680888720332,62.69324400735521,71,8.306755992644788
