Team,Score,FG Makes,FG Attempts,FG%,FG xP,FG Actual,FG Performance,FT Makes,FT Attempts,FT%,FT xP,FT Actual,FT Performance,Total xP,Total Actual,Total Performance
Longwood,66,16,53,0.3018867924528302,51.354865376362504,34,-17.354865376362497,32,42,0.7619047619047619,30.23502522628591,32,1.764974773714092,81.58989060264841,66,-15.589890602648408
American University,92,27,54,0.5,54.26393301938134,65,10.736066980618657,27,30,0.9,21.59644659020422,27,5.40355340979578,75.86037960958556,92,16.139620390414436
