Team,Score,FG Makes,FG Attempts,FG%,FG xP,FG Actual,FG Performance,FT Makes,FT Attempts,FT%,FT xP,FT Actual,FT Performance,Total xP,Total Actual,Total Performance
Vermont,65,24,54,0.4444444444444444,54.89199127476513,58,3.1080087252348676,7,11,0.6363636363636364,7.91869708307488,7,-0.9186970830748806,62.81068835784002,65,2.1893116421599856
Pepperdine,56,14,46,0.30434782608695654,45.52078671646066,34,-11.520786716460671,17,20,0.85,14.397631060136147,17,2.6023689398638528,59.91841777659681,51,-8.91841777659682
