Team,Score,FG Makes,FG Attempts,FG%,FG xP,FG Actual,FG Performance,FT Makes,FT Attempts,FT%,FT xP,FT Actual,FT Performance,Total xP,Total Actual,Total Performance
North Florida,83,30,51,0.5882352941176471,52.36263600073016,75,22.637363999269834,8,10,0.8,7.198815530068073,8,0.8011844699319267,59.561451530798244,83,23.43854846920176
Southern Miss,92,37,64,0.578125,62.92975555884206,76,13.070244441157943,16,26,0.6153846153846154,18.71692037817699,16,-2.7169203781769906,81.64667593701905,92,10.353324062980949
