Team,Score,FG Makes,FG Attempts,FG%,FG xP,FG Actual,FG Performance,FT Makes,FT Attempts,FT%,FT xP,FT Actual,FT Performance,Total xP,Total Actual,Total Performance
Bryant,66,24,56,0.42857142857142855,58.66790558652442,58,-0.6679055865244181,8,12,0.6666666666666666,8.638570209538257,8,-0.638570209538257,67.30647579606267,66,-1.3064757960626747
Siena,82,31,67,0.4626865671641791,67.25624409546312,67,-0.2562440954631271,15,20,0.75,14.397617015897094,15,0.602382984102905,81.65386111136021,82,0.3461388886397756
