Team,Score,FG Makes,FG Attempts,FG%,FG xP,FG Actual,FG Performance,FT Makes,FT Attempts,FT%,FT xP,FT Actual,FT Performance,Total xP,Total Actual,Total Performance
Texas A&M,63,20,62,0.3225806451612903,62.23710958036643,49,-13.237109580366427,14,17,0.8235294117647058,12.238377689948159,14,1.7616223100518413,74.47548727031459,63,-11.475487270314586
Oklahoma State,87,32,66,0.48484848484848486,66.38943165930233,71,4.610568340697661,16,23,0.6956521739130435,16.557805109929863,16,-0.5578051099298622,82.94723676923219,87,4.0527632307677965
