Team,Score,FG Makes,FG Attempts,FG%,FG xP,FG Actual,FG Performance,FT Makes,FT Attempts,FT%,FT xP,FT Actual,FT Performance,Total xP,Total Actual,Total Performance
Washington,68,23,69,0.3333333333333333,65.42279761475235,54,-11.422797614752358,14,15,0.9333333333333333,10.798212761922821,14,3.201787238077179,76.22101037667517,68,-8.221010376675178
Colorado,81,25,54,0.46296296296296297,52.65182738982577,58,5.348172610174231,23,32,0.71875,23.036187225435352,23,-0.03618722543535191,75.68801461526112,81,5.311985384738879
