Team,Score,FG Makes,FG Attempts,FG%,FG xP,FG Actual,FG Performance,FT Makes,FT Attempts,FT%,FT xP,FT Actual,FT Performance,Total xP,Total Actual,Total Performance
SE Louisiana,68,24,66,0.36363636363636365,65.43393484626642,52,-13.433934846266425,16,18,0.8888888888888888,12.958282259945108,16,3.041717740054891,78.39221710621153,68,-10.392217106211536
Mississippi State,75,25,55,0.45454545454545453,53.18055224016199,59,5.8194477598380026,16,23,0.6956521739130435,16.557805109929863,16,-0.5578051099298618,69.73835735009185,75,5.261642649908138
