Team,Score,FG Makes,FG Attempts,FG%,FG xP,FG Actual,FG Performance,FT Makes,FT Attempts,FT%,FT xP,FT Actual,FT Performance,Total xP,Total Actual,Total Performance
Grambling,74,23,53,0.4339622641509434,49.971063901363294,51,1.0289360986367027,23,33,0.696969696969697,23.756068076230207,23,-0.7560680762302066,73.7271319775935,74,0.27286802240649477
UC Riverside,83,26,47,0.5531914893617021,46.379771087642204,59,12.620228912357796,24,31,0.7741935483870968,22.316306374640497,24,1.6836936253595032,68.6960774622827,83,14.303922537717295
