Team,Score,FG Makes,FG Attempts,FG%,FG xP,FG Actual,FG Performance,FT Makes,FT Attempts,FT%,FT xP,FT Actual,FT Performance,Total xP,Total Actual,Total Performance
Butler,85,29,63,0.4603174603174603,64.29302935393974,71,6.706970646060264,14,23,0.6086956521739131,16.55725956828166,14,-2.5572595682816592,80.8502889222214,85,4.149711077778606
SMU,87,36,64,0.5625,63.78018272916205,76,12.219817270837948,11,15,0.7333333333333333,10.798212761922821,11,0.20178723807717858,74.57839549108488,87,12.421604508915125
