Team,Score,FG Makes,FG Attempts,FG%,FG xP,FG Actual,FG Performance,FT Makes,FT Attempts,FT%,FT xP,FT Actual,FT Performance,Total xP,Total Actual,Total Performance
UConn,61,24,57,0.42105263157894735,55.79925880611625,55,-0.7992588061162493,6,8,0.75,5.759046806358838,6,0.24095319364116197,61.55830561247509,61,-0.5583056124750883
Kansas,56,18,51,0.35294117647058826,50.95922787049047,41,-9.959227870490471,15,21,0.7142857142857143,15.117497866691949,15,-0.11749786669194928,66.07672573718241,56,-10.076725737182423
