Team,Score,FG Makes,FG Attempts,FG%,FG xP,FG Actual,FG Performance,FT Makes,FT Attempts,FT%,FT xP,FT Actual,FT Performance,Total xP,Total Actual,Total Performance
UAB,74,25,57,0.43859649122807015,53.12392602176037,53,-0.12392602176037215,21,28,0.75,20.156683484190605,21,0.8433165158093945,73.28060950595098,74,0.7193904940490219
Drake,69,24,62,0.3870967741935484,59.89832342682794,57,-2.898323426827938,12,16,0.75,11.518104848108917,12,0.48189515189108234,71.41642827493686,69,-2.4164282749368557
