Team,Score,FG Makes,FG Attempts,FG%,FG xP,FG Actual,FG Performance,FT Makes,FT Attempts,FT%,FT xP,FT Actual,FT Performance,Total xP,Total Actual,Total Performance
NC State,97,34,64,0.53125,60.87519996131548,77,16.124800038684516,20,28,0.7142857142857143,20.156854471120734,20,-0.15685447112073447,81.03205443243621,97,15.967945567563783
Texas,102,29,52,0.5576923076923077,51.78320760188506,74,22.216792398114944,28,33,0.8484848484848485,23.75629276953515,28,4.243707230464849,75.5395003714202,102,26.460499628579793
