Team,Score,FG Makes,FG Attempts,FG%,FG xP,FG Actual,FG Performance,FT Makes,FT Attempts,FT%,FT xP,FT Actual,FT Performance,Total xP,Total Actual,Total Performance
Merrimack,58,18,59,0.3050847457627119,58.02569497143239,46,-12.02569497143239,12,14,0.8571428571428571,10.078341742095303,12,1.921658257904697,68.10403671352769,58,-10.104036713527695
Hofstra,78,26,56,0.4642857142857143,55.532333490329705,61,5.467666509670293,17,20,0.85,14.397631060136145,17,2.6023689398638536,69.92996455046585,78,8.070035449534144
