Team,Score,FG Makes,FG Attempts,FG%,FG xP,FG Actual,FG Performance,FT Makes,FT Attempts,FT%,FT xP,FT Actual,FT Performance,Total xP,Total Actual,Total Performance
Merrimack,57,16,56,0.2857142857142857,56.17811905718739,40,-16.17811905718739,17,24,0.7083333333333334,17.277140419076513,17,-0.27714041907651366,73.4552594762639,57,-16.455259476263905
Auburn,95,31,62,0.5,60.64404922999583,68,7.355950770004167,27,37,0.7297297297297297,26.635591479409626,27,0.36440852059037465,87.27964070940546,95,7.720359290594537
