Team,Score,FG Makes,FG Attempts,FG%,FG xP,FG Actual,FG Performance,FT Makes,FT Attempts,FT%,FT xP,FT Actual,FT Performance,Total xP,Total Actual,Total Performance
Idaho State,71,25,57,0.43859649122807015,58.20551861077588,59,0.7944813892241189,12,19,0.631578947368421,13.677736165102239,12,-1.6777361651022404,71.88325477587813,71,-0.8832547758781235
San Diego,68,25,59,0.423728813559322,57.83548269906578,58,0.16451730093422223,10,14,0.7142857142857143,10.078331911127966,10,-0.07833191112796634,67.91381461019374,68,0.08618538980625434
