Team,Score,FG Makes,FG Attempts,FG%,FG xP,FG Actual,FG Performance,FT Makes,FT Attempts,FT%,FT xP,FT Actual,FT Performance,Total xP,Total Actual,Total Performance
Siena,73,32,55,0.5818181818181818,49.71341358732083,66,16.286586412679167,7,9,0.7777777777777778,6.478933977061265,7,0.521066022938734,56.1923475643821,73,16.807652435617904
Holy Cross,69,28,52,0.5384615384615384,49.81534741027798,62,12.18465258972202,7,10,0.7,7.198815530068074,7,-0.1988155300680734,57.014162940346054,69,11.985837059653946
