Team,Score,FG Makes,FG Attempts,FG%,FG xP,FG Actual,FG Performance,FT Makes,FT Attempts,FT%,FT xP,FT Actual,FT Performance,Total xP,Total Actual,Total Performance
SE Louisiana,76,23,56,0.4107142857142857,55.09241659044931,51,-4.092416590449317,25,32,0.78125,23.036187225435352,25,1.963812774564648,78.12860381588467,76,-2.1286038158846665
Gardner-Webb,68,21,45,0.4666666666666667,48.4605222728098,50,1.539477727190203,18,25,0.72,17.997021269871368,18,0.0029787301286317014,66.45754354268117,68,1.542456457318834
