Team,Score,FG Makes,FG Attempts,FG%,FG xP,FG Actual,FG Performance,FT Makes,FT Attempts,FT%,FT xP,FT Actual,FT Performance,Total xP,Total Actual,Total Performance
Houston Christian,75,24,50,0.48,50.373669943766565,56,5.626330056233433,19,32,0.59375,23.03620969621783,19,-4.036209696217835,73.4098796399844,75,1.5901203600155975
North Texas,77,29,47,0.6170212765957447,48.82870387858552,68,19.17129612141447,9,19,0.47368421052631576,13.677749507129338,9,-4.677749507129339,62.50645338571486,77,14.493546614285133
