Team,Score,FG Makes,FG Attempts,FG%,FG xP,FG Actual,FG Performance,FT Makes,FT Attempts,FT%,FT xP,FT Actual,FT Performance,Total xP,Total Actual,Total Performance
Lamar,79,31,70,0.44285714285714284,69.84797630764422,68,-1.8479763076442208,11,16,0.6875,11.518093612717676,11,-0.5180936127176758,81.3660699203619,79,-2.3660699203618973
UL Monroe,66,23,56,0.4107142857142857,55.4358337856616,52,-3.4358337856616004,14,26,0.5384615384615384,18.716902120666223,14,-4.716902120666224,74.15273590632782,66,-8.152735906327825
