Team,Score,FG Makes,FG Attempts,FG%,FG xP,FG Actual,FG Performance,FT Makes,FT Attempts,FT%,FT xP,FT Actual,FT Performance,Total xP,Total Actual,Total Performance
Youngstown State,80,29,59,0.4915254237288136,58.7392701263996,68,9.2607298736004,12,18,0.6666666666666666,12.957855314307386,12,-0.9578553143073857,71.69712544070698,80,8.302874559293013
St. Bonaventure,84,32,55,0.5818181818181818,52.61009600564139,70,17.38990399435862,14,20,0.7,14.397617015897094,14,-0.3976170158970951,67.00771302153848,84,16.992286978461525
