Team,Score,FG Makes,FG Attempts,FG%,FG xP,FG Actual,FG Performance,FT Makes,FT Attempts,FT%,FT xP,FT Actual,FT Performance,Total xP,Total Actual,Total Performance
Louisiana Tech,69,27,54,0.5,52.01044204711944,60,7.98955795288056,9,17,0.5294117647058824,12.237986401115723,9,-3.237986401115725,64.24842844823516,69,4.751571551764834
Georgia Southern,77,27,56,0.48214285714285715,54.354744961317735,63,8.645255038682254,14,18,0.7777777777777778,12.957867954122532,14,1.042132045877468,67.31261291544028,77,9.687387084559722
