Team,Score,FG Makes,FG Attempts,FG%,FG xP,FG Actual,FG Performance,FT Makes,FT Attempts,FT%,FT xP,FT Actual,FT Performance,Total xP,Total Actual,Total Performance
NJIT,55,19,52,0.36538461538461536,54.126442116627594,46,-8.126442116627587,9,11,0.8181818181818182,7.91869708307488,9,1.0813029169251194,62.04513919970247,55,-7.045139199702468
Eastern Michigan,73,29,58,0.5,59.26546323633917,65,5.734536763660829,8,12,0.6666666666666666,8.638578636081688,8,-0.638578636081688,67.90404187242085,73,5.09595812757914
