Team,Score,FG Makes,FG Attempts,FG%,FG xP,FG Actual,FG Performance,FT Makes,FT Attempts,FT%,FT xP,FT Actual,FT Performance,Total xP,Total Actual,Total Performance
NJIT,55,19,52,0.36538461538461536,54.126442116627594,46,-8.126442116627587,9,11,0.8181818181818182,7.918689358743402,9,1.0813106412565978,62.04513147537099,55,-7.045131475370989
Eastern Michigan,73,29,58,0.5,59.26546323633917,65,5.734536763660829,8,12,0.6666666666666666,8.638570209538257,8,-0.6385702095382569,67.90403344587742,73,5.095966554122571
