Team,Score,FG Makes,FG Attempts,FG%,FG xP,FG Actual,FG Performance,FT Makes,FT Attempts,FT%,FT xP,FT Actual,FT Performance,Total xP,Total Actual,Total Performance
Jackson State,61,22,64,0.34375,61.799208784383325,53,-8.799208784383325,8,11,0.7272727272727273,7.918689358743402,8,0.08131064125659793,69.71789814312673,61,-8.717898143126728
Arkansas,115,39,61,0.639344262295082,59.844667532622495,87,27.155332467377495,28,36,0.7777777777777778,25.91571062861477,28,2.0842893713852284,85.76037816123727,115,29.23962183876272
