Team,Score,FG Makes,FG Attempts,FG%,FG xP,FG Actual,FG Performance,FT Makes,FT Attempts,FT%,FT xP,FT Actual,FT Performance,Total xP,Total Actual,Total Performance
Arkansas-Pine Bluff,60,23,67,0.34328358208955223,65.10820024078377,50,-15.108200240783775,10,18,0.5555555555555556,12.957855314307384,10,-2.957855314307385,78.06605555509117,60,-18.066055555091165
SMU,106,37,65,0.5692307692307692,67.99605648511363,86,18.00394351488637,20,26,0.7692307692307693,18.716902120666223,20,1.2830978793337762,86.71295860577987,106,19.287041394220143
