Team,Score,FG Makes,FG Attempts,FG%,FG xP,FG Actual,FG Performance,FT Makes,FT Attempts,FT%,FT xP,FT Actual,FT Performance,Total xP,Total Actual,Total Performance
Baylor,91,30,57,0.5263157894736842,56.388923261682294,69,12.611076738317717,22,30,0.7333333333333333,21.59644659020422,22,0.40355340979578025,77.9853698518865,91,13.014630148113493
San Diego State,81,28,59,0.4745762711864407,57.472214502584045,67,9.52778549741595,14,17,0.8235294117647058,12.237986401115725,14,1.7620135988842758,69.71020090369977,81,11.289799096300227
