Team,Score,FG Makes,FG Attempts,FG%,FG xP,FG Actual,FG Performance,FT Makes,FT Attempts,FT%,FT xP,FT Actual,FT Performance,Total xP,Total Actual,Total Performance
UT Rio Grande Valley,67,23,51,0.45098039215686275,49.240117551468494,51,1.7598824485315112,16,19,0.8421052631578947,13.67773616510224,16,2.32226383489776,62.917853716570725,67,4.082146283429271
Missouri State,74,23,55,0.41818181818181815,55.58399870215571,55,-0.5839987021557098,19,26,0.7307692307692307,18.716902120666223,19,0.28309787933377684,74.30090082282194,74,-0.30090082282193453
