Team,Score,FG Makes,FG Attempts,FG%,FG xP,FG Actual,FG Performance,FT Makes,FT Attempts,FT%,FT xP,FT Actual,FT Performance,Total xP,Total Actual,Total Performance
NJIT,47,18,58,0.3103448275862069,55.84483368582102,43,-12.844833685821019,4,7,0.5714285714285714,5.039165955563983,4,-1.0391659555639832,60.883999641384996,47,-13.883999641385003
Louisville,104,36,73,0.4931506849315068,76.00908313154639,92,15.990916868453613,12,14,0.8571428571428571,10.078331911127966,12,1.9216680888720334,86.08741504267435,104,17.91258495732565
