Team,Score,FG Makes,FG Attempts,FG%,FG xP,FG Actual,FG Performance,FT Makes,FT Attempts,FT%,FT xP,FT Actual,FT Performance,Total xP,Total Actual,Total Performance
West Georgia,53,19,65,0.2923076923076923,60.577860157558206,42,-18.577860157558202,11,13,0.8461538461538461,9.358451060333111,11,1.641548939666888,69.93631121789132,53,-16.936311217891316
Nebraska,86,30,64,0.46875,65.24088694507003,70,4.759113054929964,16,25,0.64,17.997021269871368,16,-1.9970212698713685,83.23790821494141,86,2.762091785058593
