Team,Score,FG Makes,FG Attempts,FG%,FG xP,FG Actual,FG Performance,FT Makes,FT Attempts,FT%,FT xP,FT Actual,FT Performance,Total xP,Total Actual,Total Performance
Florida State,67,22,57,0.38596491228070173,59.819321835734726,54,-5.819321835734725,13,18,0.7222222222222222,12.957855314307384,13,0.04214468569261465,72.7771771500421,67,-5.777177150042111
Houston,82,32,65,0.49230769230769234,64.7826425542481,75,10.217357445751896,7,9,0.7777777777777778,6.478927657153693,7,0.5210723428463072,71.26157021140179,82,10.738429788598202
