Team,Score,FG Makes,FG Attempts,FG%,FG xP,FG Actual,FG Performance,FT Makes,FT Attempts,FT%,FT xP,FT Actual,FT Performance,Total xP,Total Actual,Total Performance
SIU Edwardsville,77,28,58,0.4827586206896552,55.580861099891045,62,6.419138900108945,15,26,0.5769230769230769,18.716902120666223,15,-3.7169021206662234,74.29776322055727,77,2.702236779442721
UTSA,60,20,71,0.28169014084507044,69.15068633088825,47,-22.15068633088824,13,21,0.6190476190476191,15.117497866691949,13,-2.1174978666919495,84.2681841975802,60,-24.268184197580197
