Team,Score,FG Makes,FG Attempts,FG%,FG xP,FG Actual,FG Performance,FT Makes,FT Attempts,FT%,FT xP,FT Actual,FT Performance,Total xP,Total Actual,Total Performance
Elon,92,30,76,0.39473684210526316,75.96363569945579,71,-4.963635699455789,21,30,0.7,21.596425523845642,21,-0.5964255238456428,97.56006122330143,92,-5.560061223301435
UNC Greensboro,90,30,63,0.47619047619047616,61.33708779351225,74,12.662912206487746,16,27,0.5925925925925926,19.436782971461078,16,-3.4367829714610783,80.77387076497334,90,9.226129235026665
