Team,Score,FG Makes,FG Attempts,FG%,FG xP,FG Actual,FG Performance,FT Makes,FT Attempts,FT%,FT xP,FT Actual,FT Performance,Total xP,Total Actual,Total Performance
South Carolina State,59,20,62,0.3225806451612903,62.36501832318035,46,-16.365018323180355,13,19,0.6842105263157895,13.67774950712934,13,-0.6777495071293391,76.0427678303097,59,-17.042767830309696
Bethune-Cookman,80,30,61,0.4918032786885246,59.90762179677026,69,9.09237820322975,11,12,0.9166666666666666,8.638578636081688,11,2.361421363918312,68.54620043285195,80,11.45379956714806
