Team,Score,FG Makes,FG Attempts,FG%,FG xP,FG Actual,FG Performance,FT Makes,FT Attempts,FT%,FT xP,FT Actual,FT Performance,Total xP,Total Actual,Total Performance
Longwood,84,24,47,0.5106382978723404,45.553210984131795,55,9.446789015868209,29,44,0.6590909090909091,31.674788332299524,29,-2.6747883322995234,77.22799931643131,84,6.772000683568688
Morgan State,80,27,59,0.4576271186440678,58.171217787262655,60,1.8287822127373445,20,22,0.9090909090909091,15.83739416614976,20,4.16260583385024,74.00861195341241,80,5.991388046587586
