Team,Score,FG Makes,FG Attempts,FG%,FG xP,FG Actual,FG Performance,FT Makes,FT Attempts,FT%,FT xP,FT Actual,FT Performance,Total xP,Total Actual,Total Performance
Portland,72,24,47,0.5106382978723404,44.42202981894907,53,8.577970181050931,19,24,0.7916666666666666,17.277140419076513,19,1.7228595809234857,61.69917023802559,72,10.300829761974416
Stanford,94,33,64,0.515625,66.23659790379482,80,13.763402096205178,14,20,0.7,14.397617015897094,14,-0.39761701589709486,80.63421491969191,94,13.365785080308083
