Team,Score,FG Makes,FG Attempts,FG%,FG xP,FG Actual,FG Performance,FT Makes,FT Attempts,FT%,FT xP,FT Actual,FT Performance,Total xP,Total Actual,Total Performance
Mississippi State,78,31,68,0.45588235294117646,63.338836473523585,71,7.661163526476422,7,13,0.5384615384615384,9.358451060333111,7,-2.358451060333112,72.69728753385668,78,5.30271246614331
New Mexico,80,26,63,0.4126984126984127,61.1378789072209,61,-0.13787890722090435,19,25,0.76,17.997021269871368,19,1.0029787301286315,79.13490017709228,80,0.8650998229077258
