Team,Score,FG Makes,FG Attempts,FG%,FG xP,FG Actual,FG Performance,FT Makes,FT Attempts,FT%,FT xP,FT Actual,FT Performance,Total xP,Total Actual,Total Performance
NJIT,43,12,52,0.23076923076923078,49.421533677679875,27,-22.421533677679868,16,24,0.6666666666666666,17.277140419076513,16,-1.2771404190765137,66.69867409675636,43,-23.698674096756385
Drexel,75,24,56,0.42857142857142855,56.61886949088608,54,-2.6188694908860803,21,34,0.6176470588235294,24.47594892702506,21,-3.475948927025061,81.09481841791114,75,-6.094818417911143
