Team,Score,FG Makes,FG Attempts,FG%,FG xP,FG Actual,FG Performance,FT Makes,FT Attempts,FT%,FT xP,FT Actual,FT Performance,Total xP,Total Actual,Total Performance
Samford,72,24,60,0.4,60.56208872894556,56,-4.5620887289455645,16,21,0.7619047619047619,15.117497866691949,16,0.8825021333080504,75.6795865956375,72,-3.679586595637515
New Mexico State,81,31,57,0.543859649122807,55.46740009037275,69,13.532599909627246,12,16,0.75,11.518093612717674,12,0.48190638728232393,66.98549370309044,81,14.014506296909572
