Team,Score,FG Makes,FG Attempts,FG%,FG xP,FG Actual,FG Performance,FT Makes,FT Attempts,FT%,FT xP,FT Actual,FT Performance,Total xP,Total Actual,Total Performance
UT Rio Grande Valley,60,22,62,0.3548387096774194,60.652319233932964,48,-12.652319233932962,12,16,0.75,11.518093612717674,12,0.48190638728232416,72.17041284665063,60,-12.170412846650638
Stephen F. Austin,73,24,62,0.3870967741935484,58.9599923581191,56,-2.9599923581191034,17,24,0.7083333333333334,17.277140419076513,17,-0.2771404190765132,76.23713277719561,73,-3.2371327771956175
