Team,Score,FG Makes,FG Attempts,FG%,FG xP,FG Actual,FG Performance,FT Makes,FT Attempts,FT%,FT xP,FT Actual,FT Performance,Total xP,Total Actual,Total Performance
Long Beach State,73,26,60,0.43333333333333335,59.64890634352611,59,-0.6489063435261189,14,20,0.7,14.397617015897094,14,-0.39761701589709486,74.04652335942322,73,-1.0465233594232142
Portland,93,35,50,0.7,49.554065335803756,76,26.445934664196244,17,19,0.8947368421052632,13.677736165102239,17,3.3222638348977593,63.231801500905995,93,29.768198499094005
