Team,Score,FG Makes,FG Attempts,FG%,FG xP,FG Actual,FG Performance,FT Makes,FT Attempts,FT%,FT xP,FT Actual,FT Performance,Total xP,Total Actual,Total Performance
Jacksonville,69,25,53,0.4716981132075472,51.969388787774044,55,3.030611212225959,14,25,0.56,17.997038825170183,14,-3.9970388251701845,69.96642761294422,69,-0.966427612944222
Bethune-Cookman,64,24,54,0.4444444444444444,51.88807107085529,52,0.11192892914471386,12,24,0.5,17.277157272163375,12,-5.277157272163376,69.16522834301867,64,-5.165228343018663
