Team,Score,FG Makes,FG Attempts,FG%,FG xP,FG Actual,FG Performance,FT Makes,FT Attempts,FT%,FT xP,FT Actual,FT Performance,Total xP,Total Actual,Total Performance
IU Indianapolis,78,30,71,0.4225352112676056,69.22579361868004,71,1.7742063813199502,7,12,0.5833333333333334,8.638570209538257,7,-1.6385702095382568,77.8643638282183,78,0.13563617178169274
Detroit Mercy,92,31,64,0.484375,59.5634838090929,71,11.436516190907106,21,24,0.875,17.277140419076513,21,3.722859580923486,76.8406242281694,92,15.159375771830593
