Team,Score,FG Makes,FG Attempts,FG%,FG xP,FG Actual,FG Performance,FT Makes,FT Attempts,FT%,FT xP,FT Actual,FT Performance,Total xP,Total Actual,Total Performance
UNC Greensboro,60,16,53,0.3018867924528302,51.54166380479137,42,-9.541663804791371,18,22,0.8181818181818182,15.837378717486803,18,2.1626212825131956,67.37904252227818,60,-7.379042522278176
Delaware,73,28,54,0.5185185185185185,52.92284038380787,69,16.07715961619213,4,8,0.5,5.759046806358838,4,-1.759046806358838,58.68188719016671,73,14.31811280983329
