Team,Score,FG Makes,FG Attempts,FG%,FG xP,FG Actual,FG Performance,FT Makes,FT Attempts,FT%,FT xP,FT Actual,FT Performance,Total xP,Total Actual,Total Performance
Maine,61,23,52,0.4423076923076923,52.062699621871126,53,0.9373003781288838,8,13,0.6153846153846154,9.358460189088495,8,-1.3584601890884955,61.421159810959615,61,-0.4211598109596131
Miami (OH),93,34,67,0.5074626865671642,69.35202867981522,82,12.647971320184784,11,13,0.8461538461538461,9.358460189088495,11,1.6415398109115045,78.71048886890371,93,14.289511131096287
