Team,Score,FG Makes,FG Attempts,FG%,FG xP,FG Actual,FG Performance,FT Makes,FT Attempts,FT%,FT xP,FT Actual,FT Performance,Total xP,Total Actual,Total Performance
Hawai'i,59,21,65,0.3230769230769231,62.400771312250406,47,-15.40077131225041,12,19,0.631578947368421,13.67773616510224,12,-1.6777361651022404,76.07850747735266,59,-17.078507477352648
Oregon,60,21,58,0.3620689655172414,56.34500813162246,44,-12.345008131622455,16,26,0.6153846153846154,18.716902120666223,16,-2.716902120666223,75.06191025228868,60,-15.061910252288678
