Team,Score,FG Makes,FG Attempts,FG%,FG xP,FG Actual,FG Performance,FT Makes,FT Attempts,FT%,FT xP,FT Actual,FT Performance,Total xP,Total Actual,Total Performance
Niagara,54,22,60,0.36666666666666664,60.70542554161804,48,-12.705425541618036,6,11,0.5454545454545454,7.91869708307488,6,-1.9186970830748806,68.62412262469292,54,-14.624122624692918
Siena,83,31,59,0.5254237288135594,58.959053503491354,73,14.04094649650864,10,14,0.7142857142857143,10.0783417420953,10,-0.07834174209530254,69.03739524558665,83,13.962604754413336
