Team,Score,FG Makes,FG Attempts,FG%,FG xP,FG Actual,FG Performance,FT Makes,FT Attempts,FT%,FT xP,FT Actual,FT Performance,Total xP,Total Actual,Total Performance
Sacramento State,54,19,62,0.3064516129032258,61.88835434728539,43,-18.888354347285393,11,12,0.9166666666666666,8.638570209538257,11,2.3614297904617434,70.52692455682364,54,-16.526924556823648
Pacific,68,26,64,0.40625,65.70816799159546,62,-3.7081679915954626,6,8,0.75,5.759046806358838,6,0.2409531936411622,71.4672147979543,68,-3.4672147979543015
