Team,Score,FG Makes,FG Attempts,FG%,FG xP,FG Actual,FG Performance,FT Makes,FT Attempts,FT%,FT xP,FT Actual,FT Performance,Total xP,Total Actual,Total Performance
Princeton,58,22,51,0.43137254901960786,52.65082450603392,52,-0.6508245060339197,6,9,0.6666666666666666,6.478927657153692,6,-0.4789276571536928,59.12975216318761,58,-1.1297521631876126
Monmouth,63,22,54,0.4074074074074074,53.731841696965645,47,-6.731841696965643,16,19,0.8421052631578947,13.67773616510224,16,2.3222638348977593,67.40957786206789,63,-4.4095778620678825
