Team,Score,FG Makes,FG Attempts,FG%,FG xP,FG Actual,FG Performance,FT Makes,FT Attempts,FT%,FT xP,FT Actual,FT Performance,Total xP,Total Actual,Total Performance
Air Force,56,21,53,0.39622641509433965,52.137405321742264,48,-4.1374053217422615,8,14,0.5714285714285714,10.078331911127966,8,-2.0783319111279663,62.215737232870225,56,-6.215737232870228
Navy,61,21,53,0.39622641509433965,51.05945955693938,47,-4.05945955693938,14,15,0.9333333333333333,10.798212761922821,14,3.201787238077179,61.8576723188622,61,-0.857672318862202
