Team,Score,FG Makes,FG Attempts,FG%,FG xP,FG Actual,FG Performance,FT Makes,FT Attempts,FT%,FT xP,FT Actual,FT Performance,Total xP,Total Actual,Total Performance
App State,67,28,61,0.45901639344262296,58.149018263917746,60,1.8509817360822591,7,13,0.5384615384615384,9.358460189088495,7,-2.358460189088495,67.50747845300624,67,-0.5074784530062377
Mercer,75,24,59,0.4067796610169492,57.29955680400024,59,1.7004431959997595,16,19,0.8421052631578947,13.67774950712934,16,2.32225049287066,70.97730631112958,75,4.022693688870418
