Team,Score,FG Makes,FG Attempts,FG%,FG xP,FG Actual,FG Performance,FT Makes,FT Attempts,FT%,FT xP,FT Actual,FT Performance,Total xP,Total Actual,Total Performance
Texas A&M,80,25,71,0.352112676056338,69.43603644345728,58,-11.4360364434573,22,34,0.6470588235294118,24.475948927025062,22,-2.4759489270250614,93.91198537048237,80,-13.911985370482363
SMU,93,31,66,0.4696969696969697,62.88503397052004,67,4.114966029479962,26,28,0.9285714285714286,20.15666382225593,26,5.843336177744067,83.04169779277598,93,9.958302207224028
