Team,Score,FG Makes,FG Attempts,FG%,FG xP,FG Actual,FG Performance,FT Makes,FT Attempts,FT%,FT xP,FT Actual,FT Performance,Total xP,Total Actual,Total Performance
Binghamton,66,19,44,0.4318181818181818,45.87896822407542,41,-4.878968224075424,25,32,0.78125,23.036187225435352,25,1.9638127745646483,68.91515544951078,66,-2.9151554495107774
Canisius,75,24,49,0.4897959183673469,49.07529757186745,57,7.924702428132541,18,21,0.8571428571428571,15.117497866691949,18,2.8825021333080496,64.19279543855941,75,10.80720456144059
