Team,Score,FG Makes,FG Attempts,FG%,FG xP,FG Actual,FG Performance,FT Makes,FT Attempts,FT%,FT xP,FT Actual,FT Performance,Total xP,Total Actual,Total Performance
UNC Greensboro,77,26,49,0.5306122448979592,52.46455597015949,62,9.535444029840516,15,21,0.7142857142857143,15.117497866691949,15,-0.11749786669194973,67.58205383685144,77,9.417946163148567
UNC Asheville,82,29,56,0.5178571428571429,55.80396473582051,67,11.196035264179493,15,21,0.7142857142857143,15.117497866691949,15,-0.11749786669194984,70.92146260251246,82,11.078537397487544
