Team,Score,FG Makes,FG Attempts,FG%,FG xP,FG Actual,FG Performance,FT Makes,FT Attempts,FT%,FT xP,FT Actual,FT Performance,Total xP,Total Actual,Total Performance
Eastern Michigan,68,24,58,0.41379310344827586,56.64716171597207,56,-0.6471617159720657,12,13,0.9230769230769231,9.358460189088495,12,2.641539810911505,66.00562190506055,68,1.9943780949394392
Butler,84,29,56,0.5178571428571429,55.42522660789026,69,13.57477339210974,15,19,0.7894736842105263,13.67774950712934,15,1.3222504928706607,69.1029761150196,84,14.897023884980399
