Team,Score,FG Makes,FG Attempts,FG%,FG xP,FG Actual,FG Performance,FT Makes,FT Attempts,FT%,FT xP,FT Actual,FT Performance,Total xP,Total Actual,Total Performance
Wofford,83,25,62,0.4032258064516129,62.14467492339057,59,-3.14467492339056,24,32,0.75,23.036187225435352,24,0.9638127745646476,85.18086214882591,83,-2.180862148825913
Eastern Kentucky,77,27,72,0.375,73.8885219510592,64,-9.888521951059207,13,16,0.8125,11.518093612717676,13,1.4819063872823242,85.40661556377688,77,-8.406615563776885
