Team,Score,FG Makes,FG Attempts,FG%,FG xP,FG Actual,FG Performance,FT Makes,FT Attempts,FT%,FT xP,FT Actual,FT Performance,Total xP,Total Actual,Total Performance
Northwestern State,83,27,56,0.48214285714285715,50.419800575736936,59,8.580199424263071,24,29,0.8275862068965517,20.876544673050788,24,3.123455326949212,71.29634524878772,83,11.703654751212284
North Alabama,87,28,58,0.4827586206896552,53.320715574340234,62,8.679284425659766,25,37,0.6756756756756757,26.635591479409626,25,-1.6355914794096267,79.95630705374985,87,7.043692946250139
