Team,Score,FG Makes,FG Attempts,FG%,FG xP,FG Actual,FG Performance,FT Makes,FT Attempts,FT%,FT xP,FT Actual,FT Performance,Total xP,Total Actual,Total Performance
Marshall,81,30,63,0.47619047619047616,59.391568682299,66,6.608431317701001,15,20,0.75,14.397631060136145,15,0.6023689398638534,73.78919974243516,81,7.210800257564852
Ohio,88,29,60,0.48333333333333334,57.108529278660235,68,10.891470721339765,20,29,0.6896551724137931,20.876565037197413,20,-0.8765650371974131,77.98509431585765,88,10.014905684142349
