Team,Score,FG Makes,FG Attempts,FG%,FG xP,FG Actual,FG Performance,FT Makes,FT Attempts,FT%,FT xP,FT Actual,FT Performance,Total xP,Total Actual,Total Performance
SE Louisiana,69,24,45,0.5333333333333333,42.829560394956275,57,14.170439605043718,12,15,0.8,10.798212761922821,12,1.2017872380771788,53.6277731568791,69,15.372226843120895
Navy,65,21,49,0.42857142857142855,49.25817658125456,46,-3.258176581254557,19,28,0.6785714285714286,20.156663822255933,19,-1.156663822255933,69.4148404035105,65,-4.4148404035104925
