Team,Score,FG Makes,FG Attempts,FG%,FG xP,FG Actual,FG Performance,FT Makes,FT Attempts,FT%,FT xP,FT Actual,FT Performance,Total xP,Total Actual,Total Performance
Charleston Southern,64,23,55,0.41818181818181815,54.34558467246793,53,-1.345584672467929,11,19,0.5789473684210527,13.677736165102239,11,-2.6777361651022398,68.02332083757017,64,-4.0233208375701714
Alabama A&M,68,26,67,0.3880597014925373,59.99025227320303,57,-2.9902522732030317,11,12,0.9166666666666666,8.638570209538257,11,2.361429790461743,68.6288224827413,68,-0.62882248274129
