Team,Score,FG Makes,FG Attempts,FG%,FG xP,FG Actual,FG Performance,FT Makes,FT Attempts,FT%,FT xP,FT Actual,FT Performance,Total xP,Total Actual,Total Performance
Cal State Bakersfield,76,26,57,0.45614035087719296,52.656427663924404,53,0.34357233607559934,23,24,0.9583333333333334,17.277157272163375,23,5.722842727836624,69.93358493608777,76,6.066415063912221
Fresno State,71,24,65,0.36923076923076925,64.4179892370458,56,-8.417989237045806,15,19,0.7894736842105263,13.677749507129338,15,1.3222504928706604,78.09573874417515,71,-7.095738744175146
