Team,Score,FG Makes,FG Attempts,FG%,FG xP,FG Actual,FG Performance,FT Makes,FT Attempts,FT%,FT xP,FT Actual,FT Performance,Total xP,Total Actual,Total Performance
Cal State Bakersfield,76,26,57,0.45614035087719296,52.656427663924404,53,0.34357233607559934,23,24,0.9583333333333334,17.277140419076513,23,5.722859580923486,69.93356808300092,76,6.066431916999087
Fresno State,71,24,65,0.36923076923076925,64.4179892370458,56,-8.417989237045806,15,19,0.7894736842105263,13.677736165102239,15,1.3222638348977596,78.09572540214805,71,-7.095725402148047
