Team,Score,FG Makes,FG Attempts,FG%,FG xP,FG Actual,FG Performance,FT Makes,FT Attempts,FT%,FT xP,FT Actual,FT Performance,Total xP,Total Actual,Total Performance
Bucknell,63,21,51,0.4117647058823529,50.31914357758219,48,-2.319143577582188,15,21,0.7142857142857143,15.11749786669195,15,-0.11749786669194984,65.43664144427413,63,-2.43664144427414
Princeton,73,22,53,0.41509433962264153,52.566075625039446,54,1.4339243749605572,19,29,0.6551724137931034,20.876544673050788,19,-1.8765446730507882,73.44262029809022,73,-0.4426202980902303
