Team,Score,FG Makes,FG Attempts,FG%,FG xP,FG Actual,FG Performance,FT Makes,FT Attempts,FT%,FT xP,FT Actual,FT Performance,Total xP,Total Actual,Total Performance
Loyola Maryland,71,23,57,0.40350877192982454,55.322519957751446,51,-4.322519957751448,20,33,0.6060606060606061,23.756091249224642,20,-3.7560912492246414,79.07861120697608,71,-8.07861120697609
Hampton,93,29,50,0.58,46.78678247313654,68,21.213217526863453,25,36,0.6944444444444444,25.91573590824506,25,-0.9157359082450638,72.70251838138161,93,20.29748161861839
