Team,Score,FG Makes,FG Attempts,FG%,FG xP,FG Actual,FG Performance,FT Makes,FT Attempts,FT%,FT xP,FT Actual,FT Performance,Total xP,Total Actual,Total Performance
Cal Poly,94,27,55,0.4909090909090909,56.123741012702546,72,15.876258987297456,22,30,0.7333333333333333,21.596425523845642,22,0.4035744761543576,77.72016653654819,94,16.27983346345181
Cal State Fullerton,91,31,66,0.4696969696969697,68.02236370484118,71,2.977636295158822,20,29,0.6896551724137931,20.876544673050788,20,-0.8765446730507878,88.89890837789196,91,2.1010916221080347
