Team,Score,FG Makes,FG Attempts,FG%,FG xP,FG Actual,FG Performance,FT Makes,FT Attempts,FT%,FT xP,FT Actual,FT Performance,Total xP,Total Actual,Total Performance
Yale,97,34,53,0.6415094339622641,52.23613053018257,76,23.763869469817433,21,21,1.0,15.117512613142953,21,5.882487386857046,67.35364314332551,97,29.64635685667448
Akron,94,38,61,0.6229508196721312,58.561157453768075,88,29.43884254623193,6,9,0.6666666666666666,6.478933977061266,6,-0.47893397706126595,65.04009143082935,94,28.95990856917066
