Team,Score,FG Makes,FG Attempts,FG%,FG xP,FG Actual,FG Performance,FT Makes,FT Attempts,FT%,FT xP,FT Actual,FT Performance,Total xP,Total Actual,Total Performance
Michigan State,89,34,67,0.5074626865671642,65.83927901515774,81,15.160720984842262,8,12,0.6666666666666666,8.638854839963406,8,-0.6388548399634063,74.47813385512116,89,14.521866144878855
East Carolina,56,16,48,0.3333333333333333,47.02981698236081,38,-9.02981698236081,18,26,0.6923076923076923,18.717518819920713,18,-0.7175188199207134,65.74733580228153,56,-9.747335802281523
