Team,Score,FG Makes,FG Attempts,FG%,FG xP,FG Actual,FG Performance,FT Makes,FT Attempts,FT%,FT xP,FT Actual,FT Performance,Total xP,Total Actual,Total Performance
Samford,78,24,50,0.48,51.23194842987236,55,3.768051570127635,23,34,0.6764705882352942,24.47594892702506,23,-1.475948927025061,75.70789735689743,78,2.292102643102578
Georgia State,63,16,62,0.25806451612903225,61.94679656177167,39,-22.946796561771674,24,27,0.8888888888888888,19.436782971461078,24,4.563217028538921,81.38357953323276,63,-18.383579533232755
