Team,Score,FG Makes,FG Attempts,FG%,FG xP,FG Actual,FG Performance,FT Makes,FT Attempts,FT%,FT xP,FT Actual,FT Performance,Total xP,Total Actual,Total Performance
Alabama,103,39,81,0.48148148148148145,80.34061713266779,89,8.65938286733222,14,22,0.6363636363636364,15.83739416614976,14,-1.8373941661497613,96.17801129881754,103,6.821988701182459
St. John's,96,31,63,0.49206349206349204,60.79283795078955,68,7.207162049210457,28,40,0.7,28.79526212027229,28,-0.7952621202722936,89.58810007106183,96,6.411899928938164
