Team,Score,FG Makes,FG Attempts,FG%,FG xP,FG Actual,FG Performance,FT Makes,FT Attempts,FT%,FT xP,FT Actual,FT Performance,Total xP,Total Actual,Total Performance
Arkansas-Pine Bluff,50,17,67,0.2537313432835821,64.3357965435611,42,-22.3357965435611,8,12,0.6666666666666666,8.638570209538257,8,-0.6385702095382569,72.97436675309936,50,-22.974366753099357
Washington,94,30,61,0.4918032786885246,60.59111122507613,70,9.408888774923867,24,33,0.7272727272727273,23.756068076230207,24,0.24393192376979345,84.34717930130634,94,9.65282069869366
