Team,Score,FG Makes,FG Attempts,FG%,FG xP,FG Actual,FG Performance,FT Makes,FT Attempts,FT%,FT xP,FT Actual,FT Performance,Total xP,Total Actual,Total Performance
Princeton,68,22,62,0.3548387096774194,64.60198197636382,53,-11.601981976363826,15,16,0.9375,11.518093612717676,15,3.481906387282324,76.1200755890815,68,-8.120075589081502
Loyola Chicago,73,25,50,0.5,51.386338702243904,56,4.613661297756093,17,26,0.6538461538461539,18.716902120666223,17,-1.7169021206662236,70.10324082291012,73,2.8967591770898693
