Team,Score,FG Makes,FG Attempts,FG%,FG xP,FG Actual,FG Performance,FT Makes,FT Attempts,FT%,FT xP,FT Actual,FT Performance,Total xP,Total Actual,Total Performance
Morehead State,56,21,62,0.3387096774193548,59.47220948110187,48,-11.472209481101874,8,11,0.7272727272727273,7.918689358743402,8,0.0813106412565977,67.39089883984528,56,-11.390898839845278
Clemson,83,29,62,0.46774193548387094,61.93425718408167,69,7.065742815918332,14,18,0.7777777777777778,12.957855314307386,14,1.0421446856926144,74.89211249838904,83,8.107887501610945
