Team,Score,FG Makes,FG Attempts,FG%,FG xP,FG Actual,FG Performance,FT Makes,FT Attempts,FT%,FT xP,FT Actual,FT Performance,Total xP,Total Actual,Total Performance
Southern Miss,64,24,55,0.43636363636363634,54.5761939040962,51,-3.5761939040962005,13,19,0.6842105263157895,13.67773616510224,13,-0.6777361651022401,68.25393006919845,64,-4.253930069198443
Miami,88,32,68,0.47058823529411764,69.64332919522013,71,1.35667080477986,17,24,0.7083333333333334,17.277140419076513,17,-0.2771404190765141,86.92046961429665,88,1.0795303857033431
