Team,Score,FG Makes,FG Attempts,FG%,FG xP,FG Actual,FG Performance,FT Makes,FT Attempts,FT%,FT xP,FT Actual,FT Performance,Total xP,Total Actual,Total Performance
Harvard,75,25,48,0.5208333333333334,45.632434608818194,57,11.367565391181806,18,22,0.8181818181818182,15.837378717486803,18,2.1626212825131956,61.469813326304994,75,13.530186673694997
Army,52,20,53,0.37735849056603776,51.61577090078121,45,-6.615770900781206,7,12,0.5833333333333334,8.638570209538257,7,-1.6385702095382568,60.25434111031947,52,-8.254341110319462
