Team,Score,FG Makes,FG Attempts,FG%,FG xP,FG Actual,FG Performance,FT Makes,FT Attempts,FT%,FT xP,FT Actual,FT Performance,Total xP,Total Actual,Total Performance
Rider,53,16,49,0.32653061224489793,44.61191527368742,35,-9.611915273687412,18,29,0.6206896551724138,20.876544673050788,18,-2.8765446730507875,65.48845994673822,53,-12.488459946738203
Virginia,87,30,64,0.46875,67.36969453154678,68,0.6303054684532188,19,34,0.5588235294117647,24.475948927025062,19,-5.475948927025062,91.84564345857184,87,-4.845643458571844
