Team,Score,FG Makes,FG Attempts,FG%,FG xP,FG Actual,FG Performance,FT Makes,FT Attempts,FT%,FT xP,FT Actual,FT Performance,Total xP,Total Actual,Total Performance
Hofstra,80,29,55,0.5272727272727272,54.07538819948078,66,11.92461180051922,14,18,0.7777777777777778,12.957855314307386,14,1.0421446856926142,67.03324351378816,80,12.966756486211834
Pittsburgh,73,22,48,0.4583333333333333,47.430239373931556,54,6.5697606260684465,19,22,0.8636363636363636,15.837378717486803,19,3.162621282513195,63.26761809141836,73,9.732381908581642
