Team,Score,FG Makes,FG Attempts,FG%,FG xP,FG Actual,FG Performance,FT Makes,FT Attempts,FT%,FT xP,FT Actual,FT Performance,Total xP,Total Actual,Total Performance
Cincinnati,74,26,69,0.37681159420289856,68.46581916816064,63,-5.465819168160636,11,22,0.5,15.83739416614976,11,-4.837394166149761,84.3032133343104,74,-10.3032133343104
Xavier,79,30,64,0.46875,62.70717742293198,66,3.292822577068031,13,23,0.5652173913043478,16.557275719156568,13,-3.5572757191565687,79.26445314208854,79,-0.2644531420885401
