Team,Score,FG Makes,FG Attempts,FG%,FG xP,FG Actual,FG Performance,FT Makes,FT Attempts,FT%,FT xP,FT Actual,FT Performance,Total xP,Total Actual,Total Performance
Campbell,76,29,64,0.453125,65.36840564842157,66,0.6315943515784355,10,19,0.5263157894736842,13.677736165102239,10,-3.6777361651022398,79.0461418135238,76,-3.046141813523805
Penn State,87,30,58,0.5172413793103449,57.58465384128607,65,7.415346158713929,22,25,0.88,17.997021269871368,22,4.002978730128631,75.58167511115744,87,11.418324888842559
