Team,Score,FG Makes,FG Attempts,FG%,FG xP,FG Actual,FG Performance,FT Makes,FT Attempts,FT%,FT xP,FT Actual,FT Performance,Total xP,Total Actual,Total Performance
Sam Houston,77,28,65,0.4307692307692308,59.95041541169884,63,3.04958458830116,14,20,0.7,14.397617015897094,14,-0.39761701589709486,74.34803242759592,77,2.6519675724040637
Texas Tech,98,29,58,0.5,57.27131044758534,70,12.728689552414654,28,43,0.6511627906976745,30.954876584178756,28,-2.9548765841787548,88.22618703176408,98,9.773812968235898
