Team,Score,FG Makes,FG Attempts,FG%,FG xP,FG Actual,FG Performance,FT Makes,FT Attempts,FT%,FT xP,FT Actual,FT Performance,Total xP,Total Actual,Total Performance
Bryant,61,22,52,0.4230769230769231,50.273612011490165,49,-1.2736120114901714,12,16,0.75,11.518093612717676,12,0.48190638728232416,61.79170562420784,61,-0.7917056242078471
Virginia Tech,78,30,58,0.5172413793103449,58.136621921113466,64,5.8633780788865355,14,24,0.5833333333333334,17.277140419076513,14,-3.277140419076514,75.41376234018998,78,2.5862376598100223
