Team,Score,FG Makes,FG Attempts,FG%,FG xP,FG Actual,FG Performance,FT Makes,FT Attempts,FT%,FT xP,FT Actual,FT Performance,Total xP,Total Actual,Total Performance
Kansas City,55,24,64,0.375,56.60469723867794,49,-7.60469723867795,6,8,0.75,5.759101277463067,6,0.240898722536933,62.36379851614102,55,-7.363798516141017
Texas,71,25,63,0.3968253968253968,63.89252665764932,54,-9.892526657649324,17,28,0.6071428571428571,20.156854471120734,17,-3.1568544711207345,84.04938112877005,71,-13.049381128770058
