Team,Score,FG Makes,FG Attempts,FG%,FG xP,FG Actual,FG Performance,FT Makes,FT Attempts,FT%,FT xP,FT Actual,FT Performance,Total xP,Total Actual,Total Performance
Kansas City,55,24,64,0.375,56.60469723867794,49,-7.60469723867795,6,8,0.75,5.759181290511554,6,0.24081870948844597,62.363878529189506,55,-7.3638785291895035
Texas,71,25,63,0.3968253968253968,63.89252665764932,54,-9.892526657649324,17,28,0.6071428571428571,20.15713451679044,17,-3.157134516790439,84.04966117443976,71,-13.049661174439763
