Team,Score,FG Makes,FG Attempts,FG%,FG xP,FG Actual,FG Performance,FT Makes,FT Attempts,FT%,FT xP,FT Actual,FT Performance,Total xP,Total Actual,Total Performance
South Dakota State,75,24,57,0.42105263157894735,58.17519199591253,57,-1.175191995912522,18,25,0.72,17.997038825170183,18,0.0029611748298170593,76.17223082108269,75,-1.1722308210827066
Northern Arizona,62,22,54,0.4074074074074074,49.926294472154105,51,1.0737055278458976,11,19,0.5789473684210527,13.677749507129338,11,-2.6777495071293393,63.604043979283446,62,-1.6040439792834436
