Team,Score,FG Makes,FG Attempts,FG%,FG xP,FG Actual,FG Performance,FT Makes,FT Attempts,FT%,FT xP,FT Actual,FT Performance,Total xP,Total Actual,Total Performance
La Salle,63,20,54,0.37037037037037035,53.44991138870393,44,-9.449911388703923,19,24,0.7916666666666666,17.277140419076513,19,1.7228595809234861,70.72705180778043,63,-7.7270518077804375
Temple,90,34,68,0.5,69.02706086275671,80,10.972939137243289,10,14,0.7142857142857143,10.078331911127966,10,-0.07833191112796656,79.10539277388467,90,10.89460722611532
