Team,Score,FG Makes,FG Attempts,FG%,FG xP,FG Actual,FG Performance,FT Makes,FT Attempts,FT%,FT xP,FT Actual,FT Performance,Total xP,Total Actual,Total Performance
Southeast Missouri State,74,30,62,0.4838709677419355,62.86705513834926,69,6.132944861650746,5,9,0.5555555555555556,6.478933977061266,5,-1.4789339770612662,69.34598911541053,74,4.6540108845894785
Chattanooga,70,25,50,0.5,49.98997601689395,57,7.010023983106058,13,17,0.7647058823529411,12.237986401115725,13,0.7620135988842753,62.22796241800967,70,7.7720375819903325
