Team,Score,FG Makes,FG Attempts,FG%,FG xP,FG Actual,FG Performance,FT Makes,FT Attempts,FT%,FT xP,FT Actual,FT Performance,Total xP,Total Actual,Total Performance
Texas A&M-Corpus Christi,46,19,59,0.3220338983050847,59.676977877383486,39,-20.676977877383482,7,13,0.5384615384615384,9.358451060333111,7,-2.3584510603331115,69.0354289377166,46,-23.035428937716595
Kansas,77,27,50,0.54,51.95086052185293,62,10.049139478147069,15,22,0.6818181818181818,15.837378717486805,15,-0.8373787174868048,67.78823923933973,77,9.211760760660265
