Team,Score,FG Makes,FG Attempts,FG%,FG xP,FG Actual,FG Performance,FT Makes,FT Attempts,FT%,FT xP,FT Actual,FT Performance,Total xP,Total Actual,Total Performance
Mississippi Valley State,84,30,59,0.5084745762711864,58.10252372032688,70,11.89747627967312,14,19,0.7368421052631579,13.67818682994206,14,0.32181317005793986,71.78071055026894,84,12.219289449731058
Texas A&M,120,31,62,0.5,63.38158181358199,78,14.618418186418015,42,50,0.84,35.99522849984753,42,6.004771500152474,99.3768103134295,120,20.623189686570488
