Team,Score,FG Makes,FG Attempts,FG%,FG xP,FG Actual,FG Performance,FT Makes,FT Attempts,FT%,FT xP,FT Actual,FT Performance,Total xP,Total Actual,Total Performance
Northern Arizona,68,28,61,0.45901639344262296,58.320372870909125,62,3.679627129090873,6,8,0.75,5.759046806358838,6,0.2409531936411622,64.07941967726796,68,3.920580322732034
North Dakota State,69,26,64,0.40625,62.57607447570298,58,-4.576074475702982,11,18,0.6111111111111112,12.957855314307384,11,-1.9578553143073851,75.53392979001036,69,-6.533929790010368
