Team,Score,FG Makes,FG Attempts,FG%,FG xP,FG Actual,FG Performance,FT Makes,FT Attempts,FT%,FT xP,FT Actual,FT Performance,Total xP,Total Actual,Total Performance
San Francisco,69,26,59,0.4406779661016949,57.25500591861209,62,4.74499408138791,7,13,0.5384615384615384,9.358460189088495,7,-2.3584601890884955,66.61346610770059,69,2.386533892299415
Colorado,79,33,69,0.4782608695652174,65.94090460915167,74,8.059095390848334,5,8,0.625,5.759052424054459,5,-0.7590524240544585,71.69995703320613,79,7.300042966793874
