Team,Score,FG Makes,FG Attempts,FG%,FG xP,FG Actual,FG Performance,FT Makes,FT Attempts,FT%,FT xP,FT Actual,FT Performance,Total xP,Total Actual,Total Performance
Harvard,71,28,65,0.4307692307692308,63.688315462579446,59,-4.688315462579447,12,15,0.8,10.798212761922821,12,1.201787238077179,74.48652822450227,71,-3.48652822450227
Massachusetts,78,28,55,0.509090909090909,56.216407636522334,64,7.783592363477668,14,21,0.6666666666666666,15.117497866691949,14,-1.1174978666919497,71.33390550321428,78,6.666094496785718
