Team,Score,FG Makes,FG Attempts,FG%,FG xP,FG Actual,FG Performance,FT Makes,FT Attempts,FT%,FT xP,FT Actual,FT Performance,Total xP,Total Actual,Total Performance
Harvard,71,28,65,0.4307692307692308,63.688315462579446,59,-4.688315462579447,12,15,0.8,10.79822329510211,12,1.2017767048978902,74.48653875768156,71,-3.4865387576815587
Massachusetts,78,28,55,0.509090909090909,56.216407636522334,64,7.783592363477668,14,21,0.6666666666666666,15.117512613142953,14,-1.117512613142954,71.33392024966528,78,6.666079750334713
