Team,Score,FG Makes,FG Attempts,FG%,FG xP,FG Actual,FG Performance,FT Makes,FT Attempts,FT%,FT xP,FT Actual,FT Performance,Total xP,Total Actual,Total Performance
VMI,54,18,49,0.3673469387755102,51.04987376644891,44,-7.049873766448913,10,20,0.5,14.397617015897094,10,-4.397617015897095,65.447490782346,54,-11.447490782346009
Richmond,87,33,59,0.559322033898305,59.53888982620173,78,18.461110173798264,9,14,0.6428571428571429,10.078331911127966,9,-1.0783319111279663,69.6172217373297,87,17.382778262670296
