Team,Score,FG Makes,FG Attempts,FG%,FG xP,FG Actual,FG Performance,FT Makes,FT Attempts,FT%,FT xP,FT Actual,FT Performance,Total xP,Total Actual,Total Performance
Queens University,69,24,63,0.38095238095238093,63.70288477865607,57,-6.702884778656056,12,18,0.6666666666666666,12.95786795412253,12,-0.9578679541225319,76.6607527327786,69,-7.6607527327785885
Virginia,94,32,60,0.5333333333333333,60.6909145431859,79,18.309085456814095,15,22,0.6818181818181818,15.83739416614976,15,-0.8373941661497611,76.52830870933568,94,17.471691290664335
