Team,Score,FG Makes,FG Attempts,FG%,FG xP,FG Actual,FG Performance,FT Makes,FT Attempts,FT%,FT xP,FT Actual,FT Performance,Total xP,Total Actual,Total Performance
Northern Colorado,75,26,60,0.43333333333333335,62.73246618662653,62,-0.7324661866265314,13,15,0.8666666666666667,10.79821276192282,13,2.2017872380771792,73.53067894854935,75,1.4693210514506456
Omaha,70,24,55,0.43636363636363634,53.7593734197016,55,1.240626580298395,15,22,0.6818181818181818,15.837378717486803,15,-0.8373787174868046,69.5967521371884,70,0.40324786281158975
