Team,Score,FG Makes,FG Attempts,FG%,FG xP,FG Actual,FG Performance,FT Makes,FT Attempts,FT%,FT xP,FT Actual,FT Performance,Total xP,Total Actual,Total Performance
Akron,88,31,62,0.5,62.740679053621136,75,12.259320946378873,13,17,0.7647058823529411,12.237986401115725,13,0.7620135988842751,74.97866545473686,88,13.021334545263146
Tulane,71,24,62,0.3870967741935484,63.683084252865754,55,-8.68308425286575,16,22,0.7272727272727273,15.83739416614976,16,0.16260583385023875,79.52047841901552,71,-8.520478419015511
