Team,Score,FG Makes,FG Attempts,FG%,FG xP,FG Actual,FG Performance,FT Makes,FT Attempts,FT%,FT xP,FT Actual,FT Performance,Total xP,Total Actual,Total Performance
Jackson State,51,21,55,0.38181818181818183,54.62384370415454,47,-7.623843704154539,4,5,0.8,3.599404253974274,4,0.40059574602572623,58.22324795812881,51,-7.223247958128813
Louisiana,45,16,52,0.3076923076923077,54.295636823750726,37,-17.295636823750726,8,16,0.5,11.518093612717676,8,-3.518093612717676,65.8137304364684,45,-20.813730436468404
