Team,Score,FG Makes,FG Attempts,FG%,FG xP,FG Actual,FG Performance,FT Makes,FT Attempts,FT%,FT xP,FT Actual,FT Performance,Total xP,Total Actual,Total Performance
Idaho,84,26,53,0.49056603773584906,50.61811646569463,63,12.381883534305373,21,29,0.7241379310344828,20.876544673050788,21,0.12345532694921224,71.49466113874541,84,12.505338861254584
South Dakota State,81,26,55,0.4727272727272727,48.80837201036112,57,8.191627989638878,24,33,0.7272727272727273,23.756068076230203,24,0.243931923769793,72.56444008659132,81,8.435559913408671
