Team,Score,FG Makes,FG Attempts,FG%,FG xP,FG Actual,FG Performance,FT Makes,FT Attempts,FT%,FT xP,FT Actual,FT Performance,Total xP,Total Actual,Total Performance
UC San Diego,70,28,69,0.4057971014492754,71.18424310113613,62,-9.184243101136133,8,11,0.7272727272727273,7.918689358743402,8,0.08131064125659782,79.10293245987953,70,-9.102932459879536
Nevada,76,28,60,0.4666666666666667,58.66959383301708,63,4.330406166982916,13,22,0.5909090909090909,15.837378717486803,13,-2.8373787174868044,74.50697255050389,76,1.493027449496109
