Team,Score,FG Makes,FG Attempts,FG%,FG xP,FG Actual,FG Performance,FT Makes,FT Attempts,FT%,FT xP,FT Actual,FT Performance,Total xP,Total Actual,Total Performance
UC San Diego,70,28,69,0.4057971014492754,71.18424310113613,62,-9.184243101136133,8,11,0.7272727272727273,7.91869708307488,8,0.08130291692511937,79.10294018421101,70,-9.102940184211015
Nevada,76,28,60,0.4666666666666667,58.66959383301708,63,4.330406166982916,13,22,0.5909090909090909,15.83739416614976,13,-2.8373941661497613,74.50698799916684,76,1.4930120008331522
