Team,Score,FG Makes,FG Attempts,FG%,FG xP,FG Actual,FG Performance,FT Makes,FT Attempts,FT%,FT xP,FT Actual,FT Performance,Total xP,Total Actual,Total Performance
Washington State,60,21,49,0.42857142857142855,46.74103744662086,50,3.2589625533791375,10,12,0.8333333333333334,8.638570209538257,10,1.3614297904617427,55.379607656159116,60,4.620392343840879
Bradley,64,22,62,0.3548387096774194,62.70263639151565,51,-11.70263639151565,13,22,0.5909090909090909,15.837378717486803,13,-2.8373787174868044,78.54001510900245,64,-14.540015109002454
