Team,Score,FG Makes,FG Attempts,FG%,FG xP,FG Actual,FG Performance,FT Makes,FT Attempts,FT%,FT xP,FT Actual,FT Performance,Total xP,Total Actual,Total Performance
Mount St. Mary's,74,27,52,0.5192307692307693,51.27366213038038,67,15.72633786961962,7,18,0.3888888888888889,12.957855314307384,7,-5.957855314307386,64.23151744468777,74,9.768482555312234
St. Francis (PA),66,23,65,0.35384615384615387,62.650463880157446,53,-9.650463880157453,13,18,0.7222222222222222,12.957855314307386,13,0.042144685692614536,75.60831919446483,66,-9.608319194464837
