Team,Score,FG Makes,FG Attempts,FG%,FG xP,FG Actual,FG Performance,FT Makes,FT Attempts,FT%,FT xP,FT Actual,FT Performance,Total xP,Total Actual,Total Performance
Troy,64,23,56,0.4107142857142857,56.23517481241491,55,-1.2351748124149138,9,13,0.6923076923076923,9.358451060333111,9,-0.3584510603331117,65.59362587274802,64,-1.593625872748027
Furman,61,22,56,0.39285714285714285,55.35803347393321,53,-2.3580334739332107,8,12,0.6666666666666666,8.638570209538257,8,-0.6385702095382568,63.99660368347147,61,-2.996603683471469
