Team,Score,FG Makes,FG Attempts,FG%,FG xP,FG Actual,FG Performance,FT Makes,FT Attempts,FT%,FT xP,FT Actual,FT Performance,Total xP,Total Actual,Total Performance
St. Thomas-Minnesota,58,25,54,0.46296296296296297,53.620275732587636,55,1.3797242674123693,3,10,0.3,7.198808507948548,3,-4.198808507948548,60.81908424053618,58,-2.8190842405361796
Saint Mary's,84,29,57,0.5087719298245614,58.10605813985878,69,10.893941860141215,15,19,0.7894736842105263,13.677736165102239,15,1.3222638348977598,71.78379430496103,84,12.216205695038973
