Team,Score,FG Makes,FG Attempts,FG%,FG xP,FG Actual,FG Performance,FT Makes,FT Attempts,FT%,FT xP,FT Actual,FT Performance,Total xP,Total Actual,Total Performance
Arizona,71,25,54,0.46296296296296297,50.55292655791446,52,1.4470734420855358,19,25,0.76,17.997021269871368,19,1.0029787301286313,68.54994782778583,71,2.450052172214165
UConn,67,25,56,0.44642857142857145,53.72794731061133,58,4.272052689388674,9,18,0.5,12.957855314307384,9,-3.9578553143073854,66.68580262491872,67,0.31419737508128787
