Team,Score,FG Makes,FG Attempts,FG%,FG xP,FG Actual,FG Performance,FT Makes,FT Attempts,FT%,FT xP,FT Actual,FT Performance,Total xP,Total Actual,Total Performance
Hofstra,63,24,59,0.4067796610169492,56.115005854200476,57,0.8849941457995225,6,11,0.5454545454545454,7.91869708307488,6,-1.9186970830748806,64.03370293727536,63,-1.033702937275359
La Salle,58,23,58,0.39655172413793105,54.82353450247065,49,-5.823534502470648,9,12,0.75,8.638578636081688,9,0.3614213639183119,63.46211313855234,58,-5.462113138552337
