Team,Score,FG Makes,FG Attempts,FG%,FG xP,FG Actual,FG Performance,FT Makes,FT Attempts,FT%,FT xP,FT Actual,FT Performance,Total xP,Total Actual,Total Performance
SMU,69,25,60,0.4166666666666667,50.92655303695469,52,1.073446963045304,17,23,0.7391304347826086,16.557805109929863,17,0.44219489007013824,67.48435814688456,69,1.5156418531154405
Vanderbilt,88,36,63,0.5714285714285714,54.88982292820047,78,23.110177071799527,10,12,0.8333333333333334,8.638854839963406,10,1.361145160036594,63.52867776816389,88,24.47132223183612
