Team,Score,FG Makes,FG Attempts,FG%,FG xP,FG Actual,FG Performance,FT Makes,FT Attempts,FT%,FT xP,FT Actual,FT Performance,Total xP,Total Actual,Total Performance
East Tennessee State,71,26,56,0.4642857142857143,56.42634404462068,59,2.57365595537932,12,15,0.8,10.79822329510211,12,1.20177670489789,67.22456733972278,71,3.775432660277212
Dayton,88,27,50,0.54,50.43378435438503,60,9.566215645614967,28,35,0.8,25.195854355238254,28,2.8041456447617437,75.6296387096233,88,12.37036129037671
