Team,Score,FG Makes,FG Attempts,FG%,FG xP,FG Actual,FG Performance,FT Makes,FT Attempts,FT%,FT xP,FT Actual,FT Performance,Total xP,Total Actual,Total Performance
Omaha,77,30,61,0.4918032786885246,64.0164920419207,70,5.983507958079306,7,10,0.7,7.198815530068073,7,-0.1988155300680734,71.21530757198877,77,5.7846924280112315
James Madison,88,32,58,0.5517241379310345,57.57712188741583,81,23.422878112584176,7,8,0.875,5.759052424054459,7,1.2409475759455413,63.33617431147029,88,24.663825688529716
