Team,Score,FG Makes,FG Attempts,FG%,FG xP,FG Actual,FG Performance,FT Makes,FT Attempts,FT%,FT xP,FT Actual,FT Performance,Total xP,Total Actual,Total Performance
Bethune-Cookman,90,44,91,0.4835164835164835,86.13638231898157,104,17.863617681018425,10,11,0.9090909090909091,7.918689358743402,10,2.0813106412565983,94.05507167772498,114,19.944928322275025
Auburn,95,40,88,0.45454545454545453,85.1536055959028,88,2.8463944040971825,34,54,0.6296296296296297,38.873565942922156,34,-4.873565942922157,124.02717153882496,122,-2.027171538824973
