Team,Score,FG Makes,FG Attempts,FG%,FG xP,FG Actual,FG Performance,FT Makes,FT Attempts,FT%,FT xP,FT Actual,FT Performance,Total xP,Total Actual,Total Performance
Stanford,72,25,67,0.373134328358209,65.37780481570381,58,-7.3778048157038185,14,18,0.7777777777777778,12.957855314307386,14,1.0421446856926146,78.3356601300112,72,-6.3356601300112025
Minnesota,68,23,45,0.5111111111111111,44.959561152867046,55,10.04043884713295,13,18,0.7222222222222222,12.957855314307386,13,0.042144685692614536,57.91741646717443,68,10.082583532825566
