Team,Score,FG Makes,FG Attempts,FG%,FG xP,FG Actual,FG Performance,FT Makes,FT Attempts,FT%,FT xP,FT Actual,FT Performance,Total xP,Total Actual,Total Performance
Cal State Northridge,71,26,66,0.3939393939393939,65.96837704192933,60,-5.9683770419293305,11,18,0.6111111111111112,12.957855314307386,11,-1.9578553143073854,78.92623235623671,71,-7.926232356236714
UC Irvine,85,31,63,0.49206349206349204,61.077522106043865,71,9.922477893956135,14,21,0.6666666666666666,15.117497866691949,14,-1.1174978666919495,76.19501997273584,85,8.804980027264182
