Team,Score,FG Makes,FG Attempts,FG%,FG xP,FG Actual,FG Performance,FT Makes,FT Attempts,FT%,FT xP,FT Actual,FT Performance,Total xP,Total Actual,Total Performance
Drexel,71,22,52,0.4230769230769231,50.72188544743723,50,-0.721885447437236,21,26,0.8076923076923077,18.716902120666223,21,2.283097879333776,69.43878756810345,71,1.5612124318965397
Morgan State,66,24,55,0.43636363636363634,49.59554221177462,50,0.4044577882253777,16,21,0.7619047619047619,15.117497866691949,16,0.8825021333080505,64.71304007846658,66,1.286959921533426
