Team,Score,FG Makes,FG Attempts,FG%,FG xP,FG Actual,FG Performance,FT Makes,FT Attempts,FT%,FT xP,FT Actual,FT Performance,Total xP,Total Actual,Total Performance
Oakland,83,29,56,0.5178571428571429,53.56406427098998,61,7.4359357290100245,22,32,0.6875,23.036187225435352,22,-1.0361872254353521,76.60025149642533,83,6.3997485035746715
Lamar,68,25,63,0.3968253968253968,61.29354039831324,57,-4.293540398313235,11,16,0.6875,11.518093612717676,11,-0.5180936127176758,72.81163401103092,68,-4.811634011030913
