Team,Score,FG Makes,FG Attempts,FG%,FG xP,FG Actual,FG Performance,FT Makes,FT Attempts,FT%,FT xP,FT Actual,FT Performance,Total xP,Total Actual,Total Performance
Oakland,83,29,56,0.5178571428571429,53.56406427098998,61,7.4359357290100245,22,32,0.6875,23.036209696217835,22,-1.0362096962178349,76.6002739672078,83,6.399726032792189
Lamar,68,25,63,0.3968253968253968,61.29354039831324,57,-4.293540398313235,11,16,0.6875,11.518104848108917,11,-0.5181048481089172,72.81164524642215,68,-4.811645246422154
