Team,Score,FG Makes,FG Attempts,FG%,FG xP,FG Actual,FG Performance,FT Makes,FT Attempts,FT%,FT xP,FT Actual,FT Performance,Total xP,Total Actual,Total Performance
Samford,72,25,61,0.4098360655737705,63.002353384759424,62,-1.0023533847594233,10,17,0.5882352941176471,12.237974463512531,10,-2.237974463512531,75.24032784827195,72,-3.240327848271956
Tulane,85,31,53,0.5849056603773585,51.50568933884353,73,21.49431066115647,12,13,0.9230769230769231,9.358451060333111,12,2.6415489396668876,60.86414039917664,85,24.135859600823352
