Team,Score,FG Makes,FG Attempts,FG%,FG xP,FG Actual,FG Performance,FT Makes,FT Attempts,FT%,FT xP,FT Actual,FT Performance,Total xP,Total Actual,Total Performance
Valparaiso,72,28,62,0.45161290322580644,58.68139194908408,64,5.318608050915915,8,12,0.6666666666666666,8.638570209538257,8,-0.6385702095382573,67.31996215862235,72,4.680037841377657
Marquette,75,21,60,0.35,60.12336600975598,48,-12.123366009755985,27,32,0.84375,23.036187225435352,27,3.963812774564648,83.15955323519135,75,-8.159553235191336
