Team,Score,FG Makes,FG Attempts,FG%,FG xP,FG Actual,FG Performance,FT Makes,FT Attempts,FT%,FT xP,FT Actual,FT Performance,Total xP,Total Actual,Total Performance
Michigan,67,23,53,0.4339622641509434,54.477421779722285,51,-3.477421779722283,16,20,0.8,14.397617015897094,16,1.602382984102905,68.87503879561937,67,-1.8750387956193801
TCU,63,23,62,0.3709677419354839,59.78618759672874,53,-6.786187596728735,10,15,0.6666666666666666,10.798212761922821,10,-0.7982127619228212,70.58440035865155,63,-7.584400358651555
