Team,Score,FG Makes,FG Attempts,FG%,FG xP,FG Actual,FG Performance,FT Makes,FT Attempts,FT%,FT xP,FT Actual,FT Performance,Total xP,Total Actual,Total Performance
Evansville,79,26,59,0.4406779661016949,56.21248511153931,66,9.787514888460692,13,23,0.5652173913043478,16.557275719156568,13,-3.5572757191565687,72.76976083069589,79,6.23023916930412
Western Kentucky,80,27,62,0.43548387096774194,59.617441852137965,63,3.382558147862037,17,23,0.7391304347826086,16.557275719156568,17,0.4427242808434313,76.17471757129454,80,3.8252824287054645
