Team,Score,FG Makes,FG Attempts,FG%,FG xP,FG Actual,FG Performance,FT Makes,FT Attempts,FT%,FT xP,FT Actual,FT Performance,Total xP,Total Actual,Total Performance
Kansas City,66,25,55,0.45454545454545453,52.471567574450866,53,0.5284324255491324,13,21,0.6190476190476191,15.117512613142953,13,-2.117512613142954,67.58908018759382,66,-1.5890801875938216
Eastern Washington,90,31,66,0.4696969696969697,64.96450080976106,71,6.0354991902389346,19,26,0.7307692307692307,18.71692037817699,19,0.2830796218230096,83.68142118793806,90,6.318578812061944
