Team,Score,FG Makes,FG Attempts,FG%,FG xP,FG Actual,FG Performance,FT Makes,FT Attempts,FT%,FT xP,FT Actual,FT Performance,Total xP,Total Actual,Total Performance
Tennessee,76,24,51,0.47058823529411764,51.413405650332194,53,1.5865943496678065,23,29,0.7931034482758621,20.877232529911566,23,2.122767470088435,72.29063818024376,76,3.709361819756243
Houston,73,28,61,0.45901639344262296,57.35604758340365,65,7.643952416596347,8,11,0.7272727272727273,7.918950269966455,8,0.08104973003354432,65.27499785337011,73,7.72500214662989
