Team,Score,FG Makes,FG Attempts,FG%,FG xP,FG Actual,FG Performance,FT Makes,FT Attempts,FT%,FT xP,FT Actual,FT Performance,Total xP,Total Actual,Total Performance
Idaho State,74,27,58,0.46551724137931033,57.891525262537556,62,4.108474737462451,12,16,0.75,11.518093612717676,12,0.4819063872823244,69.40961887525522,74,4.590381124744775
Seattle U,83,31,50,0.62,50.80077847210438,73,22.19922152789561,10,13,0.7692307692307693,9.358451060333111,10,0.6415489396668881,60.15922953243749,83,22.840770467562496
