Team,Score,FG Makes,FG Attempts,FG%,FG xP,FG Actual,FG Performance,FT Makes,FT Attempts,FT%,FT xP,FT Actual,FT Performance,Total xP,Total Actual,Total Performance
Georgetown,79,28,63,0.4444444444444444,62.8177456376356,65,2.182254362364401,14,21,0.6666666666666666,15.117497866691949,14,-1.1174978666919493,77.93524350432756,79,1.064756495672451
Dayton,84,24,59,0.4067796610169492,59.19145823988682,59,-0.1914582398868223,25,32,0.78125,23.03618722543535,25,1.9638127745646483,82.22764546532215,84,1.7723545346778249
