Team,Score,FG Makes,FG Attempts,FG%,FG xP,FG Actual,FG Performance,FT Makes,FT Attempts,FT%,FT xP,FT Actual,FT Performance,Total xP,Total Actual,Total Performance
Queens University,79,28,59,0.4745762711864407,57.86687041104062,65,7.133129588959374,14,17,0.8235294117647058,12.237986401115725,14,1.7620135988842753,70.10485681215634,79,8.89514318784365
Furman,90,32,60,0.5333333333333333,60.25606054014029,76,15.74393945985971,14,21,0.6666666666666666,15.117512613142953,14,-1.1175126131429536,75.37357315328325,90,14.626426846716756
