Team,Score,FG Makes,FG Attempts,FG%,FG xP,FG Actual,FG Performance,FT Makes,FT Attempts,FT%,FT xP,FT Actual,FT Performance,Total xP,Total Actual,Total Performance
Southeast Missouri State,84,29,63,0.4603174603174603,61.76631671874517,67,5.233683281254832,17,21,0.8095238095238095,15.117995969935961,17,1.8820040300640395,76.88431268868112,84,7.11568731131887
Missouri,89,32,54,0.5925925925925926,51.64377122044042,70,18.35622877955958,19,31,0.6129032258064516,22.317041669905464,19,-3.317041669905466,73.96081289034588,89,15.039187109654112
