Team,Score,FG Makes,FG Attempts,FG%,FG xP,FG Actual,FG Performance,FT Makes,FT Attempts,FT%,FT xP,FT Actual,FT Performance,Total xP,Total Actual,Total Performance
Eastern Washington,62,21,52,0.40384615384615385,48.21142291143296,45,-3.2114229114329698,17,25,0.68,17.997021269871368,17,-0.997021269871369,66.20844418130434,62,-4.208444181304337
Loyola Marymount,70,24,56,0.42857142857142855,52.315361558040784,57,4.684638441959217,13,21,0.6190476190476191,15.117497866691949,13,-2.1174978666919495,67.43285942473273,70,2.567140575267267
