Team,Score,FG Makes,FG Attempts,FG%,FG xP,FG Actual,FG Performance,FT Makes,FT Attempts,FT%,FT xP,FT Actual,FT Performance,Total xP,Total Actual,Total Performance
Portland State,68,23,58,0.39655172413793105,56.885444259098506,51,-5.885444259098513,17,24,0.7083333333333334,17.277157272163375,17,-0.27715727216337593,74.16260153126188,68,-6.162601531261888
Utah Tech,63,25,57,0.43859649122807015,55.12365817303497,55,-0.12365817303497328,8,10,0.8,7.198815530068074,8,0.8011844699319265,62.32247370310304,63,0.6775262968969527
