Team,Score,FG Makes,FG Attempts,FG%,FG xP,FG Actual,FG Performance,FT Makes,FT Attempts,FT%,FT xP,FT Actual,FT Performance,Total xP,Total Actual,Total Performance
Washington,84,29,64,0.453125,63.8781601443925,64,0.12183985560749822,20,25,0.8,17.997021269871368,20,2.002978730128631,81.87518141426386,84,2.1248185857361275
USC,76,22,60,0.36666666666666664,61.07456231815433,52,-9.07456231815433,24,28,0.8571428571428571,20.156663822255933,24,3.8433361777440664,81.23122614041027,76,-5.231226140410265
