Team,Score,FG Makes,FG Attempts,FG%,FG xP,FG Actual,FG Performance,FT Makes,FT Attempts,FT%,FT xP,FT Actual,FT Performance,Total xP,Total Actual,Total Performance
Louisville,80,29,70,0.4142857142857143,69.22116505974678,66,-3.2211650597467756,14,18,0.7777777777777778,12.957867954122532,14,1.0421320458774677,82.17903301386932,80,-2.1790330138693093
Arkansas,89,28,67,0.417910447761194,63.35872692118719,62,-1.3587269211871917,27,35,0.7714285714285715,25.195854355238254,27,1.8041456447617434,88.55458127642545,89,0.4454187235745515
