Team,Score,FG Makes,FG Attempts,FG%,FG xP,FG Actual,FG Performance,FT Makes,FT Attempts,FT%,FT xP,FT Actual,FT Performance,Total xP,Total Actual,Total Performance
Charleston Southern,62,25,70,0.35714285714285715,68.8785195924465,57,-11.878519592446494,5,8,0.625,5.759236559975603,5,-0.759236559975604,74.6377561524221,62,-12.637756152422101
South Carolina,74,25,60,0.4166666666666667,58.420023000816016,55,-3.4200230008160224,19,25,0.76,17.997614249923764,19,1.0023857500762372,76.41763725073979,74,-2.4176372507397863
