Team,Score,FG Makes,FG Attempts,FG%,FG xP,FG Actual,FG Performance,FT Makes,FT Attempts,FT%,FT xP,FT Actual,FT Performance,Total xP,Total Actual,Total Performance
Northern Illinois,59,25,60,0.4166666666666667,55.90754491673119,52,-3.90754491673119,7,17,0.4117647058823529,12.237974463512531,7,-5.237974463512531,68.14551938024371,59,-9.145519380243723
Austin Peay,77,27,51,0.5294117647058824,49.74496163810391,64,14.25503836189609,13,22,0.5909090909090909,15.837378717486803,13,-2.8373787174868044,65.58234035559072,77,11.417659644409284
