Team,Score,FG Makes,FG Attempts,FG%,FG xP,FG Actual,FG Performance,FT Makes,FT Attempts,FT%,FT xP,FT Actual,FT Performance,Total xP,Total Actual,Total Performance
UT Martin,86,17,48,0.3541666666666667,50.64792028467754,41,-9.647920284677536,27,48,0.5625,34.554280838153026,27,-7.554280838153028,85.20220112283056,68,-17.202201122830566
UNLV,81,23,50,0.46,50.29796053135122,53,2.7020394686487785,28,37,0.7567567567567568,26.635591479409626,28,1.3644085205903747,76.93355201076085,81,4.06644798923915
