Team,Score,FG Makes,FG Attempts,FG%,FG xP,FG Actual,FG Performance,FT Makes,FT Attempts,FT%,FT xP,FT Actual,FT Performance,Total xP,Total Actual,Total Performance
Grambling,62,21,49,0.42857142857142855,47.17196296749253,46,-1.1719629674925345,16,23,0.6956521739130435,16.55725956828166,16,-0.5572595682816593,63.72922253577419,62,-1.7292225357741948
Iowa State,102,36,66,0.5454545454545454,66.66804481648317,84,17.331955183516833,18,29,0.6206896551724138,20.876544673050788,18,-2.8765446730507875,87.54458948953396,102,14.455410510466042
