Team,Score,FG Makes,FG Attempts,FG%,FG xP,FG Actual,FG Performance,FT Makes,FT Attempts,FT%,FT xP,FT Actual,FT Performance,Total xP,Total Actual,Total Performance
Alabama State,68,19,58,0.3275862068965517,56.47492802391103,43,-13.474928023911033,25,31,0.8064516129032258,22.316306374640497,25,2.6836936253595027,78.79123439855152,68,-10.79123439855153
SIU Edwardsville,83,28,61,0.45901639344262296,61.602668627288,63,1.3973313727120056,20,30,0.6666666666666666,21.596425523845642,20,-1.5964255238456422,83.19909415113365,83,-0.19909415113363993
