Team,Score,FG Makes,FG Attempts,FG%,FG xP,FG Actual,FG Performance,FT Makes,FT Attempts,FT%,FT xP,FT Actual,FT Performance,Total xP,Total Actual,Total Performance
Gardner-Webb,84,34,73,0.4657534246575342,74.59359233073458,75,0.4064076692654326,9,15,0.6,10.798212761922821,9,-1.7982127619228212,85.39180509265739,84,-1.3918050926573886
Elon,95,32,59,0.5423728813559322,60.22033781723562,80,19.779662182764376,15,23,0.6521739130434783,16.55725956828166,15,-1.55725956828166,76.77759738551727,95,18.222402614482714
