Team,Score,FG Makes,FG Attempts,FG%,FG xP,FG Actual,FG Performance,FT Makes,FT Attempts,FT%,FT xP,FT Actual,FT Performance,Total xP,Total Actual,Total Performance
Stony Brook,75,27,68,0.39705882352941174,70.35939930379224,64,-6.359399303792241,11,14,0.7857142857142857,10.078331911127966,11,0.9216680888720334,80.4377312149202,75,-5.437731214920207
Duquesne,84,27,58,0.46551724137931033,59.99401781951548,65,5.005982180484525,19,26,0.7307692307692307,18.716902120666223,19,0.2830978793337765,78.7109199401817,84,5.289080059818298
