Team,Score,FG Makes,FG Attempts,FG%,FG xP,FG Actual,FG Performance,FT Makes,FT Attempts,FT%,FT xP,FT Actual,FT Performance,Total xP,Total Actual,Total Performance
Northern Iowa,72,25,55,0.45454545454545453,54.876541099369824,62,7.123458900630178,10,15,0.6666666666666666,10.79822329510211,10,-0.7982232951021098,65.67476439447194,72,6.32523560552807
Loyola Chicago,51,17,57,0.2982456140350877,57.135305145417995,42,-15.13530514541799,9,15,0.6,10.79822329510211,9,-1.79822329510211,67.9335284405201,51,-16.9335284405201
