Team,Score,FG Makes,FG Attempts,FG%,FG xP,FG Actual,FG Performance,FT Makes,FT Attempts,FT%,FT xP,FT Actual,FT Performance,Total xP,Total Actual,Total Performance
Howard,60,21,64,0.328125,64.77914675037148,48,-16.779146750371478,12,16,0.75,11.518093612717676,12,0.4819063872823238,76.29724036308916,60,-16.297240363089156
Stetson,64,18,45,0.4,44.78094545536271,43,-1.7809454553627084,21,28,0.75,20.156663822255933,21,0.8433361777440669,64.93760927761863,64,-0.9376092776186424
