Team,Score,FG Makes,FG Attempts,FG%,FG xP,FG Actual,FG Performance,FT Makes,FT Attempts,FT%,FT xP,FT Actual,FT Performance,Total xP,Total Actual,Total Performance
Hofstra,77,27,51,0.5294117647058824,49.35991655581052,60,10.640083444189473,17,18,0.9444444444444444,12.957867954122532,17,4.042132045877468,62.317784509933055,77,14.68221549006694
Pennsylvania,60,21,65,0.3230769230769231,60.292426095974484,48,-12.292426095974488,12,17,0.7058823529411765,12.237986401115725,12,-0.23798640111572478,72.53041249709021,60,-12.53041249709021
