Team,Score,FG Makes,FG Attempts,FG%,FG xP,FG Actual,FG Performance,FT Makes,FT Attempts,FT%,FT xP,FT Actual,FT Performance,Total xP,Total Actual,Total Performance
St. John's,96,35,61,0.5737704918032787,58.610906481157464,81,22.38909351884254,15,22,0.6818181818181818,15.837378717486803,15,-0.8373787174868047,74.44828519864426,96,21.551714801355732
Baylor,81,29,78,0.3717948717948718,76.05682232860777,66,-10.056822328607778,15,17,0.8823529411764706,12.237974463512531,15,2.762025536487469,88.29479679212032,81,-7.29479679212031
