Team,Score,FG Makes,FG Attempts,FG%,FG xP,FG Actual,FG Performance,FT Makes,FT Attempts,FT%,FT xP,FT Actual,FT Performance,Total xP,Total Actual,Total Performance
Howard,75,26,68,0.38235294117647056,67.61036304535678,60,-7.610363045356781,15,21,0.7142857142857143,15.117512613142955,15,-0.11751261314295391,82.72787565849974,75,-7.7278756584997375
Mount St. Mary's,79,29,56,0.5178571428571429,56.66462955424838,66,9.335370445751622,13,16,0.8125,11.518104848108917,13,1.4818951518910826,68.1827344023573,79,10.817265597642702
