Team,Score,FG Makes,FG Attempts,FG%,FG xP,FG Actual,FG Performance,FT Makes,FT Attempts,FT%,FT xP,FT Actual,FT Performance,Total xP,Total Actual,Total Performance
Jackson State,70,25,63,0.3968253968253968,63.08914251418392,61,-2.08914251418392,9,16,0.5625,11.518093612717676,9,-2.518093612717676,74.6072361269016,70,-4.607236126901597
Louisville,106,35,67,0.5223880597014925,70.21069607022461,80,9.789303929775384,26,35,0.7428571428571429,25.195829777819917,26,0.8041702221800844,95.40652584804452,106,10.593474151955467
