Team,Score,FG Makes,FG Attempts,FG%,FG xP,FG Actual,FG Performance,FT Makes,FT Attempts,FT%,FT xP,FT Actual,FT Performance,Total xP,Total Actual,Total Performance
Siena,64,23,50,0.46,46.53011100490981,48,1.4698889950901837,16,24,0.6666666666666666,17.277140419076513,16,-1.277140419076514,63.80725142398633,64,0.1927485760136709
Maine,60,23,47,0.48936170212765956,44.83078382627835,53,8.169216173721653,7,15,0.4666666666666667,10.798212761922821,7,-3.798212761922821,55.62899658820117,60,4.3710034117988315
