Team,Score,FG Makes,FG Attempts,FG%,FG xP,FG Actual,FG Performance,FT Makes,FT Attempts,FT%,FT xP,FT Actual,FT Performance,Total xP,Total Actual,Total Performance
UAlbany,65,22,60,0.36666666666666664,57.427128078707725,47,-10.427128078707721,18,27,0.6666666666666666,19.436801931183798,18,-1.4368019311837976,76.86393000989152,65,-11.86393000989152
Columbia,93,34,62,0.5483870967741935,61.08727603648246,77,15.912723963517541,16,19,0.8421052631578947,13.677749507129338,16,2.322250492870661,74.7650255436118,93,18.2349744563882
