Team,Score,FG Makes,FG Attempts,FG%,FG xP,FG Actual,FG Performance,FT Makes,FT Attempts,FT%,FT xP,FT Actual,FT Performance,Total xP,Total Actual,Total Performance
Chattanooga,66,22,52,0.4230769230769231,49.26733074967845,51,1.7326692503215602,15,19,0.7894736842105263,13.67773616510224,15,1.32226383489776,62.94506691478069,66,3.0549330852193215
Saint Mary's,87,26,45,0.5777777777777777,43.055875649373824,60,16.944124350626172,27,29,0.9310344827586207,20.876544673050788,27,6.1234553269492125,63.932420322424626,87,23.06757967757538
