Team,Score,FG Makes,FG Attempts,FG%,FG xP,FG Actual,FG Performance,FT Makes,FT Attempts,FT%,FT xP,FT Actual,FT Performance,Total xP,Total Actual,Total Performance
Duke,114,37,65,0.5692307692307692,67.38287555109332,90,22.617124448906672,24,29,0.8275862068965517,20.877232529911563,24,3.1227674700884354,88.26010808100489,114,25.739891918995106
Army,59,21,68,0.3088235294117647,68.55990245978698,54,-14.559902459787,5,7,0.7142857142857143,5.0393319899786535,5,-0.039331989978653614,73.59923444976566,59,-14.599234449765653
