Team,Score,FG Makes,FG Attempts,FG%,FG xP,FG Actual,FG Performance,FT Makes,FT Attempts,FT%,FT xP,FT Actual,FT Performance,Total xP,Total Actual,Total Performance
North Dakota,62,24,62,0.3870967741935484,61.48984125988339,53,-8.489841259883384,9,17,0.5294117647058824,12.238377689948159,9,-3.238377689948159,73.72821894983154,62,-11.728218949831543
Alabama,91,31,58,0.5344827586206896,63.34231850653766,70,6.657681493462343,21,27,0.7777777777777778,19.437423389917665,21,1.562576610082336,82.77974189645532,91,8.22025810354468
