Team,Score,FG Makes,FG Attempts,FG%,FG xP,FG Actual,FG Performance,FT Makes,FT Attempts,FT%,FT xP,FT Actual,FT Performance,Total xP,Total Actual,Total Performance
UAlbany,68,26,70,0.37142857142857144,68.1615771728691,58,-10.161577172869098,10,13,0.7692307692307693,9.358460189088495,10,0.6415398109115046,77.52003736195758,68,-9.520037361957593
Fordham,88,32,54,0.5925925925925926,52.57072577444467,74,21.429274225555336,14,21,0.6666666666666666,15.117512613142955,14,-1.117512613142954,67.68823838758762,88,20.31176161241238
