Team,Score,FG Makes,FG Attempts,FG%,FG xP,FG Actual,FG Performance,FT Makes,FT Attempts,FT%,FT xP,FT Actual,FT Performance,Total xP,Total Actual,Total Performance
UAlbany,68,26,70,0.37142857142857144,68.1615771728691,58,-10.161577172869098,10,13,0.7692307692307693,9.358451060333111,10,0.6415489396668882,77.5200282332022,68,-9.52002823320221
Fordham,88,32,54,0.5925925925925926,52.57072577444467,74,21.429274225555336,14,21,0.6666666666666666,15.11749786669195,14,-1.1174978666919497,67.68822364113662,88,20.311776358863384
