Team,Score,FG Makes,FG Attempts,FG%,FG xP,FG Actual,FG Performance,FT Makes,FT Attempts,FT%,FT xP,FT Actual,FT Performance,Total xP,Total Actual,Total Performance
Florida International,66,28,71,0.39436619718309857,70.41009885435894,62,-8.410098854358935,4,6,0.6666666666666666,4.319285104769128,4,-0.3192851047691285,74.72938395912806,66,-8.729383959128064
Nebraska,96,37,67,0.5522388059701493,68.1715384900533,91,22.82846150994671,5,8,0.625,5.759046806358838,5,-0.759046806358838,73.93058529641215,96,22.06941470358787
