Team,Score,FG Makes,FG Attempts,FG%,FG xP,FG Actual,FG Performance,FT Makes,FT Attempts,FT%,FT xP,FT Actual,FT Performance,Total xP,Total Actual,Total Performance
Holy Cross,79,27,65,0.4153846153846154,63.67663252193972,65,1.3233674780602778,14,21,0.6666666666666666,15.117497866691949,14,-1.11749786669195,78.79413038863169,79,0.2058696113683256
Providence,89,31,62,0.5,63.34997237530909,69,5.650027624690907,20,27,0.7407407407407407,19.436782971461078,20,0.5632170285389216,82.78675534677016,89,6.213244653229826
