Team,Score,FG Makes,FG Attempts,FG%,FG xP,FG Actual,FG Performance,FT Makes,FT Attempts,FT%,FT xP,FT Actual,FT Performance,Total xP,Total Actual,Total Performance
Army,76,27,62,0.43548387096774194,63.36345696361074,65,1.6365430363892697,11,14,0.7857142857142857,10.078331911127966,11,0.9216680888720339,73.4417888747387,76,2.5582111252613045
St. Thomas-Minnesota,83,30,60,0.5,60.50652143871008,65,4.493478561289922,18,25,0.72,17.997021269871368,18,0.002978730128630813,78.50354270858145,83,4.496457291418553
