Team,Score,FG Makes,FG Attempts,FG%,FG xP,FG Actual,FG Performance,FT Makes,FT Attempts,FT%,FT xP,FT Actual,FT Performance,Total xP,Total Actual,Total Performance
Alabama A&M,60,20,58,0.3448275862068966,52.31641367283616,46,-6.316413672836155,14,22,0.6363636363636364,15.837378717486803,14,-1.8373787174868048,68.15379239032296,60,-8.153792390322959
Coastal Carolina,67,17,50,0.34,47.7842715586189,39,-8.784271558618897,28,34,0.8235294117647058,24.475948927025062,28,3.524051072974939,72.26022048564396,67,-5.260220485643959
