Team,Score,FG Makes,FG Attempts,FG%,FG xP,FG Actual,FG Performance,FT Makes,FT Attempts,FT%,FT xP,FT Actual,FT Performance,Total xP,Total Actual,Total Performance
New Hampshire,38,15,60,0.25,57.00978489534716,34,-23.009784895347156,4,9,0.4444444444444444,6.478927657153692,4,-2.4789276571536925,63.48871255250085,38,-25.488712552500854
Clemson,88,26,51,0.5098039215686274,50.31602977823708,58,7.683970221762918,30,41,0.7317073170731707,29.515114882589046,30,0.48488511741095564,79.83114466082613,88,8.168855339173872
