Team,Score,FG Makes,FG Attempts,FG%,FG xP,FG Actual,FG Performance,FT Makes,FT Attempts,FT%,FT xP,FT Actual,FT Performance,Total xP,Total Actual,Total Performance
Samford,57,21,60,0.35,59.46699685961867,44,-15.466996859618666,13,19,0.6842105263157895,13.67773616510224,13,-0.6777361651022404,73.1447330247209,57,-16.144733024720907
VCU,83,29,65,0.4461538461538462,66.14540664750801,70,3.854593352491997,13,22,0.5909090909090909,15.837378717486803,13,-2.8373787174868044,81.9827853649948,83,1.0172146350051907
