Team,Score,FG Makes,FG Attempts,FG%,FG xP,FG Actual,FG Performance,FT Makes,FT Attempts,FT%,FT xP,FT Actual,FT Performance,Total xP,Total Actual,Total Performance
Houston Christian,85,28,58,0.4827586206896552,56.29551082733176,62,5.704489172668239,23,30,0.7666666666666667,21.596446590204216,23,1.40355340979578,77.89195741753598,85,7.108042582464019
New Orleans,76,27,58,0.46551724137931033,58.44509127694001,63,4.554908723059994,13,20,0.65,14.397631060136145,13,-1.3976310601361468,72.84272233707614,76,3.157277662923847
