Team,Score,FG Makes,FG Attempts,FG%,FG xP,FG Actual,FG Performance,FT Makes,FT Attempts,FT%,FT xP,FT Actual,FT Performance,Total xP,Total Actual,Total Performance
Southeast Missouri State,67,22,62,0.3548387096774194,58.045134827541524,49,-9.045134827541522,18,26,0.6923076923076923,18.71690212066622,18,-0.7169021206662227,76.76203694820774,67,-9.762036948207745
Saint Louis,92,33,67,0.4925373134328358,67.92591348805009,75,7.074086511949913,17,21,0.8095238095238095,15.117497866691949,17,1.8825021333080503,83.04341135474205,92,8.95658864525796
