Team,Score,FG Makes,FG Attempts,FG%,FG xP,FG Actual,FG Performance,FT Makes,FT Attempts,FT%,FT xP,FT Actual,FT Performance,Total xP,Total Actual,Total Performance
Lehigh,57,19,51,0.37254901960784315,47.441065984429045,42,-5.441065984429045,15,23,0.6521739130434783,16.55725956828166,15,-1.5572595682816592,63.9983255527107,57,-6.998325552710704
Houston,75,26,61,0.4262295081967213,55.66898364562608,59,3.331016354373918,16,20,0.8,14.397617015897094,16,1.6023829841029047,70.06660066152317,75,4.933399338476823
