Team,Score,FG Makes,FG Attempts,FG%,FG xP,FG Actual,FG Performance,FT Makes,FT Attempts,FT%,FT xP,FT Actual,FT Performance,Total xP,Total Actual,Total Performance
Ball State,52,18,56,0.32142857142857145,54.816146907404196,42,-12.816146907404192,10,14,0.7142857142857143,10.078341742095303,10,-0.07834174209530242,64.8944886494995,52,-12.894488649499497
Evansville,64,22,52,0.4230769230769231,50.50276418059352,50,-0.5027641805935257,14,18,0.7777777777777778,12.957867954122532,14,1.0421320458774677,63.46063213471606,64,0.5393678652839404
