Team,Score,FG Makes,FG Attempts,FG%,FG xP,FG Actual,FG Performance,FT Makes,FT Attempts,FT%,FT xP,FT Actual,FT Performance,Total xP,Total Actual,Total Performance
Southern Indiana,74,23,55,0.41818181818181815,54.410187809524075,56,1.5898121904759224,18,36,0.5,25.915735908245065,18,-7.915735908245064,80.32592371776914,74,-6.325923717769144
Western Michigan,88,35,64,0.546875,64.04238906449004,80,15.957610935509958,8,12,0.6666666666666666,8.638578636081688,8,-0.638578636081688,72.68096770057173,88,15.319032299428269
