Team,Score,FG Makes,FG Attempts,FG%,FG xP,FG Actual,FG Performance,FT Makes,FT Attempts,FT%,FT xP,FT Actual,FT Performance,Total xP,Total Actual,Total Performance
Charlotte,69,23,52,0.4423076923076923,50.69404039781448,55,4.305959602185515,14,23,0.6086956521739131,16.557275719156568,14,-2.5572757191565687,67.25131611697105,69,1.7486838830289442
Illinois State,79,25,52,0.4807692307692308,54.52862889686694,58,3.471371103133057,21,31,0.6774193548387096,22.316328143211027,21,-1.3163281432110268,76.84495704007796,79,2.1550429599220333
