Team,Score,FG Makes,FG Attempts,FG%,FG xP,FG Actual,FG Performance,FT Makes,FT Attempts,FT%,FT xP,FT Actual,FT Performance,Total xP,Total Actual,Total Performance
Eastern Michigan,64,19,44,0.4318181818181818,44.62608959405993,45,0.3739104059400751,19,22,0.8636363636363636,15.83739416614976,19,3.1626058338502387,60.46348376020969,64,3.5365162397903127
Cincinnati,56,19,56,0.3392857142857143,57.83370636609117,45,-12.833706366091175,11,14,0.7857142857142857,10.078341742095303,11,0.9216582579046977,67.91204810818647,56,-11.912048108186479
