Team,Score,FG Makes,FG Attempts,FG%,FG xP,FG Actual,FG Performance,FT Makes,FT Attempts,FT%,FT xP,FT Actual,FT Performance,Total xP,Total Actual,Total Performance
Bryant,45,15,60,0.25,60.749237555508955,34,-26.74923755550896,11,16,0.6875,11.518093612717676,11,-0.518093612717676,72.26733116822663,45,-27.267331168226637
Georgia Tech,74,29,63,0.4603174603174603,63.03705628104932,68,4.962943718950685,6,10,0.6,7.198808507948547,6,-1.1988085079485473,70.23586478899787,74,3.764135211002136
