Team,Score,FG Makes,FG Attempts,FG%,FG xP,FG Actual,FG Performance,FT Makes,FT Attempts,FT%,FT xP,FT Actual,FT Performance,Total xP,Total Actual,Total Performance
Nevada,83,26,58,0.4482758620689655,53.98415518769241,59,5.01584481230759,24,28,0.8571428571428571,20.156663822255933,24,3.8433361777440664,74.14081900994834,83,8.859180990051655
Santa Clara,98,38,61,0.6229508196721312,59.8726585756265,88,28.127341424373498,10,16,0.625,11.518093612717676,10,-1.518093612717676,71.39075218834418,98,26.60924781165582
