Team,Score,FG Makes,FG Attempts,FG%,FG xP,FG Actual,FG Performance,FT Makes,FT Attempts,FT%,FT xP,FT Actual,FT Performance,Total xP,Total Actual,Total Performance
Northern Kentucky,77,25,64,0.390625,65.24232256013583,60,-5.242322560135822,17,18,0.9444444444444444,12.957867954122532,17,4.042132045877468,78.20019051425837,77,-1.2001905142583564
Purdue Fort Wayne,79,28,57,0.49122807017543857,58.08002912499848,65,6.919970875001506,14,22,0.6363636363636364,15.837394166149762,14,-1.8373941661497613,73.91742329114825,79,5.082576708851745
