Team,Score,FG Makes,FG Attempts,FG%,FG xP,FG Actual,FG Performance,FT Makes,FT Attempts,FT%,FT xP,FT Actual,FT Performance,Total xP,Total Actual,Total Performance
Cleveland State,80,22,48,0.4583333333333333,48.95690715148495,58,9.043092848515057,22,28,0.7857142857142857,20.156683484190605,22,1.8433165158093945,69.11359063567556,80,10.886409364324448
Northern Kentucky,95,34,61,0.5573770491803278,61.401681755446084,81,19.598318244553916,14,15,0.9333333333333333,10.79822329510211,14,3.20177670489789,72.1999050505482,95,22.8000949494518
