Team,Score,FG Makes,FG Attempts,FG%,FG xP,FG Actual,FG Performance,FT Makes,FT Attempts,FT%,FT xP,FT Actual,FT Performance,Total xP,Total Actual,Total Performance
VMI,68,19,57,0.3333333333333333,57.60816438217166,53,-4.608164382171662,15,20,0.75,14.398091399939009,15,0.6019086000609898,72.00625578211067,68,-4.006255782110671
Missouri,106,37,65,0.5692307692307692,67.79060720878158,81,13.20939279121841,25,35,0.7142857142857143,25.196659949893267,25,-0.19665994989326718,92.98726715867485,106,13.012732841325143
