Team,Score,FG Makes,FG Attempts,FG%,FG xP,FG Actual,FG Performance,FT Makes,FT Attempts,FT%,FT xP,FT Actual,FT Performance,Total xP,Total Actual,Total Performance
Saint Joseph's,60,23,52,0.4423076923076923,51.31109906344085,50,-1.3110990634408548,10,13,0.7692307692307693,9.358451060333111,10,0.6415489396668881,60.66955012377396,60,-0.669550123773968
Princeton,58,22,52,0.4230769230769231,49.73088270570155,55,5.269117294298449,3,7,0.42857142857142855,5.039165955563983,3,-2.039165955563983,54.770048661265534,58,3.2299513387344643
