Team,Score,FG Makes,FG Attempts,FG%,FG xP,FG Actual,FG Performance,FT Makes,FT Attempts,FT%,FT xP,FT Actual,FT Performance,Total xP,Total Actual,Total Performance
Holy Cross,70,21,50,0.42,48.55240008028362,53,4.447599919716378,17,24,0.7083333333333334,17.277140419076513,17,-0.277140419076514,65.82954049936014,70,4.170459500639867
Fordham,69,24,50,0.48,49.478000862269255,56,6.521999137730751,13,19,0.6842105263157895,13.677736165102239,13,-0.6777361651022402,63.155737027371494,69,5.84426297262851
