Team,Score,FG Makes,FG Attempts,FG%,FG xP,FG Actual,FG Performance,FT Makes,FT Attempts,FT%,FT xP,FT Actual,FT Performance,Total xP,Total Actual,Total Performance
Lamar,65,25,60,0.4166666666666667,55.15599202717462,57,1.8440079728253744,8,12,0.6666666666666666,8.638570209538257,8,-0.6385702095382568,63.794562236712885,65,1.2054377632871163
TCU,78,27,53,0.5094339622641509,53.17332190177252,62,8.82667809822748,16,24,0.6666666666666666,17.277140419076513,16,-1.2771404190765137,70.45046232084903,78,7.549537679150966
