Team,Score,FG Makes,FG Attempts,FG%,FG xP,FG Actual,FG Performance,FT Makes,FT Attempts,FT%,FT xP,FT Actual,FT Performance,Total xP,Total Actual,Total Performance
Syracuse,64,22,56,0.39285714285714285,58.04719778634872,52,-6.0471977863487165,12,19,0.631578947368421,13.677736165102239,12,-1.6777361651022402,71.72493395145095,64,-7.724933951450957
Iowa State,95,36,61,0.5901639344262295,60.44446390964097,81,20.555536090359027,14,21,0.6666666666666666,15.117497866691949,14,-1.1174978666919495,75.56196177633291,95,19.43803822366708
