Team,Score,FG Makes,FG Attempts,FG%,FG xP,FG Actual,FG Performance,FT Makes,FT Attempts,FT%,FT xP,FT Actual,FT Performance,Total xP,Total Actual,Total Performance
Canisius,48,18,50,0.36,50.43616814503311,43,-7.436168145033103,5,11,0.45454545454545453,7.918689358743403,5,-2.9186893587434026,58.35485750377651,48,-10.354857503776506
Dayton,88,27,51,0.5294117647058824,53.465132903917194,60,6.5348670960828175,28,41,0.6829268292682927,29.515114882589046,28,-1.5151148825890448,82.98024778650623,88,5.019752213493772
