Team,Score,FG Makes,FG Attempts,FG%,FG xP,FG Actual,FG Performance,FT Makes,FT Attempts,FT%,FT xP,FT Actual,FT Performance,Total xP,Total Actual,Total Performance
Wagner,63,21,57,0.3684210526315789,53.889415561034625,48,-5.889415561034626,15,18,0.8333333333333334,12.957867954122532,15,2.0421320458774677,66.84728351515716,63,-3.8472835151571605
Maryland,89,26,64,0.40625,65.02886734065069,57,-8.02886734065069,32,45,0.7111111111111111,32.39466988530633,32,-0.3946698853063304,97.42353722595702,89,-8.423537225957018
