Team,Score,FG Makes,FG Attempts,FG%,FG xP,FG Actual,FG Performance,FT Makes,FT Attempts,FT%,FT xP,FT Actual,FT Performance,Total xP,Total Actual,Total Performance
Alcorn State,81,33,67,0.4925373134328358,65.04273553125495,76,10.957264468745052,5,11,0.45454545454545453,7.918689358743403,5,-2.9186893587434026,72.96142488999836,81,8.038575110001648
LSU,107,35,63,0.5555555555555556,62.808466431037296,76,13.191533568962715,31,39,0.7948717948717948,28.075353180999333,31,2.9246468190006656,90.88381961203662,107,16.11618038796338
