Team,Score,FG Makes,FG Attempts,FG%,FG xP,FG Actual,FG Performance,FT Makes,FT Attempts,FT%,FT xP,FT Actual,FT Performance,Total xP,Total Actual,Total Performance
Elon,72,27,52,0.5192307692307693,53.26690835299357,64,10.733091647006429,10,18,0.5555555555555556,12.957855314307386,10,-2.9578553143073854,66.22476366730096,74,7.775236332699045
Miami,99,37,68,0.5441176470588235,69.68466434855347,83,13.315335651446535,16,23,0.6956521739130435,16.55725956828166,16,-0.557259568281659,86.24192391683513,99,12.758076083164873
