Team,Score,FG Makes,FG Attempts,FG%,FG xP,FG Actual,FG Performance,FT Makes,FT Attempts,FT%,FT xP,FT Actual,FT Performance,Total xP,Total Actual,Total Performance
Saint Joseph's,70,22,58,0.3793103448275862,55.067039346185815,52,-3.0670393461858136,18,21,0.8571428571428571,15.117512613142953,18,2.882487386857046,70.18455195932876,70,-0.1845519593287679
Temple,69,22,59,0.3728813559322034,56.44845564946454,51,-5.4484556494645435,18,24,0.75,17.277157272163375,18,0.7228427278366243,73.72561292162791,69,-4.725612921627919
