Team,Score,FG Makes,FG Attempts,FG%,FG xP,FG Actual,FG Performance,FT Makes,FT Attempts,FT%,FT xP,FT Actual,FT Performance,Total xP,Total Actual,Total Performance
UC Riverside,69,26,52,0.5,51.959521240759386,57,5.040478759240611,12,17,0.7058823529411765,12.237986401115725,12,-0.23798640111572444,64.19750764187512,69,4.802492358124885
Utah Tech,77,28,53,0.5283018867924528,50.854288486247164,62,11.145711513752838,15,18,0.8333333333333334,12.957867954122532,15,2.0421320458774677,63.8121564403697,77,13.187843559630304
