Team,Score,FG Makes,FG Attempts,FG%,FG xP,FG Actual,FG Performance,FT Makes,FT Attempts,FT%,FT xP,FT Actual,FT Performance,Total xP,Total Actual,Total Performance
Bucknell,77,29,71,0.4084507042253521,71.92587241721212,72,0.07412758278788445,5,7,0.7142857142857143,5.039165955563983,5,-0.03916595556398328,76.9650383727761,77,0.03496162722390039
Akron,97,35,62,0.5645161290322581,61.384080097700064,82,20.615919902299932,15,23,0.6521739130434783,16.55725956828166,15,-1.557259568281659,77.94133966598172,97,19.058660334018274
