Team,Score,FG Makes,FG Attempts,FG%,FG xP,FG Actual,FG Performance,FT Makes,FT Attempts,FT%,FT xP,FT Actual,FT Performance,Total xP,Total Actual,Total Performance
Southern Miss,64,24,55,0.43636363636363634,54.5761939040962,51,-3.5761939040962005,13,19,0.6842105263157895,13.67774950712934,13,-0.6777495071293392,68.25394341122555,64,-4.253943411225542
Miami,88,32,68,0.47058823529411764,69.64332919522013,71,1.35667080477986,17,24,0.7083333333333334,17.277157272163375,17,-0.27715727216337616,86.92048646738351,88,1.079513532616481
