Team,Score,FG Makes,FG Attempts,FG%,FG xP,FG Actual,FG Performance,FT Makes,FT Attempts,FT%,FT xP,FT Actual,FT Performance,Total xP,Total Actual,Total Performance
Georgia Southern,72,21,63,0.3333333333333333,64.55842311280979,51,-13.558423112809802,21,24,0.875,17.277140419076513,21,3.722859580923485,81.83556353188632,72,-9.835563531886319
Florida State,98,31,71,0.43661971830985913,73.2382968179349,79,5.761703182065118,19,29,0.6551724137931034,20.876544673050788,19,-1.8765446730507878,94.11484149098567,98,3.885158509014329
