Team,Score,FG Makes,FG Attempts,FG%,FG xP,FG Actual,FG Performance,FT Makes,FT Attempts,FT%,FT xP,FT Actual,FT Performance,Total xP,Total Actual,Total Performance
Manhattan,83,24,61,0.39344262295081966,61.05825690564454,54,-7.058256905644537,29,36,0.8055555555555556,25.91571062861477,29,3.0842893713852284,86.9739675342593,83,-3.97396753425931
USC,114,41,81,0.5061728395061729,80.03223141658701,90,9.967768583413005,24,32,0.75,23.036187225435352,24,0.9638127745646475,103.06841864202235,114,10.931581357977652
