Team,Score,FG Makes,FG Attempts,FG%,FG xP,FG Actual,FG Performance,FT Makes,FT Attempts,FT%,FT xP,FT Actual,FT Performance,Total xP,Total Actual,Total Performance
Central Arkansas,68,29,60,0.48333333333333334,57.70380222146679,63,5.2961977785332115,5,15,0.3333333333333333,10.798212761922821,5,-5.798212761922821,68.50201498338961,68,-0.5020149833896077
East Texas A&M,75,23,55,0.41818181818181815,55.19046237265799,56,0.8095376273420016,19,25,0.76,17.997021269871368,19,1.0029787301286315,73.18748364252937,75,1.8125163574706327
