Team,Score,FG Makes,FG Attempts,FG%,FG xP,FG Actual,FG Performance,FT Makes,FT Attempts,FT%,FT xP,FT Actual,FT Performance,Total xP,Total Actual,Total Performance
Vermont,79,31,60,0.5166666666666667,60.187538024371705,70,9.812461975628304,9,13,0.6923076923076923,9.358451060333111,9,-0.35845106033311147,69.5459890847048,79,9.454010915295191
Princeton,74,29,59,0.4915254237288136,56.89815178999795,70,13.101848210002053,4,12,0.3333333333333333,8.638570209538257,4,-4.638570209538257,65.5367219995362,74,8.463278000463795
