Team,Score,FG Makes,FG Attempts,FG%,FG xP,FG Actual,FG Performance,FT Makes,FT Attempts,FT%,FT xP,FT Actual,FT Performance,Total xP,Total Actual,Total Performance
Vermont,79,31,60,0.5166666666666667,60.187538024371705,70,9.812461975628304,9,13,0.6923076923076923,9.358460189088495,9,-0.3584601890884951,69.5459982134602,79,9.454001786539807
Princeton,74,29,59,0.4915254237288136,56.89815178999795,70,13.101848210002053,4,12,0.3333333333333333,8.638578636081688,4,-4.638578636081688,65.53673042607963,74,8.463269573920364
