Team,Score,FG Makes,FG Attempts,FG%,FG xP,FG Actual,FG Performance,FT Makes,FT Attempts,FT%,FT xP,FT Actual,FT Performance,Total xP,Total Actual,Total Performance
Eastern Kentucky,62,20,60,0.3333333333333333,50.540921532568596,48,-2.540921532568599,14,19,0.7368421052631579,13.677736165102239,14,0.3222638348977601,64.21865769767084,62,-2.218657697670837
Vanderbilt,92,36,69,0.5217391304347826,60.84674804511541,82,21.15325195488459,10,16,0.625,11.518093612717676,10,-1.518093612717676,72.3648416578331,92,19.635158342166918
