Team,Score,FG Makes,FG Attempts,FG%,FG xP,FG Actual,FG Performance,FT Makes,FT Attempts,FT%,FT xP,FT Actual,FT Performance,Total xP,Total Actual,Total Performance
Seton Hall,81,32,57,0.5614035087719298,53.43252674124304,69,15.567473258756962,12,18,0.6666666666666666,12.957855314307386,12,-0.9578553143073856,66.39038205555042,81,14.609617944449576
USC,83,23,46,0.5,43.797091527932864,52,8.202908472067138,31,38,0.8157894736842105,27.355472330204478,31,3.644527669795519,71.15256385813734,83,11.847436141862653
