Team,Score,FG Makes,FG Attempts,FG%,FG xP,FG Actual,FG Performance,FT Makes,FT Attempts,FT%,FT xP,FT Actual,FT Performance,Total xP,Total Actual,Total Performance
Seton Hall,81,32,57,0.5614035087719298,53.43252674124304,69,15.567473258756962,12,18,0.6666666666666666,12.957867954122532,12,-0.9578679541225321,66.39039469536556,81,14.60960530463443
USC,83,23,46,0.5,43.797091527932864,52,8.202908472067138,31,38,0.8157894736842105,27.355499014258676,31,3.644500985741321,71.15259054219155,83,11.847409457808459
