Team,Score,FG Makes,FG Attempts,FG%,FG xP,FG Actual,FG Performance,FT Makes,FT Attempts,FT%,FT xP,FT Actual,FT Performance,Total xP,Total Actual,Total Performance
Northeastern,93,32,58,0.5517241379310345,58.552232230170375,69,10.447767769829625,24,30,0.8,21.596425523845642,24,2.4035744761543576,80.14865775401601,93,12.851342245983979
Duquesne,86,32,59,0.5423728813559322,59.28382708129215,69,9.716172918707851,17,25,0.68,17.997021269871368,17,-0.9970212698713692,77.28084835116351,86,8.71915164883648
