Team,Score,FG Makes,FG Attempts,FG%,FG xP,FG Actual,FG Performance,FT Makes,FT Attempts,FT%,FT xP,FT Actual,FT Performance,Total xP,Total Actual,Total Performance
Ole Miss,58,20,55,0.36363636363636365,52.5786718217383,42,-10.578671821738293,16,20,0.8,14.398091399939009,16,1.6019086000609895,66.9767632216773,58,-8.976763221677304
St. John's,63,17,50,0.34,50.05253333327326,38,-12.052533333273264,25,35,0.7142857142857143,25.196659949893267,25,-0.19665994989326774,75.24919328316653,63,-12.249193283166532
