Team,Score,FG Makes,FG Attempts,FG%,FG xP,FG Actual,FG Performance,FT Makes,FT Attempts,FT%,FT xP,FT Actual,FT Performance,Total xP,Total Actual,Total Performance
Nicholls,63,22,51,0.43137254901960786,51.15025364644946,56,4.849746353550553,7,13,0.5384615384615384,9.358451060333111,7,-2.358451060333112,60.50870470678257,63,2.4912952932174406
Valparaiso,68,22,53,0.41509433962264153,49.67507138239215,51,1.3249286176078505,17,23,0.7391304347826086,16.55725956828166,17,0.44274043171834054,66.23233095067381,68,1.7676690493261904
