Team,Score,FG Makes,FG Attempts,FG%,FG xP,FG Actual,FG Performance,FT Makes,FT Attempts,FT%,FT xP,FT Actual,FT Performance,Total xP,Total Actual,Total Performance
Buffalo,71,22,53,0.41509433962264153,52.2465900700835,57,4.753409929916494,14,17,0.8235294117647058,12.237986401115725,14,1.7620135988842751,64.48457647119923,71,6.5154235288007705
Canisius,53,20,54,0.37037037037037035,54.07717986566938,43,-11.077179865669377,10,14,0.7142857142857143,10.078341742095303,10,-0.07834174209530276,64.15552160776468,53,-11.15552160776468
