Team,Score,FG Makes,FG Attempts,FG%,FG xP,FG Actual,FG Performance,FT Makes,FT Attempts,FT%,FT xP,FT Actual,FT Performance,Total xP,Total Actual,Total Performance
Holy Cross,49,18,52,0.34615384615384615,49.95231271249823,44,-5.952312712498228,5,11,0.45454545454545453,7.918689358743402,5,-2.9186893587434026,57.87100207124163,49,-8.87100207124163
Brown,68,25,52,0.4807692307692308,50.24726322128603,59,8.752736778713967,9,11,0.8181818181818182,7.918689358743402,9,1.0813106412565978,58.16595258002943,68,9.834047419970563
