Team,Score,FG Makes,FG Attempts,FG%,FG xP,FG Actual,FG Performance,FT Makes,FT Attempts,FT%,FT xP,FT Actual,FT Performance,Total xP,Total Actual,Total Performance
Wagner,75,26,61,0.4262295081967213,58.802405071387014,61,2.197594928612985,14,19,0.7368421052631579,13.677736165102239,14,0.32226383489776,72.48014123648925,75,2.5198587635107437
Georgetown,92,29,62,0.46774193548387094,61.951591172496244,67,5.0484088275037635,25,28,0.8928571428571429,20.156663822255933,25,4.843336177744067,82.10825499475217,92,9.891745005247827
