Team,Score,FG Makes,FG Attempts,FG%,FG xP,FG Actual,FG Performance,FT Makes,FT Attempts,FT%,FT xP,FT Actual,FT Performance,Total xP,Total Actual,Total Performance
Manhattan,56,21,56,0.375,54.015166172657686,46,-8.01516617265769,10,20,0.5,14.397617015897094,10,-4.397617015897095,68.41278318855478,56,-12.412783188554783
Hawai'i,86,29,66,0.4393939393939394,66.65956013722199,67,0.3404398627780081,19,26,0.7307692307692307,18.716902120666223,19,0.28309787933377695,85.37646225788819,86,0.623537742111784
