Team,Score,FG Makes,FG Attempts,FG%,FG xP,FG Actual,FG Performance,FT Makes,FT Attempts,FT%,FT xP,FT Actual,FT Performance,Total xP,Total Actual,Total Performance
Old Dominion,75,24,53,0.4528301886792453,50.987120785427784,59,8.012879214572212,16,22,0.7272727272727273,15.83739416614976,16,0.1626058338502382,66.82451495157756,75,8.175485048422452
Villanova,89,30,56,0.5357142857142857,56.53519523899405,70,13.464804761005952,19,26,0.7307692307692307,18.71692037817699,19,0.28307962182300916,75.25211561717104,89,13.74788438282896
