Team,Score,FG Makes,FG Attempts,FG%,FG xP,FG Actual,FG Performance,FT Makes,FT Attempts,FT%,FT xP,FT Actual,FT Performance,Total xP,Total Actual,Total Performance
UCLA,72,26,64,0.40625,64.04046705719699,59,-5.040467057196998,13,23,0.5652173913043478,16.55725956828166,13,-3.5572595682816597,80.59772662547864,72,-8.597726625478657
California,80,26,58,0.4482758620689655,55.08466876837605,63,7.915331231623957,17,22,0.7727272727272727,15.837378717486805,17,1.1626212825131952,70.92204748586285,80,9.077952514137149
