Team,Score,FG Makes,FG Attempts,FG%,FG xP,FG Actual,FG Performance,FT Makes,FT Attempts,FT%,FT xP,FT Actual,FT Performance,Total xP,Total Actual,Total Performance
Auburn,68,21,63,0.3333333333333333,63.21574019919659,48,-15.21574019919659,20,25,0.8,18.002564692285244,20,1.9974353077147562,81.21830489148184,68,-13.218304891481836
Arizona,97,41,67,0.6119402985074627,66.5734676729988,88,21.42653232700118,9,12,0.75,8.641231052296916,9,0.3587689477030833,75.21469872529573,97,21.785301274704263
