Team,Score,FG Makes,FG Attempts,FG%,FG xP,FG Actual,FG Performance,FT Makes,FT Attempts,FT%,FT xP,FT Actual,FT Performance,Total xP,Total Actual,Total Performance
Tennessee Tech,81,31,72,0.4305555555555556,71.55317724466738,65,-6.553177244667393,16,21,0.7619047619047619,15.117497866691949,16,0.8825021333080507,86.67067511135934,81,-5.670675111359343
Georgia,123,41,75,0.5466666666666666,78.76810669025788,103,24.231893309742098,20,29,0.6896551724137931,20.876544673050788,20,-0.8765446730507875,99.64465136330868,123,23.355348636691303
