Team,Score,FG Makes,FG Attempts,FG%,FG xP,FG Actual,FG Performance,FT Makes,FT Attempts,FT%,FT xP,FT Actual,FT Performance,Total xP,Total Actual,Total Performance
Princeton,58,22,51,0.43137254901960786,52.65082450603392,52,-0.6508245060339197,6,9,0.6666666666666666,6.478933977061265,6,-0.47893397706126606,59.12975848309519,58,-1.129758483095186
Monmouth,63,22,54,0.4074074074074074,53.731841696965645,47,-6.731841696965643,16,19,0.8421052631578947,13.67774950712934,16,2.32225049287066,67.40959120409498,63,-4.409591204094982
