Team,Score,FG Makes,FG Attempts,FG%,FG xP,FG Actual,FG Performance,FT Makes,FT Attempts,FT%,FT xP,FT Actual,FT Performance,Total xP,Total Actual,Total Performance
Eastern Kentucky,71,25,60,0.4166666666666667,58.6815933603356,59,0.3184066396643992,12,19,0.631578947368421,13.677736165102239,12,-1.6777361651022404,72.35932952543784,71,-1.3593295254378406
Northern Kentucky,82,27,59,0.4576271186440678,57.60317073201713,64,6.396829267982872,18,21,0.8571428571428571,15.117497866691949,18,2.8825021333080496,72.72066859870908,82,9.279331401290923
