Team,Score,FG Makes,FG Attempts,FG%,FG xP,FG Actual,FG Performance,FT Makes,FT Attempts,FT%,FT xP,FT Actual,FT Performance,Total xP,Total Actual,Total Performance
San José State,63,23,54,0.42592592592592593,51.42766491225376,51,-0.42766491225376946,12,17,0.7058823529411765,12.237986401115725,12,-0.2379864011157249,63.665651313369494,63,-0.6656513133694961
Loyola Chicago,51,19,40,0.475,39.21918430102644,45,5.780815698973565,6,10,0.6,7.198815530068074,6,-1.1988155300680734,46.41799983109451,51,4.58200016890549
