Team,Score,FG Makes,FG Attempts,FG%,FG xP,FG Actual,FG Performance,FT Makes,FT Attempts,FT%,FT xP,FT Actual,FT Performance,Total xP,Total Actual,Total Performance
Canisius,52,17,54,0.3148148148148148,55.74497622273929,38,-17.744976222739297,14,19,0.7368421052631579,13.677736165102239,14,0.3222638348977598,69.42271238784156,52,-17.422712387841536
Siena,74,26,59,0.4406779661016949,59.929664586447025,63,3.0703354135529777,11,18,0.6111111111111112,12.957855314307386,11,-1.9578553143073851,72.88751990075441,74,1.1124800992455899
