Team,Score,FG Makes,FG Attempts,FG%,FG xP,FG Actual,FG Performance,FT Makes,FT Attempts,FT%,FT xP,FT Actual,FT Performance,Total xP,Total Actual,Total Performance
Drexel,73,29,58,0.5,57.63182941857097,64,6.368170581429025,9,15,0.6,10.79822329510211,9,-1.7982232951021098,68.43005271367309,73,4.569947286326913
American University,75,24,58,0.41379310344827586,58.083431117174236,57,-1.0834311171742321,18,27,0.6666666666666666,19.436801931183798,18,-1.4368019311837985,77.52023304835802,75,-2.52023304835803
