Team,Score,FG Makes,FG Attempts,FG%,FG xP,FG Actual,FG Performance,FT Makes,FT Attempts,FT%,FT xP,FT Actual,FT Performance,Total xP,Total Actual,Total Performance
George Washington,84,24,54,0.4444444444444444,55.85400047904523,57,1.1459995209547662,27,32,0.84375,23.03620969621783,27,3.963790303782165,78.89021017526306,84,5.109789824736931
Army,70,25,57,0.43859649122807015,61.6088935824783,66,4.391106417521697,4,6,0.6666666666666666,4.319289318040844,4,-0.31928931804084393,65.92818290051915,70,4.071817099480852
