Team,Score,FG Makes,FG Attempts,FG%,FG xP,FG Actual,FG Performance,FT Makes,FT Attempts,FT%,FT xP,FT Actual,FT Performance,Total xP,Total Actual,Total Performance
UMBC,81,30,62,0.4838709677419355,61.14463907560335,68,6.855360924396651,13,16,0.8125,11.518104848108917,13,1.4818951518910826,72.66274392371227,81,8.337256076287732
Georgetown,90,36,64,0.5625,64.50024022840742,83,18.49975977159258,7,10,0.7,7.198815530068074,7,-0.1988155300680734,71.6990557584755,90,18.30094424152451
