Team,Score,FG Makes,FG Attempts,FG%,FG xP,FG Actual,FG Performance,FT Makes,FT Attempts,FT%,FT xP,FT Actual,FT Performance,Total xP,Total Actual,Total Performance
Northeastern,73,26,51,0.5098039215686274,49.72033556143447,62,12.279664438565536,11,15,0.7333333333333333,10.798223295102108,11,0.20177670489789,60.51855885653657,73,12.481441143463424
Wake Forest,86,32,58,0.5517241379310345,56.91075998948367,71,14.089240010516331,15,20,0.75,14.397631060136145,15,0.602368939863853,71.30839104961983,86,14.691608950380182
