Team,Score,FG Makes,FG Attempts,FG%,FG xP,FG Actual,FG Performance,FT Makes,FT Attempts,FT%,FT xP,FT Actual,FT Performance,Total xP,Total Actual,Total Performance
Detroit Mercy,70,22,55,0.4,52.15992750756851,47,-5.1599275075685105,23,30,0.7666666666666667,21.59644659020422,23,1.4035534097957796,73.75637409777273,70,-3.7563740977727305
Niagara,66,25,56,0.44642857142857145,56.51006625327133,57,0.4899337467286653,9,14,0.6428571428571429,10.078341742095303,9,-1.0783417420953025,66.58840799536665,66,-0.588407995366639
