Team,Score,FG Makes,FG Attempts,FG%,FG xP,FG Actual,FG Performance,FT Makes,FT Attempts,FT%,FT xP,FT Actual,FT Performance,Total xP,Total Actual,Total Performance
St. Thomas-Minnesota,74,27,52,0.5192307692307693,52.662690015230304,63,10.337309984769691,11,16,0.6875,11.518104848108917,11,-0.5181048481089171,64.18079486333923,74,9.819205136660772
Montana State,82,24,56,0.42857142857142855,55.27695400253871,60,4.72304599746129,22,29,0.7586206896551724,20.876565037197413,22,1.1234349628025875,76.15351903973612,82,5.846480960263877
