Team,Score,FG Makes,FG Attempts,FG%,FG xP,FG Actual,FG Performance,FT Makes,FT Attempts,FT%,FT xP,FT Actual,FT Performance,Total xP,Total Actual,Total Performance
St. Thomas-Minnesota,74,27,52,0.5192307692307693,52.662690015230304,63,10.337309984769691,11,16,0.6875,11.518093612717676,11,-0.5180936127176757,64.18078362794799,74,9.819216372052013
Montana State,82,24,56,0.42857142857142855,55.27695400253871,60,4.72304599746129,22,29,0.7586206896551724,20.876544673050788,22,1.1234553269492125,76.1534986755895,82,5.846501324410502
