Team,Score,FG Makes,FG Attempts,FG%,FG xP,FG Actual,FG Performance,FT Makes,FT Attempts,FT%,FT xP,FT Actual,FT Performance,Total xP,Total Actual,Total Performance
Virginia Tech,66,23,51,0.45098039215686275,52.951094300559475,53,0.04890569944052636,13,16,0.8125,11.518104848108917,13,1.4818951518910828,64.4691991486684,66,1.530800851331609
Colorado State,64,27,59,0.4576271186440678,61.59116052679005,58,-3.5911605267900395,6,8,0.75,5.759052424054458,6,0.2409475759455414,67.3502129508445,64,-3.3502129508444973
