Team,Score,FG Makes,FG Attempts,FG%,FG xP,FG Actual,FG Performance,FT Makes,FT Attempts,FT%,FT xP,FT Actual,FT Performance,Total xP,Total Actual,Total Performance
Mercyhurst,71,27,56,0.48214285714285715,54.234737565737184,62,7.765262434262822,9,13,0.6923076923076923,9.358451060333111,9,-0.35845106033311147,63.593188626070294,71,7.406811373929709
Miami (OH),76,22,49,0.4489795918367347,50.00086643493665,50,-0.0008664349366491741,26,31,0.8387096774193549,22.316306374640497,26,3.6836936253595027,72.31717280957714,76,3.68282719042285
