Team,Score,FG Makes,FG Attempts,FG%,FG xP,FG Actual,FG Performance,FT Makes,FT Attempts,FT%,FT xP,FT Actual,FT Performance,Total xP,Total Actual,Total Performance
Presbyterian,56,21,56,0.375,53.866099308976516,46,-7.86609930897652,10,16,0.625,11.518104848108917,10,-1.5181048481089179,65.38420415708545,56,-9.384204157085442
Wofford,63,20,68,0.29411764705882354,67.05947505584483,50,-17.059475055844832,13,18,0.7222222222222222,12.957867954122532,13,0.04213204587746788,80.01734300996736,63,-17.017343009967366
