Team,Score,FG Makes,FG Attempts,FG%,FG xP,FG Actual,FG Performance,FT Makes,FT Attempts,FT%,FT xP,FT Actual,FT Performance,Total xP,Total Actual,Total Performance
Southeast Missouri State,84,31,68,0.45588235294117646,69.85567290206265,69,-0.8556729020626443,15,17,0.8823529411764706,12.237986401115725,15,2.7620135988842756,82.09365930317838,84,1.9063406968216308
Cal Poly,68,16,54,0.2962962962962963,56.145217381933826,37,-19.145217381933822,31,37,0.8378378378378378,26.635617461251872,31,4.364382538748129,82.7808348431857,68,-14.780834843185694
