Team,Score,FG Makes,FG Attempts,FG%,FG xP,FG Actual,FG Performance,FT Makes,FT Attempts,FT%,FT xP,FT Actual,FT Performance,Total xP,Total Actual,Total Performance
Long Island University,76,26,56,0.4642857142857143,55.558562624319705,57,1.4414373756802896,19,35,0.5428571428571428,25.195829777819917,19,-6.195829777819917,80.75439240213963,76,-4.754392402139627
Air Force,72,25,58,0.43103448275862066,59.11306713774485,57,-2.113067137744853,15,25,0.6,17.997021269871368,15,-2.997021269871369,77.11008840761622,72,-5.110088407616224
