Team,Score,FG Makes,FG Attempts,FG%,FG xP,FG Actual,FG Performance,FT Makes,FT Attempts,FT%,FT xP,FT Actual,FT Performance,Total xP,Total Actual,Total Performance
USC,70,24,54,0.4444444444444444,52.1147132058983,59,6.885286794101699,11,17,0.6470588235294118,12.23797446351253,11,-1.2379744635125307,64.35268766941084,70,5.647312330589166
Boise State,67,26,63,0.4126984126984127,59.027445344182645,57,-2.0274453441826426,10,11,0.9090909090909091,7.918689358743402,10,2.0813106412565974,66.94613470292606,67,0.05386529707395571
