Team,Score,FG Makes,FG Attempts,FG%,FG xP,FG Actual,FG Performance,FT Makes,FT Attempts,FT%,FT xP,FT Actual,FT Performance,Total xP,Total Actual,Total Performance
UNC Asheville,63,20,54,0.37037037037037035,50.34317029392462,50,-0.3431702939246182,13,17,0.7647058823529411,12.237974463512531,13,0.7620255364874692,62.58114475743715,63,0.418855242562851
NC State,75,28,58,0.4827586206896552,57.6862069015412,63,5.313793098458802,12,15,0.8,10.798212761922821,12,1.2017872380771788,68.48441966346402,75,6.515580336535981
