Team,Score,FG Makes,FG Attempts,FG%,FG xP,FG Actual,FG Performance,FT Makes,FT Attempts,FT%,FT xP,FT Actual,FT Performance,Total xP,Total Actual,Total Performance
Rhode Island,86,30,59,0.5084745762711864,57.21524299658009,71,13.784757003419912,15,20,0.75,14.397617015897096,15,0.6023829841029048,71.61286001247719,86,14.387139987522819
Yale,77,26,55,0.4727272727272727,54.36463784149066,58,3.6353621585093316,19,22,0.8636363636363636,15.837378717486803,19,3.162621282513196,70.20201655897748,77,6.797983441022525
