Team,Score,FG Makes,FG Attempts,FG%,FG xP,FG Actual,FG Performance,FT Makes,FT Attempts,FT%,FT xP,FT Actual,FT Performance,Total xP,Total Actual,Total Performance
Lehigh,55,21,59,0.3559322033898305,56.884723404220914,44,-12.884723404220914,11,18,0.6111111111111112,12.957855314307386,11,-1.9578553143073854,69.8425787185283,55,-14.8425787185283
Marist,78,28,60,0.4666666666666667,57.11154259641232,65,7.888457403587673,13,17,0.7647058823529411,12.237974463512531,13,0.7620255364874692,69.34951705992484,78,8.650482940075143
