Team,Score,FG Makes,FG Attempts,FG%,FG xP,FG Actual,FG Performance,FT Makes,FT Attempts,FT%,FT xP,FT Actual,FT Performance,Total xP,Total Actual,Total Performance
West Georgia,93,37,87,0.42528735632183906,81.50763002407177,82,0.4923699759282254,11,22,0.5,15.837378717486803,11,-4.837378717486804,97.34500874155859,93,-4.34500874155858
Troy,89,31,70,0.44285714285714284,67.24584445203729,71,3.754155547962705,18,29,0.6206896551724138,20.876544673050788,18,-2.8765446730507875,88.12238912508808,89,0.8776108749119178
