Team,Score,FG Makes,FG Attempts,FG%,FG xP,FG Actual,FG Performance,FT Makes,FT Attempts,FT%,FT xP,FT Actual,FT Performance,Total xP,Total Actual,Total Performance
San José State,60,20,56,0.35714285714285715,56.46472467032539,48,-8.464724670325383,12,18,0.6666666666666666,12.95828225994511,12,-0.9582822599451093,69.42300693027049,60,-9.423006930270493
Michigan State,79,28,58,0.4827586206896552,57.22450771743803,62,4.77549228256197,17,25,0.68,17.997614249923764,17,-0.997614249923763,75.22212196736179,79,3.777878032638206
