Team,Score,FG Makes,FG Attempts,FG%,FG xP,FG Actual,FG Performance,FT Makes,FT Attempts,FT%,FT xP,FT Actual,FT Performance,Total xP,Total Actual,Total Performance
Norfolk State,67,28,52,0.5384615384615384,48.68051910584454,59,10.319480894155465,8,17,0.47058823529411764,12.237974463512531,8,-4.237974463512531,60.91849356935706,67,6.081506430642932
James Madison,68,24,54,0.4444444444444444,54.77166342078925,56,1.2283365792107492,12,22,0.5454545454545454,15.837378717486803,12,-3.8373787174868044,70.60904213827604,68,-2.609042138276056
