Team,Score,FG Makes,FG Attempts,FG%,FG xP,FG Actual,FG Performance,FT Makes,FT Attempts,FT%,FT xP,FT Actual,FT Performance,Total xP,Total Actual,Total Performance
Richmond,72,24,59,0.4067796610169492,60.33488343140688,57,-3.334883431406878,15,17,0.8823529411764706,12.23797446351253,15,2.762025536487469,72.57285789491941,72,-0.5728578949194096
Furman,73,28,54,0.5185185185185185,55.70228864130591,64,8.297711358694086,9,21,0.42857142857142855,15.117497866691949,9,-6.11749786669195,70.81978650799786,73,2.1802134920021343
