Team,Score,FG Makes,FG Attempts,FG%,FG xP,FG Actual,FG Performance,FT Makes,FT Attempts,FT%,FT xP,FT Actual,FT Performance,Total xP,Total Actual,Total Performance
Georgia State,67,25,60,0.4166666666666667,54.211673616715146,57,2.788326383284855,10,15,0.6666666666666666,10.79822329510211,10,-0.7982232951021103,65.00989691181725,67,1.9901030881827442
Mercer,78,24,58,0.41379310344827586,54.52033325540444,55,0.47966674459557,23,30,0.7666666666666667,21.59644659020422,23,1.4035534097957798,76.11677984560865,78,1.883220154391351
