Team,Score,FG Makes,FG Attempts,FG%,FG xP,FG Actual,FG Performance,FT Makes,FT Attempts,FT%,FT xP,FT Actual,FT Performance,Total xP,Total Actual,Total Performance
Cleveland State,71,21,49,0.42857142857142855,48.25032896938151,49,0.7496710306184822,22,30,0.7333333333333333,21.596425523845642,22,0.40357447615435826,69.84675449322715,71,1.1532455067728384
Kent State,91,31,67,0.4626865671641791,68.1947762814472,80,11.805223718552806,11,15,0.7333333333333333,10.798212761922821,11,0.2017872380771787,78.99298904337002,91,12.007010956629983
