Team,Score,FG Makes,FG Attempts,FG%,FG xP,FG Actual,FG Performance,FT Makes,FT Attempts,FT%,FT xP,FT Actual,FT Performance,Total xP,Total Actual,Total Performance
Western Michigan,83,27,47,0.574468085106383,46.68727779786878,66,19.31272220213122,17,19,0.8947368421052632,13.677736165102239,17,3.32226383489776,60.36501396297102,83,22.634986037028977
SIU Edwardsville,73,28,64,0.4375,65.0232565082035,63,-2.0232565082035103,10,17,0.5882352941176471,12.23797446351253,10,-2.237974463512531,77.26123097171605,73,-4.261230971716041
