Team,Score,FG Makes,FG Attempts,FG%,FG xP,FG Actual,FG Performance,FT Makes,FT Attempts,FT%,FT xP,FT Actual,FT Performance,Total xP,Total Actual,Total Performance
Harvard,69,28,62,0.45161290322580644,57.35209488361859,63,5.647905116381411,6,11,0.5454545454545454,7.918689358743402,6,-1.9186893587434022,65.270784242362,69,3.7292157576380074
Furman,79,28,49,0.5714285714285714,49.90656895294589,63,13.093431047054107,16,20,0.8,14.397617015897094,16,1.602382984102905,64.30418596884299,79,14.695814031157013
