Team,Score,FG Makes,FG Attempts,FG%,FG xP,FG Actual,FG Performance,FT Makes,FT Attempts,FT%,FT xP,FT Actual,FT Performance,Total xP,Total Actual,Total Performance
Oklahoma State,84,30,52,0.5769230769230769,51.60475314677818,64,12.395246853221819,20,28,0.7142857142857143,20.156683484190605,20,-0.15668348419060552,71.76143663096879,84,12.23856336903121
Grand Canyon,78,31,68,0.45588235294117646,72.37480641230114,70,-2.3748064123011448,8,13,0.6153846153846154,9.358460189088495,8,-1.3584601890884953,81.73326660138964,78,-3.7332666013896416
