Team,Score,FG Makes,FG Attempts,FG%,FG xP,FG Actual,FG Performance,FT Makes,FT Attempts,FT%,FT xP,FT Actual,FT Performance,Total xP,Total Actual,Total Performance
St. John's,74,23,60,0.38333333333333336,59.02282198959179,53,-6.022821989591782,21,28,0.75,20.156663822255933,21,0.8433361777440674,79.17948581184771,74,-5.179485811847715
Auburn,85,29,53,0.5471698113207547,50.75718533046667,64,13.242814669533335,21,25,0.84,17.997021269871368,21,3.0029787301286315,68.75420660033804,85,16.245793399661963
