Team,Score,FG Makes,FG Attempts,FG%,FG xP,FG Actual,FG Performance,FT Makes,FT Attempts,FT%,FT xP,FT Actual,FT Performance,Total xP,Total Actual,Total Performance
UTSA,77,23,60,0.38333333333333336,58.121905124842854,52,-6.121905124842856,25,37,0.6756756756756757,26.63561746125187,25,-1.6356174612518712,84.75752258609472,77,-7.757522586094726
Georgia Southern,64,17,56,0.30357142857142855,59.3618253327563,42,-17.361825332756307,22,38,0.5789473684210527,27.355499014258676,22,-5.35549901425868,86.71732434701498,64,-22.717324347014987
