Team,Score,FG Makes,FG Attempts,FG%,FG xP,FG Actual,FG Performance,FT Makes,FT Attempts,FT%,FT xP,FT Actual,FT Performance,Total xP,Total Actual,Total Performance
Colorado,86,36,58,0.6206896551724138,57.82332573593515,79,21.17667426406486,7,13,0.5384615384615384,9.358460189088495,7,-2.3584601890884955,67.18178592502363,86,18.818214074976364
Colorado State,91,30,56,0.5357142857142857,56.3860557699423,78,21.613944230057697,13,17,0.7647058823529411,12.237986401115723,13,0.7620135988842753,68.62404217105802,91,22.375957828941974
