Team,Score,FG Makes,FG Attempts,FG%,FG xP,FG Actual,FG Performance,FT Makes,FT Attempts,FT%,FT xP,FT Actual,FT Performance,Total xP,Total Actual,Total Performance
California Baptist,85,33,72,0.4583333333333333,71.1146759851781,73,1.8853240148219026,12,19,0.631578947368421,13.67774950712934,12,-1.6777495071293396,84.79242549230744,85,0.20757450769256103
Utah,91,27,55,0.4909090909090909,51.95216951875563,62,10.047830481244375,29,37,0.7837837837837838,26.635617461251872,29,2.3643825387481283,78.5877869800075,91,12.412213019992501
