Team,Score,FG Makes,FG Attempts,FG%,FG xP,FG Actual,FG Performance,FT Makes,FT Attempts,FT%,FT xP,FT Actual,FT Performance,Total xP,Total Actual,Total Performance
California Baptist,85,33,72,0.4583333333333333,71.1146759851781,73,1.8853240148219026,12,19,0.631578947368421,13.67773616510224,12,-1.6777361651022404,84.79241215028034,85,0.20758784971966016
Utah,91,27,55,0.4909090909090909,51.95216951875563,62,10.047830481244375,29,37,0.7837837837837838,26.635591479409626,29,2.364408520590374,78.58776099816524,91,12.412239001834747
