Team,Score,FG Makes,FG Attempts,FG%,FG xP,FG Actual,FG Performance,FT Makes,FT Attempts,FT%,FT xP,FT Actual,FT Performance,Total xP,Total Actual,Total Performance
Winthrop,94,32,69,0.463768115942029,68.0706656955722,70,1.9293343044278028,24,29,0.8275862068965517,20.876544673050788,24,3.1234553269492125,88.94721036862299,94,5.052789631377012
Long Island University,92,32,62,0.5161290322580645,59.464789952492524,72,12.535210047507476,20,25,0.8,17.997021269871368,20,2.002978730128631,77.46181122236388,92,14.538188777636105
