Team,Score,FG Makes,FG Attempts,FG%,FG xP,FG Actual,FG Performance,FT Makes,FT Attempts,FT%,FT xP,FT Actual,FT Performance,Total xP,Total Actual,Total Performance
Sam Houston,82,27,63,0.42857142857142855,62.365243767760504,59,-3.365243767760502,23,32,0.71875,23.036187225435352,23,-0.03618722543535191,85.40143099319585,82,-3.401430993195855
Texas Southern,70,22,66,0.3333333333333333,63.72946668603796,49,-14.729466686037952,21,28,0.75,20.156663822255933,21,0.8433361777440672,83.8861305082939,70,-13.886130508293888
