Team,Score,FG Makes,FG Attempts,FG%,FG xP,FG Actual,FG Performance,FT Makes,FT Attempts,FT%,FT xP,FT Actual,FT Performance,Total xP,Total Actual,Total Performance
Kansas,81,24,57,0.42105263157894735,54.72965543668845,55,0.2703445633115482,26,30,0.8666666666666667,21.596425523845642,26,4.403574476154358,76.32608096053409,81,4.673919039465907
Tennessee,76,26,63,0.4126984126984127,59.9389323145446,59,-0.938932314544608,17,22,0.7727272727272727,15.837378717486803,17,1.1626212825131956,75.77631103203142,76,0.22368896796858673
