Team,Score,FG Makes,FG Attempts,FG%,FG xP,FG Actual,FG Performance,FT Makes,FT Attempts,FT%,FT xP,FT Actual,FT Performance,Total xP,Total Actual,Total Performance
Louisiana,66,27,55,0.4909090909090909,50.98259358537874,56,5.017406414621258,10,17,0.5882352941176471,12.237974463512531,10,-2.2379744635125305,63.220568048891266,66,2.7794319511087293
Stanford,93,27,56,0.48214285714285715,57.824378581451995,65,7.17562141854801,28,35,0.8,25.195829777819917,28,2.804170222180084,83.0202083592719,93,9.979791640728093
