Team,Score,FG Makes,FG Attempts,FG%,FG xP,FG Actual,FG Performance,FT Makes,FT Attempts,FT%,FT xP,FT Actual,FT Performance,Total xP,Total Actual,Total Performance
Oregon,66,29,69,0.42028985507246375,64.78973404330333,59,-5.789734043303325,7,11,0.6363636363636364,7.91869708307488,7,-0.9186970830748806,72.70843112637822,66,-6.708431126378206
Creighton,76,26,59,0.4406779661016949,58.81930437799098,57,-1.8193043779909837,19,21,0.9047619047619048,15.117512613142953,19,3.8824873868570458,73.93681699113394,76,2.0631830088660603
