Team,Score,FG Makes,FG Attempts,FG%,FG xP,FG Actual,FG Performance,FT Makes,FT Attempts,FT%,FT xP,FT Actual,FT Performance,Total xP,Total Actual,Total Performance
Chicago State,66,27,56,0.48214285714285715,53.02921241780734,58,4.970787582192666,8,13,0.6153846153846154,9.358451060333111,8,-1.3584510603331117,62.387663478140446,66,3.6123365218595542
Butler,98,30,57,0.5263157894736842,57.255043084380006,77,19.744956915619987,21,30,0.7,21.596425523845642,21,-0.5964255238456422,78.85146860822564,98,19.14853139177434
