Team,Score,FG Makes,FG Attempts,FG%,FG xP,FG Actual,FG Performance,FT Makes,FT Attempts,FT%,FT xP,FT Actual,FT Performance,Total xP,Total Actual,Total Performance
Oklahoma State,86,27,63,0.42857142857142855,64.64634726390818,60,-4.646347263908179,26,33,0.7878787878787878,23.75609124922464,26,2.2439087507753577,88.40243851313282,86,-2.4024385131328216
Northwestern,81,28,57,0.49122807017543857,57.20550304961052,59,1.7944969503894757,22,30,0.7333333333333333,21.59644659020422,22,0.40355340979578,78.80194963981474,81,2.198050360185253
