Team,Score,FG Makes,FG Attempts,FG%,FG xP,FG Actual,FG Performance,FT Makes,FT Attempts,FT%,FT xP,FT Actual,FT Performance,Total xP,Total Actual,Total Performance
Oklahoma State,86,27,63,0.42857142857142855,64.64634726390818,60,-4.646347263908179,26,33,0.7878787878787878,23.756068076230207,26,2.243931923769793,88.40241534013839,86,-2.4024153401383863
Northwestern,81,28,57,0.49122807017543857,57.20550304961052,59,1.7944969503894757,22,30,0.7333333333333333,21.596425523845642,22,0.4035744761543576,78.80192857345617,81,2.1980714265438306
