Team,Score,FG Makes,FG Attempts,FG%,FG xP,FG Actual,FG Performance,FT Makes,FT Attempts,FT%,FT xP,FT Actual,FT Performance,Total xP,Total Actual,Total Performance
Dartmouth,87,26,53,0.49056603773584906,54.99831221275193,63,8.001687787248072,24,28,0.8571428571428571,20.156663822255933,24,3.8433361777440664,75.15497603500786,87,11.845023964992135
Saint Peter's,61,21,64,0.328125,64.58120129411789,46,-18.581201294117882,15,17,0.8823529411764706,12.23797446351253,15,2.762025536487469,76.81917575763042,61,-15.819175757630417
