Team,Score,FG Makes,FG Attempts,FG%,FG xP,FG Actual,FG Performance,FT Makes,FT Attempts,FT%,FT xP,FT Actual,FT Performance,Total xP,Total Actual,Total Performance
Austin Peay,65,21,59,0.3559322033898305,59.636950946235565,48,-11.636950946235572,17,24,0.7083333333333334,17.277140419076513,17,-0.2771404190765139,76.91409136531209,65,-11.914091365312085
Wyoming,79,27,63,0.42857142857142855,64.97979860127896,63,-1.9797986012789597,16,23,0.6956521739130435,16.55725956828166,16,-0.5572595682816595,81.53705816956062,79,-2.5370581695606207
