Team,Score,FG Makes,FG Attempts,FG%,FG xP,FG Actual,FG Performance,FT Makes,FT Attempts,FT%,FT xP,FT Actual,FT Performance,Total xP,Total Actual,Total Performance
Norfolk State,67,20,51,0.39215686274509803,50.568108809900465,46,-4.568108809900458,21,29,0.7241379310344828,20.876565037197413,21,0.12343496280258703,71.44467384709787,67,-4.444673847097873
Wyoming,75,21,55,0.38181818181818183,57.72121595619291,51,-6.721215956192918,24,31,0.7741935483870968,22.316328143211027,24,1.683671856788973,80.03754409940393,75,-5.037544099403945
