Team,Score,FG Makes,FG Attempts,FG%,FG xP,FG Actual,FG Performance,FT Makes,FT Attempts,FT%,FT xP,FT Actual,FT Performance,Total xP,Total Actual,Total Performance
Houston Christian,72,28,52,0.5384615384615384,52.95319464829405,64,11.046805351705952,8,13,0.6153846153846154,9.358460189088495,8,-1.358460189088495,62.31165483738254,72,9.688345162617457
The Citadel,65,22,54,0.4074074074074074,54.31130179099637,55,0.6886982090036389,10,11,0.9090909090909091,7.91869708307488,10,2.0813029169251194,62.22999887407125,65,2.770001125928757
