Team,Score,FG Makes,FG Attempts,FG%,FG xP,FG Actual,FG Performance,FT Makes,FT Attempts,FT%,FT xP,FT Actual,FT Performance,Total xP,Total Actual,Total Performance
Siena,59,18,44,0.4090909090909091,43.154102349947145,38,-5.154102349947146,21,35,0.6,25.195829777819917,21,-4.195829777819916,68.34993212776706,59,-9.349932127767065
American University,55,18,50,0.36,48.976939149403506,39,-9.976939149403506,16,21,0.7619047619047619,15.117497866691949,16,0.8825021333080505,64.09443701609547,55,-9.094437016095458
