Team,Score,FG Makes,FG Attempts,FG%,FG xP,FG Actual,FG Performance,FT Makes,FT Attempts,FT%,FT xP,FT Actual,FT Performance,Total xP,Total Actual,Total Performance
Air Force,63,18,44,0.4090909090909091,43.50111796881041,37,-6.501117968810412,26,35,0.7428571428571429,25.195829777819917,26,0.8041702221800842,68.69694774663033,63,-5.696947746630327
South Dakota,80,29,60,0.48333333333333334,58.085519995745116,62,3.9144800042548757,18,25,0.72,17.997021269871368,18,0.0029787301286310353,76.0825412656165,80,3.917458734383505
