Team,Score,FG Makes,FG Attempts,FG%,FG xP,FG Actual,FG Performance,FT Makes,FT Attempts,FT%,FT xP,FT Actual,FT Performance,Total xP,Total Actual,Total Performance
Monmouth,88,29,49,0.5918367346938775,44.66282738853775,66,21.337172611462254,22,31,0.7096774193548387,22.316328143211027,22,-0.3163281432110274,66.97915553174877,88,21.020844468251227
Lafayette,74,21,53,0.39622641509433965,46.99630762683279,48,1.0036923731672105,17,22,0.7727272727272727,15.83739416614976,17,1.1626058338502387,62.83370179298256,65,2.166298207017448
