Team,Score,FG Makes,FG Attempts,FG%,FG xP,FG Actual,FG Performance,FT Makes,FT Attempts,FT%,FT xP,FT Actual,FT Performance,Total xP,Total Actual,Total Performance
Eastern Washington,67,25,58,0.43103448275862066,54.85755585548521,56,1.1424441445147835,11,17,0.6470588235294118,12.238377689948157,11,-1.2383776899481582,67.09593354543338,67,-0.09593354543337629
Seattle U,94,37,57,0.6491228070175439,57.93366885395722,85,27.06633114604278,9,13,0.6923076923076923,9.358759409960356,9,-0.3587594099603566,67.29242826391757,94,26.707571736082425
