Team,Score,FG Makes,FG Attempts,FG%,FG xP,FG Actual,FG Performance,FT Makes,FT Attempts,FT%,FT xP,FT Actual,FT Performance,Total xP,Total Actual,Total Performance
Iona,105,41,72,0.5694444444444444,71.47004419397175,96,24.529955806028244,9,14,0.6428571428571429,10.078331911127966,9,-1.0783319111279666,81.54837610509972,105,23.451623894900276
Kansas City,91,36,74,0.4864864864864865,71.68696489713733,76,4.313035102862676,15,21,0.7142857142857143,15.117497866691949,15,-0.11749786669194973,86.80446276382928,91,4.195537236170727
