Team,Score,FG Makes,FG Attempts,FG%,FG xP,FG Actual,FG Performance,FT Makes,FT Attempts,FT%,FT xP,FT Actual,FT Performance,Total xP,Total Actual,Total Performance
Texas A&M,80,25,71,0.352112676056338,69.43603644345728,58,-11.4360364434573,22,34,0.6470588235294118,24.476755379896318,22,-2.4767553798963173,93.91279182335361,80,-13.912791823353619
SMU,93,31,66,0.4696969696969697,62.88503397052004,67,4.114966029479962,26,28,0.9285714285714286,20.157327959914614,26,5.842672040085386,83.04236193043465,93,9.957638069565345
