Team,Score,FG Makes,FG Attempts,FG%,FG xP,FG Actual,FG Performance,FT Makes,FT Attempts,FT%,FT xP,FT Actual,FT Performance,Total xP,Total Actual,Total Performance
UL Monroe,55,19,57,0.3333333333333333,55.20090602620524,44,-11.200906026205239,11,14,0.7857142857142857,10.078331911127966,11,0.9216680888720334,65.2792379373332,55,-10.279237937333207
East Tennessee State,97,39,66,0.5909090909090909,64.4935059852478,89,24.506494014752217,8,10,0.8,7.198808507948547,8,0.8011914920514527,71.69231449319633,97,25.30768550680367
