Team,Score,FG Makes,FG Attempts,FG%,FG xP,FG Actual,FG Performance,FT Makes,FT Attempts,FT%,FT xP,FT Actual,FT Performance,Total xP,Total Actual,Total Performance
Vermont,89,30,72,0.4166666666666667,70.26219380232634,70,-0.2621938023263435,19,22,0.8636363636363636,15.837378717486805,19,3.162621282513195,86.09957251981315,89,2.9004274801868535
Brown,84,30,67,0.44776119402985076,64.93744676618289,71,6.06255323381712,13,24,0.5416666666666666,17.277140419076513,13,-4.277140419076514,82.2145871852594,84,1.7854128147406039
