Team,Score,FG Makes,FG Attempts,FG%,FG xP,FG Actual,FG Performance,FT Makes,FT Attempts,FT%,FT xP,FT Actual,FT Performance,Total xP,Total Actual,Total Performance
USC,88,34,57,0.5964912280701754,55.511993536763825,77,21.488006463236175,11,18,0.6111111111111112,12.957867954122532,11,-1.9578679541225321,68.46986149088636,88,19.53013850911364
Arizona State,75,22,52,0.4230769230769231,51.399510318115105,52,0.6004896818848979,23,27,0.8518518518518519,19.436801931183798,23,3.5631980688162024,70.83631224929889,75,4.1636877507011
