Team,Score,FG Makes,FG Attempts,FG%,FG xP,FG Actual,FG Performance,FT Makes,FT Attempts,FT%,FT xP,FT Actual,FT Performance,Total xP,Total Actual,Total Performance
East Texas A&M,84,27,54,0.5,55.35822711178552,66,10.641772888214481,18,22,0.8181818181818182,15.837378717486803,18,2.1626212825131956,71.19560582927232,84,12.804394170727676
Army,67,22,56,0.39285714285714285,58.224257998412405,53,-5.2242579984124085,14,20,0.7,14.397617015897096,14,-0.39761701589709486,72.62187501430948,67,-5.621875014309506
