Team,Score,FG Makes,FG Attempts,FG%,FG xP,FG Actual,FG Performance,FT Makes,FT Attempts,FT%,FT xP,FT Actual,FT Performance,Total xP,Total Actual,Total Performance
Vanderbilt,105,38,68,0.5588235294117647,66.01758491088738,90,23.982415089112617,15,17,0.8823529411764706,12.237974463512531,15,2.7620255364874695,78.25555937439992,105,26.744440625600085
UCF,93,31,58,0.5344827586206896,55.57822004685843,71,15.421779953141566,22,28,0.7857142857142857,20.156663822255933,22,1.8433361777440675,75.73488386911437,93,17.26511613088563
