Team,Score,FG Makes,FG Attempts,FG%,FG xP,FG Actual,FG Performance,FT Makes,FT Attempts,FT%,FT xP,FT Actual,FT Performance,Total xP,Total Actual,Total Performance
New Orleans,78,26,69,0.37681159420289856,67.03317878926983,62,-5.033178789269821,16,17,0.9411764705882353,12.237974463512531,16,3.7620255364874695,79.27115325278236,78,-1.2711532527823515
Mississippi State,81,28,65,0.4307692307692308,66.87066022185601,66,-0.8706602218560182,15,29,0.5172413793103449,20.876544673050788,15,-5.8765446730507875,87.7472048949068,81,-6.747204894906805
