Team,Score,FG Makes,FG Attempts,FG%,FG xP,FG Actual,FG Performance,FT Makes,FT Attempts,FT%,FT xP,FT Actual,FT Performance,Total xP,Total Actual,Total Performance
Cornell,80,30,56,0.5357142857142857,55.18259841112985,66,10.817401588870148,14,18,0.7777777777777778,12.957867954122532,14,1.0421320458774679,68.14046636525238,80,11.859533634747613
Towson,93,37,66,0.5606060606060606,65.5793976718346,85,19.420602328165405,8,15,0.5333333333333333,10.79822329510211,8,-2.79822329510211,76.3776209669367,93,16.622379033063293
