Team,Score,FG Makes,FG Attempts,FG%,FG xP,FG Actual,FG Performance,FT Makes,FT Attempts,FT%,FT xP,FT Actual,FT Performance,Total xP,Total Actual,Total Performance
Dartmouth,80,24,47,0.5106382978723404,47.16524416011348,60,12.834755839886519,20,23,0.8695652173913043,16.55725956828166,20,3.44274043171834,63.72250372839514,80,16.27749627160486
Wyoming,93,36,68,0.5294117647058824,70.26515521163934,80,9.734844788360665,13,22,0.5909090909090909,15.837378717486805,13,-2.8373787174868044,86.10253392912614,93,6.8974660708738575
