Team,Score,FG Makes,FG Attempts,FG%,FG xP,FG Actual,FG Performance,FT Makes,FT Attempts,FT%,FT xP,FT Actual,FT Performance,Total xP,Total Actual,Total Performance
South Florida,66,26,67,0.3880597014925373,68.49262862508382,54,-14.492628625083821,12,20,0.6,14.397631060136147,12,-2.397631060136147,82.89025968521997,66,-16.89025968521997
VCU,78,24,62,0.3870967741935484,62.934080600105474,55,-7.934080600105479,23,32,0.71875,23.036209696217835,23,-0.03620969621783543,85.97029029632331,78,-7.970290296323317
