Team,Score,FG Makes,FG Attempts,FG%,FG xP,FG Actual,FG Performance,FT Makes,FT Attempts,FT%,FT xP,FT Actual,FT Performance,Total xP,Total Actual,Total Performance
Bryant,53,19,58,0.3275862068965517,58.34517157146578,47,-11.345171571465784,6,7,0.8571428571428571,5.039170871047651,6,0.9608291289523487,63.38434244251343,53,-10.384342442513434
Harvard,56,24,58,0.41379310344827586,59.715209114377345,54,-5.715209114377347,2,2,1.0,1.4397631060136147,2,0.5602368939863853,61.15497222039096,56,-5.154972220390962
