Team,Score,FG Makes,FG Attempts,FG%,FG xP,FG Actual,FG Performance,FT Makes,FT Attempts,FT%,FT xP,FT Actual,FT Performance,Total xP,Total Actual,Total Performance
Marshall,81,30,63,0.47619047619047616,59.391568682299,66,6.608431317701001,15,20,0.75,14.397617015897094,15,0.6023829841029051,73.7891856981961,81,7.210814301803904
Ohio,88,29,60,0.48333333333333334,57.108529278660235,68,10.891470721339765,20,29,0.6896551724137931,20.876544673050788,20,-0.8765446730507881,77.98507395171103,88,10.014926048288974
