Team,Score,FG Makes,FG Attempts,FG%,FG xP,FG Actual,FG Performance,FT Makes,FT Attempts,FT%,FT xP,FT Actual,FT Performance,Total xP,Total Actual,Total Performance
South Carolina Upstate,63,24,66,0.36363636363636365,64.19867235720004,60,-4.198672357200039,3,8,0.375,5.759046806358838,3,-2.759046806358838,69.95771916355888,63,-6.957719163558879
Nebraska,72,25,60,0.4166666666666667,59.642867158305336,58,-1.6428671583053358,14,18,0.7777777777777778,12.957855314307384,14,1.0421446856926144,72.60072247261272,72,-0.6007224726127234
