Team,Score,FG Makes,FG Attempts,FG%,FG xP,FG Actual,FG Performance,FT Makes,FT Attempts,FT%,FT xP,FT Actual,FT Performance,Total xP,Total Actual,Total Performance
Lehigh,55,21,59,0.3559322033898305,56.884723404220914,44,-12.884723404220914,11,18,0.6111111111111112,12.957867954122532,11,-1.957867954122532,69.84259135834344,55,-14.842591358343446
Marist,78,28,60,0.4666666666666667,57.11154259641232,65,7.888457403587673,13,17,0.7647058823529411,12.237986401115725,13,0.7620135988842752,69.34952899752805,78,8.65047100247195
