Team,Score,FG Makes,FG Attempts,FG%,FG xP,FG Actual,FG Performance,FT Makes,FT Attempts,FT%,FT xP,FT Actual,FT Performance,Total xP,Total Actual,Total Performance
Lehigh,78,29,58,0.5,58.55439202476211,71,12.445607975237886,7,12,0.5833333333333334,8.638578636081688,7,-1.638578636081688,67.19297066084381,78,10.807029339156196
Texas State,74,27,62,0.43548387096774194,55.5132413063592,56,0.4867586936407997,18,23,0.782608695652174,16.557275719156568,18,1.442724280843431,72.07051702551578,74,1.9294829744842277
