Team,Score,FG Makes,FG Attempts,FG%,FG xP,FG Actual,FG Performance,FT Makes,FT Attempts,FT%,FT xP,FT Actual,FT Performance,Total xP,Total Actual,Total Performance
Louisiana Tech,51,19,66,0.2878787878787879,62.09727617479211,40,-22.09727617479211,11,20,0.55,14.397617015897094,11,-3.3976170158970946,76.49489319068921,51,-25.494893190689204
Indiana State,60,20,60,0.3333333333333333,59.46069482070062,51,-8.46069482070062,9,12,0.75,8.638570209538257,9,0.3614297904617432,68.09926503023888,60,-8.099265030238879
