Team,Score,FG Makes,FG Attempts,FG%,FG xP,FG Actual,FG Performance,FT Makes,FT Attempts,FT%,FT xP,FT Actual,FT Performance,Total xP,Total Actual,Total Performance
Brown,56,20,64,0.3125,62.64471330592643,43,-19.64471330592643,13,17,0.7647058823529411,12.23797446351253,13,0.7620255364874692,74.88268776943896,56,-18.882687769438963
Rhode Island,66,23,54,0.42592592592592593,54.554785225012196,50,-4.5547852250122,16,22,0.7272727272727273,15.837378717486803,16,0.16262128251319552,70.39216394249901,66,-4.392163942499005
