Team,Score,FG Makes,FG Attempts,FG%,FG xP,FG Actual,FG Performance,FT Makes,FT Attempts,FT%,FT xP,FT Actual,FT Performance,Total xP,Total Actual,Total Performance
Little Rock,65,27,52,0.5192307692307693,49.847358132748944,60,10.152641867251052,5,11,0.45454545454545453,7.918689358743403,5,-2.9186893587434026,57.76604749149235,65,7.233952508507649
Southern Illinois,74,28,47,0.5957446808510638,44.01590231843136,62,17.98409768156865,12,20,0.6,14.397617015897094,12,-2.397617015897095,58.413519334328456,74,15.58648066567155
