Team,Score,FG Makes,FG Attempts,FG%,FG xP,FG Actual,FG Performance,FT Makes,FT Attempts,FT%,FT xP,FT Actual,FT Performance,Total xP,Total Actual,Total Performance
New Orleans,85,26,48,0.5416666666666666,48.63019892112005,65,16.369801078879945,20,28,0.7142857142857143,20.156663822255933,20,-0.15666382225593312,68.78686274337599,85,16.213137256624016
Tulane,63,18,52,0.34615384615384615,51.592665924002105,39,-12.592665924002102,24,34,0.7058823529411765,24.47594892702506,24,-0.47594892702506186,76.06861485102716,63,-13.068614851027162
