Team,Score,FG Makes,FG Attempts,FG%,FG xP,FG Actual,FG Performance,FT Makes,FT Attempts,FT%,FT xP,FT Actual,FT Performance,Total xP,Total Actual,Total Performance
Stonehill,62,25,64,0.390625,62.30837303097971,58,-4.3083730309797055,4,8,0.5,5.759052424054459,4,-1.7590524240544587,68.06742545503417,62,-6.067425455034165
Quinnipiac,76,29,61,0.47540983606557374,62.30067104842398,66,3.699328951576022,10,12,0.8333333333333334,8.638578636081688,10,1.3614213639183121,70.93924968450567,76,5.060750315494334
