Team,Score,FG Makes,FG Attempts,FG%,FG xP,FG Actual,FG Performance,FT Makes,FT Attempts,FT%,FT xP,FT Actual,FT Performance,Total xP,Total Actual,Total Performance
Stonehill,62,25,64,0.390625,62.30837303097971,58,-4.3083730309797055,4,8,0.5,5.759046806358838,4,-1.759046806358838,68.06741983733853,62,-6.067419837338544
Quinnipiac,76,29,61,0.47540983606557374,62.30067104842398,66,3.699328951576022,10,12,0.8333333333333334,8.638570209538257,10,1.3614297904617432,70.93924125796224,76,5.060758742037765
