Team,Score,FG Makes,FG Attempts,FG%,FG xP,FG Actual,FG Performance,FT Makes,FT Attempts,FT%,FT xP,FT Actual,FT Performance,Total xP,Total Actual,Total Performance
Charleston,78,26,55,0.4727272727272727,55.77932597775556,62,6.22067402224444,16,21,0.7619047619047619,15.11749786669195,16,0.88250213330805,70.89682384444751,78,7.1031761555524895
Evansville,59,21,55,0.38181818181818183,53.18105952485093,46,-7.181059524850931,13,18,0.7222222222222222,12.957855314307384,13,0.04214468569261487,66.13891483915832,59,-7.138914839158318
