Team,Score,FG Makes,FG Attempts,FG%,FG xP,FG Actual,FG Performance,FT Makes,FT Attempts,FT%,FT xP,FT Actual,FT Performance,Total xP,Total Actual,Total Performance
McNeese,67,26,52,0.5,47.902779019246445,55,7.097220980753546,14,16,0.875,11.518104848108917,14,2.481895151891083,59.420883867355364,69,9.57911613264463
Incarnate Word,71,23,50,0.46,47.80599848266992,54,6.19400151733008,17,24,0.7083333333333334,17.277157272163375,17,-0.2771572721633757,65.0831557548333,71,5.916844245166705
