Team,Score,FG Makes,FG Attempts,FG%,FG xP,FG Actual,FG Performance,FT Makes,FT Attempts,FT%,FT xP,FT Actual,FT Performance,Total xP,Total Actual,Total Performance
Furman,97,31,61,0.5081967213114754,62.62712956180939,73,10.37287043819061,24,31,0.7741935483870968,22.316328143211027,24,1.6836718567889721,84.94345770502042,97,12.05654229497958
Elon,88,29,68,0.4264705882352941,70.44487215809073,69,-1.44487215809073,19,25,0.76,17.997038825170183,19,1.0029611748298166,88.44191098326093,88,-0.4419109832609136
