Team,Score,FG Makes,FG Attempts,FG%,FG xP,FG Actual,FG Performance,FT Makes,FT Attempts,FT%,FT xP,FT Actual,FT Performance,Total xP,Total Actual,Total Performance
Wright State,69,30,71,0.4225352112676056,71.08639332676769,67,-4.086393326767686,2,3,0.6666666666666666,2.159644659020422,2,-0.15964465902042202,73.2460379857881,69,-4.246037985788108
Butler,94,36,63,0.5714285714285714,62.71912812627211,79,16.280871873727897,15,26,0.5769230769230769,18.71692037817699,15,-3.71692037817699,81.4360485044491,94,12.563951495550905
