Team,Score,FG Makes,FG Attempts,FG%,FG xP,FG Actual,FG Performance,FT Makes,FT Attempts,FT%,FT xP,FT Actual,FT Performance,Total xP,Total Actual,Total Performance
Coppin State,50,16,52,0.3076923076923077,50.380365108149064,34,-16.38036510814906,16,22,0.7272727272727273,15.837378717486803,16,0.16262128251319585,66.21774382563586,50,-16.217743825635864
South Florida,100,35,67,0.5223880597014925,70.23495055730842,82,11.765049442691568,18,27,0.6666666666666666,19.436782971461078,18,-1.436782971461078,89.67173352876954,100,10.32826647123049
