Team,Score,FG Makes,FG Attempts,FG%,FG xP,FG Actual,FG Performance,FT Makes,FT Attempts,FT%,FT xP,FT Actual,FT Performance,Total xP,Total Actual,Total Performance
East Texas A&M,59,21,54,0.3888888888888889,52.48616325377543,50,-2.4861632537754277,9,12,0.75,8.638578636081688,9,0.36142136391831203,61.12474188985712,59,-2.1247418898571153
UConn,83,34,65,0.5230769230769231,65.22473881716829,72,6.775261182831722,11,14,0.7857142857142857,10.0783417420953,11,0.921658257904697,75.30308055926358,83,7.696919440736417
