Team,Score,FG Makes,FG Attempts,FG%,FG xP,FG Actual,FG Performance,FT Makes,FT Attempts,FT%,FT xP,FT Actual,FT Performance,Total xP,Total Actual,Total Performance
Sam Houston,79,30,70,0.42857142857142855,67.65677199860365,68,0.3432280013963487,11,13,0.8461538461538461,9.358451060333111,11,1.6415489396668883,77.01522305893677,79,1.9847769410632363
Utah,85,26,60,0.43333333333333335,61.003465185204035,61,-0.0034651852040310516,24,30,0.8,21.596425523845642,24,2.4035744761543576,82.59989070904966,85,2.4001092909503265
