Team,Score,FG Makes,FG Attempts,FG%,FG xP,FG Actual,FG Performance,FT Makes,FT Attempts,FT%,FT xP,FT Actual,FT Performance,Total xP,Total Actual,Total Performance
Robert Morris,81,32,68,0.47058823529411764,64.92989687708479,73,8.070103122915217,8,8,1.0,5.759046806358838,8,2.240953193641162,70.68894368344363,81,10.311056316556378
Drake,79,24,65,0.36923076923076925,63.93983013585644,54,-9.939830135856436,25,32,0.78125,23.036187225435352,25,1.9638127745646476,86.9760173612918,79,-7.976017361291791
