Team,Score,FG Makes,FG Attempts,FG%,FG xP,FG Actual,FG Performance,FT Makes,FT Attempts,FT%,FT xP,FT Actual,FT Performance,Total xP,Total Actual,Total Performance
Coastal Carolina,88,28,58,0.4827586206896552,57.288174834508666,68,10.711825165491332,20,26,0.7692307692307693,18.716902120666223,20,1.2830978793337764,76.00507695517489,88,11.994923044825105
Winthrop,84,25,65,0.38461538461538464,64.51072972763565,60,-4.510729727635647,24,34,0.7058823529411765,24.475948927025062,24,-0.4759489270250614,88.98667865466072,84,-4.986678654660713
