Team,Score,FG Makes,FG Attempts,FG%,FG xP,FG Actual,FG Performance,FT Makes,FT Attempts,FT%,FT xP,FT Actual,FT Performance,Total xP,Total Actual,Total Performance
Florida State,76,23,68,0.3382352941176471,70.01476873592138,55,-15.014768735921383,21,25,0.84,17.997021269871368,21,3.0029787301286315,88.01179000579276,76,-12.011790005792752
Florida,78,25,64,0.390625,65.75077998509002,56,-9.750779985090022,22,32,0.6875,23.036187225435352,22,-1.036187225435352,88.78696721052536,78,-10.786967210525374
