Team,Score,FG Makes,FG Attempts,FG%,FG xP,FG Actual,FG Performance,FT Makes,FT Attempts,FT%,FT xP,FT Actual,FT Performance,Total xP,Total Actual,Total Performance
Queens University,74,27,63,0.42857142857142855,60.39310574924614,60,-0.3931057492461383,14,16,0.875,11.518093612717676,14,2.481906387282324,71.91119936196382,74,2.0888006380361843
Winthrop,81,24,62,0.3870967741935484,59.76739690920817,56,-3.7673969092081796,25,31,0.8064516129032258,22.316306374640497,25,2.6836936253595023,82.08370328384868,81,-1.0837032838486804
