Team,Score,FG Makes,FG Attempts,FG%,FG xP,FG Actual,FG Performance,FT Makes,FT Attempts,FT%,FT xP,FT Actual,FT Performance,Total xP,Total Actual,Total Performance
Boston University,52,19,58,0.3275862068965517,52.866231486624244,47,-5.8662314866242475,5,7,0.7142857142857143,5.039165955563983,5,-0.03916595556398317,57.90539744218823,52,-5.90539744218823
Northwestern,76,31,60,0.5166666666666667,55.83655605538584,69,13.163443944614166,7,13,0.5384615384615384,9.358451060333111,7,-2.3584510603331115,65.19500711571894,76,10.804992884281056
