Team,Score,FG Makes,FG Attempts,FG%,FG xP,FG Actual,FG Performance,FT Makes,FT Attempts,FT%,FT xP,FT Actual,FT Performance,Total xP,Total Actual,Total Performance
Marshall,69,26,58,0.4482758620689655,56.3037479403523,60,3.696252059647695,9,9,1.0,6.478933977061266,9,2.521066022938734,62.78268191741356,69,6.217318082586428
UNC Wilmington,70,18,55,0.32727272727272727,54.021985085114906,41,-13.0219850851149,29,39,0.7435897435897436,28.075380567265483,29,0.9246194327345134,82.09736565238039,70,-12.097365652380386
