Team,Score,FG Makes,FG Attempts,FG%,FG xP,FG Actual,FG Performance,FT Makes,FT Attempts,FT%,FT xP,FT Actual,FT Performance,Total xP,Total Actual,Total Performance
Mississippi Valley State,55,16,55,0.2909090909090909,53.898610909170834,37,-16.898610909170838,18,19,0.9473684210526315,13.67773616510224,18,4.322263834897759,67.57634707427309,55,-12.576347074273079
UAB,106,37,74,0.5,71.53672892130581,83,11.4632710786942,23,37,0.6216216216216216,26.635591479409626,23,-3.6355914794096256,98.17232040071542,106,7.827679599284574
