Team,Score,FG Makes,FG Attempts,FG%,FG xP,FG Actual,FG Performance,FT Makes,FT Attempts,FT%,FT xP,FT Actual,FT Performance,Total xP,Total Actual,Total Performance
Bucknell,73,25,58,0.43103448275862066,56.38670825242951,58,1.613291747570491,15,23,0.6521739130434783,16.55725956828166,15,-1.557259568281659,72.94396782071118,73,0.056032179288830086
Mount St. Mary's,62,20,51,0.39215686274509803,52.8067407333492,44,-8.806740733349201,18,25,0.72,17.997021269871368,18,0.0029787301286312573,70.80376200322057,62,-8.803762003220573
