Team,Score,FG Makes,FG Attempts,FG%,FG xP,FG Actual,FG Performance,FT Makes,FT Attempts,FT%,FT xP,FT Actual,FT Performance,Total xP,Total Actual,Total Performance
Clemson,97,32,69,0.463768115942029,65.96438862832376,75,9.035611371676248,22,29,0.7586206896551724,20.877232529911566,22,1.1227674700884358,86.84162115823531,97,10.158378841764684
Georgia,94,32,66,0.48484848484848486,65.33912016601342,73,7.660879833986594,21,26,0.8076923076923077,18.717518819920713,21,2.282481180079287,84.05663898593413,94,9.943361014065882
