Team,Score,FG Makes,FG Attempts,FG%,FG xP,FG Actual,FG Performance,FT Makes,FT Attempts,FT%,FT xP,FT Actual,FT Performance,Total xP,Total Actual,Total Performance
Sacramento State,88,26,68,0.38235294117647056,67.74255219908572,62,-5.74255219908573,26,30,0.8666666666666667,21.596425523845642,26,4.403574476154358,89.33897772293138,88,-1.3389777229313706
Baylor,110,38,63,0.6031746031746031,64.8633409616767,82,17.13665903832331,28,37,0.7567567567567568,26.635591479409623,28,1.3644085205903742,91.49893244108631,110,18.50106755891368
