Team,Score,FG Makes,FG Attempts,FG%,FG xP,FG Actual,FG Performance,FT Makes,FT Attempts,FT%,FT xP,FT Actual,FT Performance,Total xP,Total Actual,Total Performance
Oregon,63,19,56,0.3392857142857143,54.360603923481136,46,-8.36060392348114,17,24,0.7083333333333334,17.27770967992681,17,-0.2777096799268124,71.63831360340795,63,-8.638313603407955
UCLA,74,24,55,0.43636363636363634,50.1133281880271,56,5.8866718119729065,18,21,0.8571428571428571,15.117995969935961,18,2.882004030064039,65.23132415796306,74,8.768675842036943
