Team,Score,FG Makes,FG Attempts,FG%,FG xP,FG Actual,FG Performance,FT Makes,FT Attempts,FT%,FT xP,FT Actual,FT Performance,Total xP,Total Actual,Total Performance
Pennsylvania,63,24,59,0.4067796610169492,54.56006051896351,59,4.43993948103649,4,12,0.3333333333333333,8.638578636081688,4,-4.638578636081688,63.1986391550452,63,-0.1986391550451989
Villanova,90,33,60,0.55,59.37752916865098,81,21.62247083134903,9,13,0.6923076923076923,9.358460189088495,9,-0.3584601890884954,68.73598935773947,90,21.264010642260534
