Team,Score,FG Makes,FG Attempts,FG%,FG xP,FG Actual,FG Performance,FT Makes,FT Attempts,FT%,FT xP,FT Actual,FT Performance,Total xP,Total Actual,Total Performance
UMBC,73,27,52,0.5192307692307693,50.33065003320813,61,10.669349966791872,12,15,0.8,10.798212761922821,12,1.2017872380771788,61.128862795130956,73,11.87113720486905
Bucknell,66,24,61,0.39344262295081966,59.47963349024809,54,-5.47963349024809,12,17,0.7058823529411765,12.237974463512531,12,-0.23797446351253038,71.71760795376062,66,-5.717607953760618
