Team,Score,FG Makes,FG Attempts,FG%,FG xP,FG Actual,FG Performance,FT Makes,FT Attempts,FT%,FT xP,FT Actual,FT Performance,Total xP,Total Actual,Total Performance
Long Beach State,77,25,66,0.3787878787878788,61.091851964462116,58,-3.091851964462117,19,24,0.7916666666666666,17.277140419076513,19,1.722859580923486,78.36899238353864,77,-1.3689923835386302
UC Santa Barbara,84,22,51,0.43137254901960786,47.80701649774846,52,4.192983502251546,32,38,0.8421052631578947,27.35547233020448,32,4.644527669795519,75.16248882795294,84,8.837511172047064
