Team,Score,FG Makes,FG Attempts,FG%,FG xP,FG Actual,FG Performance,FT Makes,FT Attempts,FT%,FT xP,FT Actual,FT Performance,Total xP,Total Actual,Total Performance
North Alabama,65,24,63,0.38095238095238093,60.50486680467214,51,-9.50486680467214,14,17,0.8235294117647058,12.237974463512531,14,1.7620255364874695,72.74284126818468,65,-7.7428412681846694
San Francisco,63,22,59,0.3728813559322034,61.614474303472775,53,-8.614474303472775,10,16,0.625,11.518093612717674,10,-1.5180936127176758,73.13256791619045,63,-10.132567916190453
