Team,Score,FG Makes,FG Attempts,FG%,FG xP,FG Actual,FG Performance,FT Makes,FT Attempts,FT%,FT xP,FT Actual,FT Performance,Total xP,Total Actual,Total Performance
Maryland,64,17,47,0.3617021276595745,46.6437975849276,40,-6.643797584927597,24,38,0.631578947368421,27.35549901425868,24,-3.355499014258679,73.99929659918627,64,-9.999296599186279
Iowa,83,34,63,0.5396825396825397,64.18986939176528,77,12.810130608234704,6,12,0.5,8.638578636081688,6,-2.6385786360816876,72.82844802784699,83,10.171551972153015
