Team,Score,FG Makes,FG Attempts,FG%,FG xP,FG Actual,FG Performance,FT Makes,FT Attempts,FT%,FT xP,FT Actual,FT Performance,Total xP,Total Actual,Total Performance
Maryland,64,17,47,0.3617021276595745,46.6437975849276,40,-6.643797584927597,24,38,0.631578947368421,27.35547233020448,24,-3.355472330204481,73.99926991513207,64,-9.99926991513208
Iowa,83,34,63,0.5396825396825397,64.18986939176528,77,12.810130608234704,6,12,0.5,8.638570209538257,6,-2.6385702095382566,72.82843960130356,83,10.171560398696446
