Team,Score,FG Makes,FG Attempts,FG%,FG xP,FG Actual,FG Performance,FT Makes,FT Attempts,FT%,FT xP,FT Actual,FT Performance,Total xP,Total Actual,Total Performance
Houston Christian,62,23,56,0.4107142857142857,55.75935645550308,52,-3.7593564555030863,10,15,0.6666666666666666,10.798212761922821,10,-0.7982127619228214,66.55756921742591,62,-4.557569217425909
Georgia Southern,80,30,62,0.4838709677419355,63.25260677240295,70,6.747393227597053,10,18,0.5555555555555556,12.957855314307384,10,-2.957855314307386,76.21046208671032,80,3.7895379132896663
