Team,Score,FG Makes,FG Attempts,FG%,FG xP,FG Actual,FG Performance,FT Makes,FT Attempts,FT%,FT xP,FT Actual,FT Performance,Total xP,Total Actual,Total Performance
Belmont,96,36,63,0.5714285714285714,60.993834803480226,85,24.006165196519774,11,19,0.5789473684210527,13.677749507129338,11,-2.677749507129339,74.67158431060955,96,21.328415689390432
Charleston,73,20,65,0.3076923076923077,66.7062347612216,51,-15.706234761221573,22,30,0.7333333333333333,21.59644659020422,22,0.40355340979578,88.3026813514258,73,-15.302681351425793
