Team,Score,FG Makes,FG Attempts,FG%,FG xP,FG Actual,FG Performance,FT Makes,FT Attempts,FT%,FT xP,FT Actual,FT Performance,Total xP,Total Actual,Total Performance
Presbyterian,61,25,59,0.423728813559322,57.87655972903692,50,-7.876559729036922,11,20,0.55,14.39809139993901,11,-3.39809139993901,72.27465112897592,61,-11.274651128975933
South Carolina,81,24,57,0.42105263157894735,56.15897750439751,56,-0.1589775043975179,25,32,0.78125,23.036946239902417,25,1.9630537600975828,79.19592374429993,81,1.8040762557000638
