Team,Score,FG Makes,FG Attempts,FG%,FG xP,FG Actual,FG Performance,FT Makes,FT Attempts,FT%,FT xP,FT Actual,FT Performance,Total xP,Total Actual,Total Performance
Wright State,79,31,59,0.5254237288135594,60.36607199160485,76,15.633928008395152,3,6,0.5,4.319289318040844,3,-1.319289318040844,64.68536130964569,79,14.31463869035431
Stetson,62,25,57,0.43859649122807015,57.616704322408935,57,-0.6167043224089381,5,9,0.5555555555555556,6.478933977061266,5,-1.4789339770612662,64.0956382994702,62,-2.095638299470203
