Team,Score,FG Makes,FG Attempts,FG%,FG xP,FG Actual,FG Performance,FT Makes,FT Attempts,FT%,FT xP,FT Actual,FT Performance,Total xP,Total Actual,Total Performance
Boston University,82,27,62,0.43548387096774194,60.60165522857634,67,6.398344771423662,15,27,0.5555555555555556,19.436782971461078,15,-4.436782971461078,80.03843820003742,82,1.961561799962583
New Hampshire,88,33,65,0.5076923076923077,63.813682326976014,73,9.186317673023986,15,29,0.5172413793103449,20.876544673050788,15,-5.8765446730507875,84.69022700002681,88,3.3097729999731964
