Team,Score,FG Makes,FG Attempts,FG%,FG xP,FG Actual,FG Performance,FT Makes,FT Attempts,FT%,FT xP,FT Actual,FT Performance,Total xP,Total Actual,Total Performance
Tennessee,76,24,51,0.47058823529411764,51.413405650332194,53,1.5865943496678065,23,29,0.7931034482758621,20.876544673050788,23,2.123455326949212,72.28995032338298,76,3.710049676617018
Houston,73,28,61,0.45901639344262296,57.35604758340365,65,7.643952416596347,8,11,0.7272727272727273,7.918689358743402,8,0.0813106412565977,65.27473694214704,73,7.725263057852944
