Team,Score,FG Makes,FG Attempts,FG%,FG xP,FG Actual,FG Performance,FT Makes,FT Attempts,FT%,FT xP,FT Actual,FT Performance,Total xP,Total Actual,Total Performance
McNeese,92,32,67,0.47761194029850745,59.554119850324675,69,9.445880149675327,23,28,0.8214285714285714,20.156663822255933,23,2.843336177744067,79.71078367258062,92,12.28921632741939
George Washington,86,25,54,0.46296296296296297,52.47769449227248,62,9.522305507727525,24,30,0.8,21.596425523845642,24,2.403574476154357,74.07412001611812,86,11.92587998388188
