Team,Score,FG Makes,FG Attempts,FG%,FG xP,FG Actual,FG Performance,FT Makes,FT Attempts,FT%,FT xP,FT Actual,FT Performance,Total xP,Total Actual,Total Performance
La Salle,71,30,71,0.4225352112676056,70.15951948081208,66,-4.15951948081208,5,8,0.625,5.759052424054459,5,-0.7590524240544585,75.91857190486654,71,-4.91857190486654
Pennsylvania,73,26,52,0.5,51.07695372304274,62,10.923046276957255,11,17,0.6470588235294118,12.237986401115725,11,-1.2379864011157249,63.31494012415847,73,9.685059875841532
