Team,Score,FG Makes,FG Attempts,FG%,FG xP,FG Actual,FG Performance,FT Makes,FT Attempts,FT%,FT xP,FT Actual,FT Performance,Total xP,Total Actual,Total Performance
La Salle,71,30,71,0.4225352112676056,70.15951948081208,66,-4.15951948081208,5,8,0.625,5.759046806358838,5,-0.7590468063588378,75.91856628717092,71,-4.918566287170919
Pennsylvania,73,26,52,0.5,51.07695372304274,62,10.923046276957255,11,17,0.6470588235294118,12.237974463512531,11,-1.237974463512531,63.31492818655527,73,9.685071813444726
