Team,Score,FG Makes,FG Attempts,FG%,FG xP,FG Actual,FG Performance,FT Makes,FT Attempts,FT%,FT xP,FT Actual,FT Performance,Total xP,Total Actual,Total Performance
Princeton,68,22,62,0.3548387096774194,64.60198197636382,53,-11.601981976363826,15,16,0.9375,11.518104848108917,15,3.4818951518910826,76.12008682447274,68,-8.120086824472743
Loyola Chicago,73,25,50,0.5,51.386338702243904,56,4.613661297756093,17,26,0.6538461538461539,18.71692037817699,17,-1.7169203781769908,70.10325908042088,73,2.896740919579102
