Team,Score,FG Makes,FG Attempts,FG%,FG xP,FG Actual,FG Performance,FT Makes,FT Attempts,FT%,FT xP,FT Actual,FT Performance,Total xP,Total Actual,Total Performance
Sam Houston,82,27,63,0.42857142857142855,62.365243767760504,59,-3.365243767760502,23,32,0.71875,23.036209696217835,23,-0.03620969621783465,85.40145346397836,82,-3.4014534639783376
Texas Southern,70,22,66,0.3333333333333333,63.72946668603796,49,-14.729466686037952,21,28,0.75,20.156683484190605,21,0.8433165158093948,83.88615017022855,70,-13.88615017022856
