Team,Score,FG Makes,FG Attempts,FG%,FG xP,FG Actual,FG Performance,FT Makes,FT Attempts,FT%,FT xP,FT Actual,FT Performance,Total xP,Total Actual,Total Performance
Prairie View A&M,69,24,54,0.4444444444444444,51.52377238877249,51,-0.5237723887724899,18,22,0.8181818181818182,15.837378717486803,18,2.162621282513196,67.3611511062593,69,1.6388488937407057
North Texas,72,24,50,0.48,49.62709756856547,54,4.372902431434537,18,26,0.6923076923076923,18.716902120666223,18,-0.7169021206662232,68.3439996892317,72,3.656000310768314
