Team,Score,FG Makes,FG Attempts,FG%,FG xP,FG Actual,FG Performance,FT Makes,FT Attempts,FT%,FT xP,FT Actual,FT Performance,Total xP,Total Actual,Total Performance
Mercyhurst,73,25,54,0.46296296296296297,55.34517003632697,57,1.654829963673035,16,21,0.7619047619047619,15.11749786669195,16,0.8825021333080503,70.46266790301891,73,2.5373320969810877
Loyola Chicago,65,20,53,0.37735849056603776,55.938773835199875,48,-7.938773835199871,17,23,0.7391304347826086,16.55725956828166,17,0.44274043171834054,72.49603340348153,65,-7.496033403481529
