Team,Score,FG Makes,FG Attempts,FG%,FG xP,FG Actual,FG Performance,FT Makes,FT Attempts,FT%,FT xP,FT Actual,FT Performance,Total xP,Total Actual,Total Performance
Siena,59,18,44,0.4090909090909091,43.154102349947145,38,-5.154102349947146,21,35,0.6,25.195854355238254,21,-4.195854355238256,68.3499567051854,59,-9.349956705185406
American University,55,18,50,0.36,48.976939149403506,39,-9.976939149403506,16,21,0.7619047619047619,15.117512613142953,16,0.8824873868570462,64.09445176254646,55,-9.094451762546463
