Team,Score,FG Makes,FG Attempts,FG%,FG xP,FG Actual,FG Performance,FT Makes,FT Attempts,FT%,FT xP,FT Actual,FT Performance,Total xP,Total Actual,Total Performance
Murray State,87,30,62,0.4838709677419355,60.01584199631747,67,6.984158003682534,20,29,0.6896551724137931,20.876565037197413,20,-0.876565037197412,80.89240703351489,87,6.107592966485123
Middle Tennessee,90,37,74,0.5,66.94778968698,80,13.052210313020007,10,18,0.5555555555555556,12.95786795412253,10,-2.9578679541225323,79.90565764110252,90,10.094342358897473
