Team,Score,FG Makes,FG Attempts,FG%,FG xP,FG Actual,FG Performance,FT Makes,FT Attempts,FT%,FT xP,FT Actual,FT Performance,Total xP,Total Actual,Total Performance
St. Bonaventure,77,28,60,0.4666666666666667,59.44672756329786,65,5.553272436702134,12,14,0.8571428571428571,10.078341742095303,12,1.9216582579046972,69.52506930539317,77,7.4749306946068295
Buffalo,69,27,50,0.54,47.34190629465833,62,14.658093705341674,7,11,0.6363636363636364,7.91869708307488,7,-0.9186970830748806,55.260603377733204,69,13.739396622266792
