Team,Score,FG Makes,FG Attempts,FG%,FG xP,FG Actual,FG Performance,FT Makes,FT Attempts,FT%,FT xP,FT Actual,FT Performance,Total xP,Total Actual,Total Performance
SE Louisiana,58,18,53,0.33962264150943394,51.605040126041565,43,-8.605040126041553,15,25,0.6,17.99761424992376,15,-2.997614249923762,69.60265437596532,58,-11.602654375965313
Ole Miss,88,28,54,0.5185185185185185,54.10182213699851,63,8.89817786300149,25,30,0.8333333333333334,21.597137099908515,25,3.4028629000914847,75.69895923690702,88,12.301040763092978
