Team,Score,FG Makes,FG Attempts,FG%,FG xP,FG Actual,FG Performance,FT Makes,FT Attempts,FT%,FT xP,FT Actual,FT Performance,Total xP,Total Actual,Total Performance
Longwood,60,22,69,0.3188405797101449,68.83949631655375,48,-20.839496316553735,12,14,0.8571428571428571,10.078331911127966,12,1.9216680888720334,78.9178282276817,60,-18.917828227681703
Pittsburgh,78,21,50,0.42,50.695512628281364,54,3.304487371718638,24,35,0.6857142857142857,25.195829777819917,24,-1.195829777819917,75.89134240610129,78,2.1086575938987195
