Team,Score,FG Makes,FG Attempts,FG%,FG xP,FG Actual,FG Performance,FT Makes,FT Attempts,FT%,FT xP,FT Actual,FT Performance,Total xP,Total Actual,Total Performance
Duke,114,37,65,0.5692307692307692,67.38287555109332,90,22.617124448906672,24,29,0.8275862068965517,20.876544673050788,24,3.1234553269492125,88.25942022414411,114,25.740579775855885
Army,59,21,68,0.3088235294117647,68.55990245978698,54,-14.559902459787,5,7,0.7142857142857143,5.039165955563983,5,-0.03916595556398328,73.59906841535098,59,-14.599068415350985
