Team,Score,FG Makes,FG Attempts,FG%,FG xP,FG Actual,FG Performance,FT Makes,FT Attempts,FT%,FT xP,FT Actual,FT Performance,Total xP,Total Actual,Total Performance
Davidson,62,22,47,0.46808510638297873,46.7421566476197,54,7.2578433523803,8,12,0.6666666666666666,8.638570209538257,8,-0.6385702095382567,55.38072685715796,62,6.6192731428420455
Charlotte,55,19,56,0.3392857142857143,58.14533901211019,44,-14.145339012110192,11,20,0.55,14.397617015897094,11,-3.3976170158970946,72.54295602800728,55,-17.54295602800729
