Team,Score,FG Makes,FG Attempts,FG%,FG xP,FG Actual,FG Performance,FT Makes,FT Attempts,FT%,FT xP,FT Actual,FT Performance,Total xP,Total Actual,Total Performance
Bryant,49,11,40,0.275,39.001462908986525,29,-10.001462908986527,20,21,0.9523809523809523,15.117497866691949,20,4.8825021333080505,54.11896077567848,49,-5.118960775678478
UConn,72,25,64,0.390625,63.02385726258115,55,-8.02385726258116,17,22,0.7727272727272727,15.837378717486803,17,1.1626212825131954,78.86123598006796,72,-6.861235980067965
