Team,Score,FG Makes,FG Attempts,FG%,FG xP,FG Actual,FG Performance,FT Makes,FT Attempts,FT%,FT xP,FT Actual,FT Performance,Total xP,Total Actual,Total Performance
BYU,72,25,55,0.45454545454545453,53.68903088108969,59,5.31096911891031,13,20,0.65,14.397617015897094,13,-1.3976170158970946,68.08664789698679,72,3.9133521030132146
Miami,62,25,66,0.3787878787878788,65.6387129884713,55,-10.6387129884713,7,17,0.4117647058823529,12.237974463512531,7,-5.237974463512531,77.87668745198384,62,-15.876687451983832
