Team,Score,FG Makes,FG Attempts,FG%,FG xP,FG Actual,FG Performance,FT Makes,FT Attempts,FT%,FT xP,FT Actual,FT Performance,Total xP,Total Actual,Total Performance
Princeton,64,22,45,0.4888888888888889,44.92275944687579,51,6.077240553124211,13,21,0.6190476190476191,15.117512613142953,13,-2.117512613142954,60.04027206001875,64,3.9597279399812564
Bradley,88,30,55,0.5454545454545454,56.26237066287163,74,17.73762933712837,14,20,0.7,14.397631060136147,14,-0.3976310601361468,70.66000172300777,88,17.339998276992226
