Team,Score,FG Makes,FG Attempts,FG%,FG xP,FG Actual,FG Performance,FT Makes,FT Attempts,FT%,FT xP,FT Actual,FT Performance,Total xP,Total Actual,Total Performance
Cal State Fullerton,59,22,64,0.34375,63.97413891761594,47,-16.974138917615935,12,18,0.6666666666666666,12.957867954122532,12,-0.9578679541225319,76.93200687173847,59,-17.93200687173847
Hawai'i,69,24,63,0.38095238095238093,63.074834280109904,58,-5.074834280109901,11,17,0.6470588235294118,12.237986401115725,11,-1.2379864011157249,75.31282068122563,69,-6.312820681225627
