Team,Score,FG Makes,FG Attempts,FG%,FG xP,FG Actual,FG Performance,FT Makes,FT Attempts,FT%,FT xP,FT Actual,FT Performance,Total xP,Total Actual,Total Performance
Saint Joseph's,85,26,65,0.4,65.16784648554987,61,-4.167846485549868,24,34,0.7058823529411765,24.475948927025062,24,-0.47594892702506175,89.64379541257492,85,-4.64379541257493
UNLV,99,31,69,0.4492753623188406,66.39269112652059,66,-0.39269112652058435,33,49,0.673469387755102,35.274161688947885,33,-2.274161688947883,101.66685281546847,99,-2.6668528154684665
