Team,Score,FG Makes,FG Attempts,FG%,FG xP,FG Actual,FG Performance,FT Makes,FT Attempts,FT%,FT xP,FT Actual,FT Performance,Total xP,Total Actual,Total Performance
Oregon,66,29,69,0.42028985507246375,64.78973404330333,59,-5.789734043303325,7,11,0.6363636363636364,7.918689358743402,7,-0.9186893587434022,72.70842340204673,66,-6.708423402046727
Creighton,76,26,59,0.4406779661016949,58.81930437799098,57,-1.8193043779909837,19,21,0.9047619047619048,15.117497866691949,19,3.88250213330805,73.93680224468292,76,2.0631977553170646
