Team,Score,FG Makes,FG Attempts,FG%,FG xP,FG Actual,FG Performance,FT Makes,FT Attempts,FT%,FT xP,FT Actual,FT Performance,Total xP,Total Actual,Total Performance
Northwestern,73,25,59,0.423728813559322,57.854466786338826,54,-3.8544667863388273,19,23,0.8260869565217391,16.55725956828166,19,2.4427404317183408,74.41172635462048,73,-1.4117263546204881
Wisconsin,85,28,64,0.4375,67.45377810247282,67,-0.4537781024728278,18,21,0.8571428571428571,15.11749786669195,18,2.88250213330805,82.57127596916477,85,2.428724030835222
