Team,Score,FG Makes,FG Attempts,FG%,FG xP,FG Actual,FG Performance,FT Makes,FT Attempts,FT%,FT xP,FT Actual,FT Performance,Total xP,Total Actual,Total Performance
Tulane,93,31,60,0.5166666666666667,57.350681488290924,67,9.649318511709073,26,36,0.7222222222222222,25.915735908245065,26,0.08426409175493532,83.26641739653599,93,9.733582603464004
Boston College,90,26,63,0.4126984126984127,60.14305118670143,62,1.8569488132985659,28,36,0.7777777777777778,25.91573590824506,28,2.084264091754936,86.0587870949465,90,3.941212905053501
