Team,Score,FG Makes,FG Attempts,FG%,FG xP,FG Actual,FG Performance,FT Makes,FT Attempts,FT%,FT xP,FT Actual,FT Performance,Total xP,Total Actual,Total Performance
Manhattan,68,24,55,0.43636363636363634,55.29106077820706,57,1.7089392217929347,11,19,0.5789473684210527,13.67818682994206,11,-2.67818682994206,68.96924760814913,68,-0.9692476081491268
Texas A&M,109,39,67,0.582089552238806,69.30076973298284,96,26.69923026701715,13,17,0.7647058823529411,12.238377689948159,13,0.7616223100518413,81.53914742293101,109,27.460852577068987
