Team,Score,FG Makes,FG Attempts,FG%,FG xP,FG Actual,FG Performance,FT Makes,FT Attempts,FT%,FT xP,FT Actual,FT Performance,Total xP,Total Actual,Total Performance
Presbyterian,61,25,59,0.423728813559322,57.87655972903692,50,-7.876559729036922,11,20,0.55,14.397617015897096,11,-3.3976170158970946,72.27417674493401,61,-11.274176744934017
South Carolina,81,24,57,0.42105263157894735,56.15897750439751,56,-0.1589775043975179,25,32,0.78125,23.036187225435352,25,1.9638127745646472,79.19516472983287,81,1.8048352701671282
