Team,Score,FG Makes,FG Attempts,FG%,FG xP,FG Actual,FG Performance,FT Makes,FT Attempts,FT%,FT xP,FT Actual,FT Performance,Total xP,Total Actual,Total Performance
Eastern Kentucky,78,26,59,0.4406779661016949,56.696537012353694,63,6.303462987646307,15,23,0.6521739130434783,16.557275719156568,15,-1.5572757191565683,73.25381273151025,78,4.746187268489739
Illinois State,89,31,57,0.543859649122807,56.70086170625734,73,16.29913829374266,16,20,0.8,14.397631060136147,16,1.6023689398638528,71.09849276639349,89,17.901507233606516
