Team,Score,FG Makes,FG Attempts,FG%,FG xP,FG Actual,FG Performance,FT Makes,FT Attempts,FT%,FT xP,FT Actual,FT Performance,Total xP,Total Actual,Total Performance
Queens University,81,26,70,0.37142857142857144,69.2497385466517,61,-8.249738546651702,20,27,0.7407407407407407,19.436782971461078,20,0.5632170285389217,88.6865215181128,81,-7.686521518112781
Duquesne,87,33,66,0.5,67.10408467466361,70,2.8959153253363983,17,30,0.5666666666666667,21.596425523845642,17,-4.596425523845642,88.70051019850924,87,-1.7005101985092421
