Team,Score,FG Makes,FG Attempts,FG%,FG xP,FG Actual,FG Performance,FT Makes,FT Attempts,FT%,FT xP,FT Actual,FT Performance,Total xP,Total Actual,Total Performance
Bowling Green,82,28,62,0.45161290322580644,62.47649155446465,68,5.523508445535343,14,19,0.7368421052631579,13.67774950712934,14,0.3222504928706609,76.154241061594,82,5.845758938406
Kansas State,66,24,61,0.39344262295081966,59.79930020331008,54,-5.7993002033100804,12,22,0.5454545454545454,15.837394166149762,12,-3.8373941661497617,75.63669436945985,66,-9.636694369459843
