Team,Score,FG Makes,FG Attempts,FG%,FG xP,FG Actual,FG Performance,FT Makes,FT Attempts,FT%,FT xP,FT Actual,FT Performance,Total xP,Total Actual,Total Performance
Maryland,72,28,76,0.3684210526315789,72.49757888264384,65,-7.497578882643821,7,11,0.6363636363636364,7.918689358743403,7,-0.9186893587434024,80.41626824138721,72,-8.416268241387222
Alabama,105,38,66,0.5757575757575758,69.11279944259158,90,20.88720055740842,15,18,0.8333333333333334,12.957855314307386,15,2.042144685692614,82.07065475689896,105,22.929345243101032
