Team,Score,FG Makes,FG Attempts,FG%,FG xP,FG Actual,FG Performance,FT Makes,FT Attempts,FT%,FT xP,FT Actual,FT Performance,Total xP,Total Actual,Total Performance
Marshall,78,26,60,0.43333333333333335,54.98681930428278,59,4.013180695717215,19,24,0.7916666666666666,17.277140419076513,19,1.7228595809234861,72.2639597233593,78,5.7360402766407
Virginia,104,33,63,0.5238095238095238,62.078165545516306,78,15.921834454483696,26,36,0.7222222222222222,25.91571062861477,26,0.0842893713852293,87.99387617413107,104,16.006123825868926
