Team,Score,FG Makes,FG Attempts,FG%,FG xP,FG Actual,FG Performance,FT Makes,FT Attempts,FT%,FT xP,FT Actual,FT Performance,Total xP,Total Actual,Total Performance
Niagara,42,13,48,0.2708333333333333,49.322534187914286,33,-16.322534187914286,9,15,0.6,10.798212761922821,9,-1.7982127619228212,60.120746949837105,42,-18.12074694983711
Duke,100,32,55,0.5818181818181818,57.35929056080353,81,23.64070943919647,19,24,0.7916666666666666,17.277140419076513,19,1.722859580923486,74.63643097988006,100,25.363569020119954
