Team,Score,FG Makes,FG Attempts,FG%,FG xP,FG Actual,FG Performance,FT Makes,FT Attempts,FT%,FT xP,FT Actual,FT Performance,Total xP,Total Actual,Total Performance
Indiana,64,22,55,0.4,54.95507799330901,52,-2.9550779933090134,12,20,0.6,14.397617015897094,12,-2.3976170158970946,69.3526950092061,64,-5.352695009206107
Minnesota,73,23,47,0.48936170212765956,44.36044752383742,54,9.639552476162576,19,27,0.7037037037037037,19.436782971461078,19,-0.43678297146107825,63.79723049529851,73,9.202769504701497
