Team,Player,FG Makes,FG Attempts,FG%,FG xP,FG Actual,FG Performance,FT Makes,FT Attempts,FT%,FT xP,FT Actual,FT Performance,Total xP,Total Actual,Total Performance
Indiana,Tayton Conerway,6,11,0.5454545454545454,10.376034119574957,14,3.623965880425043,4,6,0.6666666666666666,4.319285104769128,4,-0.3192851047691283,14.695319224344086,18,3.304680775655914
Indiana,Reed Bailey,1,5,0.2,5.0060619619667985,2,-3.0060619619667985,4,6,0.6666666666666666,4.319285104769128,4,-0.3192851047691283,9.325347066735926,6,-3.325347066735926
Indiana,Lamar Wilkerson,5,14,0.35714285714285715,14.151819009963601,12,-2.151819009963601,3,4,0.75,2.879523403179419,3,0.12047659682058098,17.03134241314302,15,-2.031342413143019
Indiana,Conor Enright,1,1,1.0,0.6910025029540462,2,1.308997497045954,1,2,0.5,1.4397617015897095,1,-0.4397617015897095,2.130764204543756,3,0.8692357954562442
Indiana,Sam Alexis,5,7,0.7142857142857143,7.278565417407626,10,2.721434582592374,0,2,0.0,1.4397617015897095,0,-1.4397617015897095,8.718327118997335,10,1.281672881002665
Indiana,Tucker DeVries,3,13,0.23076923076923078,13.022843746958282,9,-4.022843746958282,0,0,0.0,0.0,0,0.0,13.022843746958282,9,-4.022843746958282
Indiana,Nick Dorn,0,1,0.0,1.0109262261036058,0,-1.0109262261036058,0,0,0.0,0.0,0,0.0,1.0109262261036058,0,-1.0109262261036058
Indiana,Trent Sisley,1,3,0.3333333333333333,3.4178250083800967,3,-0.41782500838009673,0,0,0.0,0.0,0,0.0,3.4178250083800967,3,-0.41782500838009673
Minnesota,Cade Tyson,5,10,0.5,9.74557832199229,12,2.2544216780077093,5,6,0.8333333333333334,4.319285104769128,5,0.6807148952308717,14.06486342676142,17,2.93513657323858
Minnesota,Jaylen Crocker-Johnson,4,9,0.4444444444444444,8.598205575133846,10,1.4017944248661536,1,1,1.0,0.7198808507948548,1,0.28011914920514525,9.318086425928701,11,1.6819135740712987
Minnesota,Langston Reynolds,7,11,0.6363636363636364,11.066213100090291,14,2.933786899909709,3,4,0.75,2.879523403179419,3,0.12047659682058098,13.94573650326971,17,3.0542634967302895
Minnesota,Isaac Asuma,4,10,0.4,8.526000813135061,9,0.4739991868649387,6,9,0.6666666666666666,6.478927657153693,6,-0.4789276571536929,15.004928470288753,15,-0.004928470288753317
Minnesota,Bobby Durkin,3,7,0.42857142857142855,6.424449713485934,9,2.5755502865140656,3,3,1.0,2.159642552384564,3,0.8403574476154358,8.584092265870499,12,3.415907734129501
Minnesota,Grayson Grove,0,0,0.0,0.0,0,0.0,1,4,0.25,2.879523403179419,1,-1.879523403179419,2.879523403179419,1,-1.879523403179419
