Team,Score,FG Makes,FG Attempts,FG%,FG xP,FG Actual,FG Performance,FT Makes,FT Attempts,FT%,FT xP,FT Actual,FT Performance,Total xP,Total Actual,Total Performance
Liberty,64,22,48,0.4583333333333333,49.42402747462043,53,3.575972525379564,11,21,0.5238095238095238,15.117512613142955,11,-4.117512613142955,64.5415400877634,64,-0.5415400877633916
Bradley,74,27,53,0.5094339622641509,51.88147722105794,62,10.118522778942054,12,14,0.8571428571428571,10.078341742095303,12,1.9216582579046975,61.959818963153246,74,12.04018103684675
