Team,Score,FG Makes,FG Attempts,FG%,FG xP,FG Actual,FG Performance,FT Makes,FT Attempts,FT%,FT xP,FT Actual,FT Performance,Total xP,Total Actual,Total Performance
Washington,69,28,68,0.4117647058823529,63.3532555882685,59,-4.353255588268503,10,15,0.6666666666666666,10.79821276192282,10,-0.7982127619228212,74.15146835019132,69,-5.151468350191327
Baylor,78,26,56,0.4642857142857143,55.23645937941791,58,2.7635406205820807,20,29,0.6896551724137931,20.876544673050788,20,-0.8765446730507882,76.1130040524687,78,1.8869959475312914
