Team,Score,FG Makes,FG Attempts,FG%,FG xP,FG Actual,FG Performance,FT Makes,FT Attempts,FT%,FT xP,FT Actual,FT Performance,Total xP,Total Actual,Total Performance
Abilene Christian,71,23,52,0.4423076923076923,50.71960017174463,54,3.280399828255374,17,23,0.7391304347826086,16.557275719156568,17,0.4427242808434313,67.27687589090121,71,3.723124109098803
Pepperdine,63,15,41,0.36585365853658536,38.84791910551098,35,-3.8479191055109805,19,25,0.76,17.997038825170183,19,1.0029611748298168,56.84495793068116,54,-2.8449579306811623
