Team,Score,FG Makes,FG Attempts,FG%,FG xP,FG Actual,FG Performance,FT Makes,FT Attempts,FT%,FT xP,FT Actual,FT Performance,Total xP,Total Actual,Total Performance
Lipscomb,88,29,58,0.5,57.964811464880725,69,11.035188535119275,19,26,0.7307692307692307,18.71692037817699,19,0.28307962182300894,76.68173184305772,88,11.318268156942286
Southeast Missouri State,77,25,61,0.4098360655737705,60.27784615758203,54,-6.277846157582033,23,30,0.7666666666666667,21.59644659020422,23,1.4035534097957796,81.87429274778626,77,-4.874292747786255
