Team,Score,FG Makes,FG Attempts,FG%,FG xP,FG Actual,FG Performance,FT Makes,FT Attempts,FT%,FT xP,FT Actual,FT Performance,Total xP,Total Actual,Total Performance
Massachusetts,73,29,65,0.4461538461538462,64.45878078647993,63,-1.458780786479931,10,17,0.5882352941176471,12.237986401115725,10,-2.237986401115725,76.69676718759565,73,-3.6967671875956567
Oregon State,65,22,49,0.4489795918367347,50.147723607938964,53,2.8522763920610408,12,17,0.7058823529411765,12.237986401115723,12,-0.23798640111572456,62.385710009054684,65,2.614289990945314
