Team,Score,FG Makes,FG Attempts,FG%,FG xP,FG Actual,FG Performance,FT Makes,FT Attempts,FT%,FT xP,FT Actual,FT Performance,Total xP,Total Actual,Total Performance
Southern Illinois,86,33,67,0.4925373134328358,66.06405532573915,76,9.935944674260865,10,14,0.7142857142857143,10.078341742095303,10,-0.07834174209530276,76.14239706783444,86,9.85760293216556
High Point,84,28,65,0.4307692307692308,65.34230375557227,66,0.6576962444277308,18,24,0.75,17.277157272163375,18,0.7228427278366241,82.61946102773565,84,1.3805389722643573
