Team,Score,FG Makes,FG Attempts,FG%,FG xP,FG Actual,FG Performance,FT Makes,FT Attempts,FT%,FT xP,FT Actual,FT Performance,Total xP,Total Actual,Total Performance
Creighton,50,16,52,0.3076923076923077,53.76215092859166,40,-13.762150928591664,10,17,0.5882352941176471,12.237974463512531,10,-2.2379744635125305,66.0001253921042,50,-16.000125392104195
Nebraska,71,24,55,0.43636363636363634,55.10992901137832,58,2.8900709886216753,13,20,0.65,14.397617015897096,13,-1.397617015897095,69.50754602727541,71,1.4924539727245807
