Team,Score,FG Makes,FG Attempts,FG%,FG xP,FG Actual,FG Performance,FT Makes,FT Attempts,FT%,FT xP,FT Actual,FT Performance,Total xP,Total Actual,Total Performance
Wagner,74,25,63,0.3968253968253968,62.82942420068164,57,-5.829424200681644,17,24,0.7083333333333334,17.277140419076513,17,-0.2771404190765141,80.10656461975817,74,-6.106564619758161
VCU,103,34,68,0.5,70.76046311370884,82,11.23953688629117,21,31,0.6774193548387096,22.316306374640497,21,-1.3163063746404968,93.07676948834933,103,9.923230511650669
