Team,Score,FG Makes,FG Attempts,FG%,FG xP,FG Actual,FG Performance,FT Makes,FT Attempts,FT%,FT xP,FT Actual,FT Performance,Total xP,Total Actual,Total Performance
North Carolina A&T,72,26,60,0.43333333333333335,54.405605586307054,56,1.5943944136929464,16,22,0.7272727272727273,15.837378717486803,16,0.16262128251319552,70.24298430379385,72,1.7570156962061416
South Carolina,91,31,63,0.49206349206349204,62.307616008298844,76,13.692383991701167,15,21,0.7142857142857143,15.117497866691949,15,-0.11749786669194973,77.4251138749908,91,13.574886125009215
