Team,Score,FG Makes,FG Attempts,FG%,FG xP,FG Actual,FG Performance,FT Makes,FT Attempts,FT%,FT xP,FT Actual,FT Performance,Total xP,Total Actual,Total Performance
Winthrop,73,26,69,0.37681159420289856,69.45842629413102,65,-4.458426294131015,8,13,0.6153846153846154,9.358451060333111,8,-1.358451060333112,78.81687735446413,73,-5.816877354464128
Nebraska,80,29,69,0.42028985507246375,70.18020298677416,71,0.8197970132258443,9,10,0.9,7.198808507948547,9,1.8011914920514525,77.3790114947227,80,2.6209885052772965
