Team,Score,FG Makes,FG Attempts,FG%,FG xP,FG Actual,FG Performance,FT Makes,FT Attempts,FT%,FT xP,FT Actual,FT Performance,Total xP,Total Actual,Total Performance
Villanova,66,24,67,0.3582089552238806,65.61597610078294,58,-7.615976100782938,8,15,0.5333333333333333,10.798212761922821,8,-2.798212761922821,76.41418886270577,66,-10.41418886270576
BYU,71,26,66,0.3939393939393939,65.17566169036539,57,-8.175661690365393,14,21,0.6666666666666666,15.117497866691949,14,-1.1174978666919493,80.29315955705735,71,-9.293159557057344
