Team,Score,FG Makes,FG Attempts,FG%,FG xP,FG Actual,FG Performance,FT Makes,FT Attempts,FT%,FT xP,FT Actual,FT Performance,Total xP,Total Actual,Total Performance
Samford,75,28,68,0.4117647058823529,66.76247861513193,66,-0.7624786151319183,9,10,0.9,7.1990456999695045,9,1.800954300030495,73.96152431510143,75,1.0384756848985754
Arkansas,79,28,62,0.45161290322580644,58.23516324301141,62,3.764836756988593,17,22,0.7727272727272727,15.83790053993291,17,1.1620994600670889,74.07306378294433,79,4.926936217055683
