Team,Score,FG Makes,FG Attempts,FG%,FG xP,FG Actual,FG Performance,FT Makes,FT Attempts,FT%,FT xP,FT Actual,FT Performance,Total xP,Total Actual,Total Performance
Manhattan,78,27,65,0.4153846153846154,61.78832122641701,63,1.211678773582995,15,17,0.8823529411764706,12.237986401115725,15,2.762013598884275,74.02630762753273,78,3.973692372467272
Army,81,30,66,0.45454545454545453,65.82051753527193,75,9.179482464728075,6,6,1.0,4.319289318040844,6,1.680710681959156,70.13980685331276,81,10.86019314668723
