Team,Score,FG Makes,FG Attempts,FG%,FG xP,FG Actual,FG Performance,FT Makes,FT Attempts,FT%,FT xP,FT Actual,FT Performance,Total xP,Total Actual,Total Performance
Tennessee State,82,24,58,0.41379310344827586,54.0661003572258,57,2.9338996427741932,25,34,0.7352941176470589,24.475948927025062,25,0.5240510729749377,78.54204928425088,82,3.45795071574913
Western Kentucky,95,35,64,0.546875,62.54795653855202,72,9.452043461447984,23,32,0.71875,23.036187225435352,23,-0.0361872254353518,85.58414376398738,95,9.415856236012631
