Team,Score,FG Makes,FG Attempts,FG%,FG xP,FG Actual,FG Performance,FT Makes,FT Attempts,FT%,FT xP,FT Actual,FT Performance,Total xP,Total Actual,Total Performance
Montana State,78,29,56,0.5178571428571429,54.333750833374324,65,10.666249166625674,13,17,0.7647058823529411,12.237974463512531,13,0.7620255364874695,66.57172529688685,78,11.428274703113143
Colorado,84,27,52,0.5192307692307693,51.63919182180829,57,5.360808178191708,27,39,0.6923076923076923,28.075353180999336,27,-1.0753531809993349,79.71454500280763,84,4.285454997192375
