Team,Score,FG Makes,FG Attempts,FG%,FG xP,FG Actual,FG Performance,FT Makes,FT Attempts,FT%,FT xP,FT Actual,FT Performance,Total xP,Total Actual,Total Performance
Mount St. Mary's,56,19,55,0.34545454545454546,54.85090416272529,44,-10.850904162725296,12,21,0.5714285714285714,15.117512613142955,12,-3.1175126131429547,69.96841677586825,56,-13.96841677586825
Marist,64,23,53,0.4339622641509434,50.4779102516054,53,2.522089748394597,11,13,0.8461538461538461,9.358460189088495,11,1.6415398109115045,59.8363704406939,64,4.1636295593061
