Team,Score,FG Makes,FG Attempts,FG%,FG xP,FG Actual,FG Performance,FT Makes,FT Attempts,FT%,FT xP,FT Actual,FT Performance,Total xP,Total Actual,Total Performance
Charlotte,76,27,63,0.42857142857142855,61.45535090077046,61,-0.4553509007704606,15,24,0.625,17.277140419076513,15,-2.277140419076514,78.73249131984697,76,-2.732491319846975
Virginia Tech,84,22,60,0.36666666666666664,61.90234754217931,54,-7.902347542179308,30,36,0.8333333333333334,25.915710628614768,30,4.084289371385229,87.81805817079407,84,-3.81805817079408
