Team,Player,FG Makes,FG Attempts,FG%,FG xP,FG Actual,FG Performance,FT Makes,FT Attempts,FT%,FT xP,FT Actual,FT Performance,Total xP,Total Actual,Total Performance
Rider,Zion Cruz,4,9,0.4444444444444444,8.575155981422203,9,0.4248440185777973,0,0,0.0,0.0,0,0.0,8.575155981422203,9,0.4248440185777973
Rider,Caleb Smith,3,6,0.5,5.953465420896327,6,0.04653457910367287,3,4,0.75,2.879523403179419,3,0.12047659682058098,8.832988824075747,9,0.1670111759242534
Rider,Cole McCabe,4,10,0.4,9.273487933218986,8,-1.273487933218986,4,4,1.0,2.879523403179419,4,1.120476596820581,12.153011336398405,12,-0.15301133639840536
Rider,Flash Burton,5,12,0.4166666666666667,12.25255809749699,11,-1.2525580974969905,0,1,0.0,0.7198808507948548,0,-0.7198808507948548,12.972438948291845,11,-1.9724389482918454
Rider,Shemani Fuller,3,7,0.42857142857142855,6.632928015567366,6,-0.6329280155673658,1,2,0.5,1.4397617015897095,1,-0.4397617015897095,8.072689717157076,7,-1.0726897171570755
Rider,Mohamad Diallo,4,4,1.0,4.279396356223934,8,3.720603643776066,0,2,0.0,1.4397617015897095,0,-1.4397617015897095,5.719158057813644,8,2.280841942186356
Rider,Kristupas Kepežinskas,1,2,0.5,2.2990746941269355,3,0.7009253058730645,2,3,0.6666666666666666,2.159642552384564,2,-0.15964255238456415,4.458717246511499,5,0.5412827534885007
Rider,AB Coulibaly,0,2,0.0,1.6046841668633887,0,-1.6046841668633887,0,0,0.0,0.0,0,0.0,1.6046841668633887,0,-1.6046841668633887
Rider,Antwan Wilson,2,3,0.6666666666666666,2.8483596145621215,5,2.1516403854378785,0,0,0.0,0.0,0,0.0,2.8483596145621215,5,2.1516403854378785
Merrimack,Ernest Shelton,2,9,0.2222222222222222,9.48949074017207,6,-3.4894907401720694,0,1,0.0,0.7198808507948548,0,-0.7198808507948548,10.209371590966924,6,-4.209371590966924
Merrimack,Todd Brogna,2,5,0.4,5.47038055509172,5,-0.4703805550917197,0,0,0.0,0.0,0,0.0,5.47038055509172,5,-0.4703805550917197
Merrimack,Andrés Marrero,9,14,0.6428571428571429,14.374545777414504,22,7.625454222585496,1,2,0.5,1.4397617015897095,1,-0.4397617015897095,15.814307479004214,23,7.1856925209957865
Merrimack,Kevair Kennedy,6,15,0.4,15.103980408165446,13,-2.1039804081654463,6,8,0.75,5.759046806358838,6,0.24095319364116197,20.863027214524283,19,-1.8630272145242834
Merrimack,Tye Dorset,6,9,0.6666666666666666,8.899165283833895,15,6.100834716166105,0,0,0.0,0.0,0,0.0,8.899165283833895,15,6.100834716166105
Merrimack,KC Ugwuakazi,0,2,0.0,2.1033558575155995,0,-2.1033558575155995,0,0,0.0,0.0,0,0.0,2.1033558575155995,0,-2.1033558575155995
