Team,Score,FG Makes,FG Attempts,FG%,FG xP,FG Actual,FG Performance,FT Makes,FT Attempts,FT%,FT xP,FT Actual,FT Performance,Total xP,Total Actual,Total Performance
South Dakota State,52,19,60,0.31666666666666665,59.01865236343528,42,-17.01865236343528,10,17,0.5882352941176471,12.237986401115725,10,-2.237986401115725,71.25663876455101,52,-19.256638764551006
UC Irvine,64,19,49,0.3877551020408163,48.70847270054747,43,-5.708472700547465,21,28,0.75,20.1566834841906,21,0.8433165158093949,68.86515618473807,64,-4.86515618473807
