Team,Score,FG Makes,FG Attempts,FG%,FG xP,FG Actual,FG Performance,FT Makes,FT Attempts,FT%,FT xP,FT Actual,FT Performance,Total xP,Total Actual,Total Performance
Radford,58,17,55,0.3090909090909091,55.013479600713225,41,-14.013479600713225,17,25,0.68,17.997021269871368,17,-0.9970212698713687,73.0105008705846,58,-15.010500870584597
South Carolina,87,34,59,0.576271186440678,59.771971808843084,75,15.228028191156916,12,15,0.8,10.798212761922821,12,1.201787238077179,70.5701845707659,87,16.429815429234093
