Team,Score,FG Makes,FG Attempts,FG%,FG xP,FG Actual,FG Performance,FT Makes,FT Attempts,FT%,FT xP,FT Actual,FT Performance,Total xP,Total Actual,Total Performance
Army,65,22,58,0.3793103448275862,58.22774470540042,51,-7.227744705400418,14,18,0.7777777777777778,12.957855314307386,14,1.0421446856926146,71.1856000197078,65,-6.1856000197078025
Marist,76,30,68,0.4411764705882353,66.79913914666257,65,-1.7991391466625644,11,12,0.9166666666666666,8.638570209538257,11,2.361429790461743,75.43770935620083,76,0.5622906437991781
