Team,Score,FG Makes,FG Attempts,FG%,FG xP,FG Actual,FG Performance,FT Makes,FT Attempts,FT%,FT xP,FT Actual,FT Performance,Total xP,Total Actual,Total Performance
Florida Atlantic,81,24,56,0.42857142857142855,57.952582351706155,54,-3.9525823517061554,27,32,0.84375,23.036187225435352,27,3.963812774564648,80.98876957714151,81,0.01123042285848963
Florida Gulf Coast,76,28,55,0.509090909090909,53.38790825732423,62,8.612091742675773,14,16,0.875,11.518093612717676,14,2.481906387282324,64.9060018700419,76,11.093998129958095
