Team,Score,FG Makes,FG Attempts,FG%,FG xP,FG Actual,FG Performance,FT Makes,FT Attempts,FT%,FT xP,FT Actual,FT Performance,Total xP,Total Actual,Total Performance
Santa Clara,70,23,62,0.3709677419354839,59.502980842422225,52,-7.502980842422222,18,22,0.8181818181818182,15.83739416614976,18,2.1626058338502387,75.34037500857198,70,-5.340375008571984
Saint Louis,71,26,59,0.4406779661016949,58.115659402799665,59,0.8843405972003309,12,19,0.631578947368421,13.677749507129338,12,-1.6777495071293391,71.79340890992901,71,-0.7934089099290107
