Team,Score,FG Makes,FG Attempts,FG%,FG xP,FG Actual,FG Performance,FT Makes,FT Attempts,FT%,FT xP,FT Actual,FT Performance,Total xP,Total Actual,Total Performance
Southern,77,27,69,0.391304347826087,67.80842549070498,66,-1.8084254907049764,11,24,0.4583333333333333,17.27770967992681,11,-6.277709679926812,85.08613517063178,77,-8.08613517063179
Arkansas,109,37,73,0.5068493150684932,70.69405450790256,84,13.305945492097427,25,29,0.8620689655172413,20.877232529911563,25,4.122767470088435,91.57128703781413,109,17.428712962185863
