Team,Score,FG Makes,FG Attempts,FG%,FG xP,FG Actual,FG Performance,FT Makes,FT Attempts,FT%,FT xP,FT Actual,FT Performance,Total xP,Total Actual,Total Performance
UMass Lowell,72,28,59,0.4745762711864407,58.352801016527806,63,4.647198983472203,9,14,0.6428571428571429,10.078331911127966,9,-1.0783319111279666,68.43113292765577,72,3.5688670723442346
Columbia,86,30,63,0.47619047619047616,62.217545910666345,68,5.7824540893336644,18,26,0.6923076923076923,18.716902120666223,18,-0.7169021206662229,80.93444803133256,86,5.06555196866744
