Team,Score,FG Makes,FG Attempts,FG%,FG xP,FG Actual,FG Performance,FT Makes,FT Attempts,FT%,FT xP,FT Actual,FT Performance,Total xP,Total Actual,Total Performance
Sam Houston,83,30,71,0.4225352112676056,72.32502443350141,74,1.6749755664985786,9,11,0.8181818181818182,7.91869708307488,9,1.0813029169251194,80.24372151657631,83,2.7562784834236966
Oklahoma State,93,34,66,0.5151515151515151,65.46515293459741,74,8.534847065402586,19,28,0.6785714285714286,20.156683484190605,19,-1.1566834841906055,85.62183641878802,93,7.378163581211979
