Team,Score,FG Makes,FG Attempts,FG%,FG xP,FG Actual,FG Performance,FT Makes,FT Attempts,FT%,FT xP,FT Actual,FT Performance,Total xP,Total Actual,Total Performance
Providence,83,30,67,0.44776119402985076,65.38042767466693,71,5.619572325333067,12,15,0.8,10.79822329510211,12,1.20177670489789,76.17865096976905,83,6.821349030230955
Wisconsin,104,37,78,0.47435897435897434,81.02135647895925,88,6.978643521040759,16,24,0.6666666666666666,17.277157272163375,16,-1.277157272163376,98.29851375112261,104,5.701486248877382
