Team,Score,FG Makes,FG Attempts,FG%,FG xP,FG Actual,FG Performance,FT Makes,FT Attempts,FT%,FT xP,FT Actual,FT Performance,Total xP,Total Actual,Total Performance
UC Santa Barbara,72,21,56,0.375,51.80666336535782,44,-7.806663365357823,28,32,0.875,23.03618722543535,28,4.963812774564648,74.84285059079316,72,-2.842850590793173
Lehigh,70,19,46,0.41304347826086957,44.27877869770799,49,4.721221302292005,21,23,0.9130434782608695,16.55725956828166,21,4.442740431718341,60.83603826598965,70,9.163961734010343
