Team,Score,FG Makes,FG Attempts,FG%,FG xP,FG Actual,FG Performance,FT Makes,FT Attempts,FT%,FT xP,FT Actual,FT Performance,Total xP,Total Actual,Total Performance
IU Indianapolis,80,32,80,0.4,77.4057471425281,69,-8.405747142528092,11,15,0.7333333333333333,10.798212761922821,11,0.2017872380771787,88.2039599044509,80,-8.203959904450912
Butler,112,39,76,0.5131578947368421,81.2944030757541,83,1.7055969242458946,29,43,0.6744186046511628,30.954876584178756,29,-1.954876584178754,112.24927965993285,112,-0.24927965993286194
