Team,Score,FG Makes,FG Attempts,FG%,FG xP,FG Actual,FG Performance,FT Makes,FT Attempts,FT%,FT xP,FT Actual,FT Performance,Total xP,Total Actual,Total Performance
Toledo,75,28,61,0.45901639344262296,58.180244891890226,62,3.8197551081097654,13,17,0.7647058823529411,12.237974463512531,13,0.7620255364874693,70.41821935540277,75,4.5817806445972336
Troy,68,26,65,0.4,68.5215608917696,57,-11.521560891769598,11,14,0.7857142857142857,10.078331911127966,11,0.9216680888720336,78.59989280289756,68,-10.599892802897566
