Team,Score,FG Makes,FG Attempts,FG%,FG xP,FG Actual,FG Performance,FT Makes,FT Attempts,FT%,FT xP,FT Actual,FT Performance,Total xP,Total Actual,Total Performance
Austin Peay,84,30,66,0.45454545454545453,67.96736447325716,73,5.032635526742842,11,16,0.6875,11.518093612717674,11,-0.5180936127176756,79.48545808597484,84,4.514541914025164
Kent State,96,30,51,0.5882352941176471,52.30104241983429,73,20.698957580165715,23,32,0.71875,23.036187225435352,23,-0.036187225435352355,75.33722964526963,96,20.662770354730362
