Team,Score,FG Makes,FG Attempts,FG%,FG xP,FG Actual,FG Performance,FT Makes,FT Attempts,FT%,FT xP,FT Actual,FT Performance,Total xP,Total Actual,Total Performance
NC State,81,22,49,0.4489795918367347,48.75769803084035,52,3.242301969159646,18,23,0.782608695652174,16.557275719156568,18,1.4427242808434313,65.31497374999692,70,4.685026250003076
Boise State,70,18,52,0.34615384615384615,50.29809292733224,47,-3.2980929273322412,21,32,0.65625,23.03620969621783,21,-2.0362096962178344,73.33430262355007,68,-5.334302623550077
