Team,Score,FG Makes,FG Attempts,FG%,FG xP,FG Actual,FG Performance,FT Makes,FT Attempts,FT%,FT xP,FT Actual,FT Performance,Total xP,Total Actual,Total Performance
Air Force,63,24,47,0.5106382978723404,44.32597132541178,56,11.674028674588225,7,9,0.7777777777777778,6.478927657153692,7,0.5210723428463073,50.80489898256547,63,12.195101017434531
Belmont,79,26,55,0.4727272727272727,52.848733287459865,58,5.151266712540139,21,25,0.84,17.997021269871368,21,3.002978730128631,70.84575455733123,79,8.154245442668769
