Team,Score,FG Makes,FG Attempts,FG%,FG xP,FG Actual,FG Performance,FT Makes,FT Attempts,FT%,FT xP,FT Actual,FT Performance,Total xP,Total Actual,Total Performance
Long Island University,87,34,68,0.5,64.28347550271323,73,8.71652449728678,14,20,0.7,14.397617015897096,14,-0.3976170158970951,78.68109251861031,87,8.318907481389683
Lehigh,82,28,56,0.5,56.02908012072536,62,5.970919879274642,20,27,0.7407407407407407,19.436782971461078,20,0.5632170285389217,75.46586309218642,82,6.534136907813565
