Team,Score,FG Makes,FG Attempts,FG%,FG xP,FG Actual,FG Performance,FT Makes,FT Attempts,FT%,FT xP,FT Actual,FT Performance,Total xP,Total Actual,Total Performance
Prairie View A&M,73,25,66,0.3787878787878788,65.91522687204613,59,-6.915226872046141,14,16,0.875,11.518473119951208,14,2.4815268800487917,77.43369999199734,73,-4.433699991997347
Missouri,91,32,62,0.5161290322580645,64.65627218016199,74,9.343727819838005,17,25,0.68,17.99761424992376,17,-0.9976142499237628,82.65388643008576,91,8.346113569914237
