Team,Score,FG Makes,FG Attempts,FG%,FG xP,FG Actual,FG Performance,FT Makes,FT Attempts,FT%,FT xP,FT Actual,FT Performance,Total xP,Total Actual,Total Performance
UIC,66,22,65,0.3384615384615385,63.83593304744312,51,-12.835933047443117,15,17,0.8823529411764706,12.238377689948159,15,2.761622310051841,76.07431073739127,66,-10.074310737391276
Yale,80,24,56,0.42857142857142855,53.52725173036154,57,3.472748269638457,23,28,0.8214285714285714,20.157327959914614,23,2.8426720400853855,73.68457969027615,80,6.315420309723843
