Team,Score,FG Makes,FG Attempts,FG%,FG xP,FG Actual,FG Performance,FT Makes,FT Attempts,FT%,FT xP,FT Actual,FT Performance,Total xP,Total Actual,Total Performance
Merrimack,66,24,57,0.42105263157894735,57.79704222369465,58,0.2029577763053485,8,11,0.7272727272727273,7.91869708307488,8,0.08130291692511948,65.71573930676954,66,0.28426069323046654
La Salle,60,21,52,0.40384615384615385,53.71355679704461,46,-7.713556797044614,14,18,0.7777777777777778,12.95786795412253,14,1.042132045877468,66.67142475116717,60,-6.671424751167148
