Team,Score,FG Makes,FG Attempts,FG%,FG xP,FG Actual,FG Performance,FT Makes,FT Attempts,FT%,FT xP,FT Actual,FT Performance,Total xP,Total Actual,Total Performance
North Dakota,58,19,49,0.3877551020408163,47.77012368271841,45,-2.770123682718405,11,20,0.55,14.397617015897094,11,-3.3976170158970946,62.1677406986155,56,-6.167740698615503
Idaho,90,27,52,0.5192307692307693,51.01387228104358,68,16.986127718956414,22,24,0.9166666666666666,17.277140419076513,22,4.722859580923486,68.2910127001201,90,21.708987299879897
