Team,Score,FG Makes,FG Attempts,FG%,FG xP,FG Actual,FG Performance,FT Makes,FT Attempts,FT%,FT xP,FT Actual,FT Performance,Total xP,Total Actual,Total Performance
Northeastern,57,22,59,0.3728813559322034,60.047751003021,46,-14.047751003021002,11,18,0.6111111111111112,12.957855314307384,11,-1.9578553143073856,73.0056063173284,57,-16.005606317328386
Princeton,70,18,45,0.4,43.77033436412431,42,-1.7703343641243143,28,37,0.7567567567567568,26.635591479409626,28,1.3644085205903744,70.40592584353394,70,-0.4059258435339421
