Team,Score,FG Makes,FG Attempts,FG%,FG xP,FG Actual,FG Performance,FT Makes,FT Attempts,FT%,FT xP,FT Actual,FT Performance,Total xP,Total Actual,Total Performance
Liberty,64,22,48,0.4583333333333333,49.42402747462043,53,3.575972525379564,11,21,0.5238095238095238,15.11749786669195,11,-4.11749786669195,64.5415253413124,64,-0.5415253413123873
Bradley,74,27,53,0.5094339622641509,51.88147722105794,62,10.118522778942054,12,14,0.8571428571428571,10.078331911127966,12,1.9216680888720337,61.95980913218591,74,12.040190867814086
