Team,Score,FG Makes,FG Attempts,FG%,FG xP,FG Actual,FG Performance,FT Makes,FT Attempts,FT%,FT xP,FT Actual,FT Performance,Total xP,Total Actual,Total Performance
NJIT,66,20,56,0.35714285714285715,51.77634500519499,45,-6.776345005194988,21,26,0.8076923076923077,18.716902120666223,21,2.283097879333777,70.4932471258612,66,-4.493247125861208
Loyola Maryland,64,23,58,0.39655172413793105,57.53815154124594,52,-5.538151541245935,12,20,0.6,14.397617015897094,12,-2.3976170158970946,71.93576855714302,64,-7.935768557143029
