Team,Score,FG Makes,FG Attempts,FG%,FG xP,FG Actual,FG Performance,FT Makes,FT Attempts,FT%,FT xP,FT Actual,FT Performance,Total xP,Total Actual,Total Performance
San Francisco,77,26,53,0.49056603773584906,53.772120524725935,63,9.227879475274065,14,19,0.7368421052631579,13.677736165102239,14,0.3222638348977598,67.44985668982818,77,9.550143310171824
Minnesota,65,22,46,0.4782608695652174,45.25480043997815,50,4.745199560021857,15,30,0.5,21.596425523845642,15,-6.596425523845642,66.8512259638238,65,-1.8512259638237882
