Team,Score,FG Makes,FG Attempts,FG%,FG xP,FG Actual,FG Performance,FT Makes,FT Attempts,FT%,FT xP,FT Actual,FT Performance,Total xP,Total Actual,Total Performance
Rice,66,20,60,0.3333333333333333,59.13734046344635,48,-11.13734046344635,18,25,0.72,17.99761424992376,18,0.002385750076237425,77.1349547133701,66,-11.134954713370112
Tennessee,91,34,65,0.5230769230769231,64.06829612667138,74,9.931703873328622,17,22,0.7727272727272727,15.83790053993291,17,1.1620994600670884,79.90619666660429,91,11.093803333395709
