Team,Score,FG Makes,FG Attempts,FG%,FG xP,FG Actual,FG Performance,FT Makes,FT Attempts,FT%,FT xP,FT Actual,FT Performance,Total xP,Total Actual,Total Performance
Sacramento State,48,13,54,0.24074074074074073,53.63620893552027,29,-24.63620893552027,19,30,0.6333333333333333,21.596425523845642,19,-2.5964255238456424,75.23263445936591,48,-27.232634459365908
UCLA,79,28,58,0.4827586206896552,56.764700399962464,63,6.235299600037535,16,24,0.6666666666666666,17.277140419076513,16,-1.277140419076514,74.04184081903898,79,4.958159180961018
