Team,Score,FG Makes,FG Attempts,FG%,FG xP,FG Actual,FG Performance,FT Makes,FT Attempts,FT%,FT xP,FT Actual,FT Performance,Total xP,Total Actual,Total Performance
UC San Diego,80,26,50,0.52,50.901896476176205,61,10.098103523823792,19,25,0.76,17.997021269871368,19,1.0029787301286315,68.89891774604757,80,11.101082253952422
Long Beach State,74,29,63,0.4603174603174603,61.26969102273958,67,5.7303089772604245,7,10,0.7,7.198808507948547,7,-0.19880850794854732,68.46849953068812,74,5.531500469311876
