Team,Score,FG Makes,FG Attempts,FG%,FG xP,FG Actual,FG Performance,FT Makes,FT Attempts,FT%,FT xP,FT Actual,FT Performance,Total xP,Total Actual,Total Performance
South Carolina Upstate,64,24,69,0.34782608695652173,68.80708935209962,54,-14.807089352099617,10,16,0.625,11.518093612717676,10,-1.5180936127176756,80.3251829648173,64,-16.325182964817294
West Georgia,72,29,63,0.4603174603174603,59.12084216897513,62,2.8791578310248696,10,12,0.8333333333333334,8.638570209538257,10,1.3614297904617432,67.75941237851339,72,4.240587621486611
