Team,Score,FG Makes,FG Attempts,FG%,FG xP,FG Actual,FG Performance,FT Makes,FT Attempts,FT%,FT xP,FT Actual,FT Performance,Total xP,Total Actual,Total Performance
Santa Clara,87,35,64,0.546875,61.246133196290394,75,13.753866803709613,12,17,0.7058823529411765,12.237974463512531,12,-0.23797446351253093,73.48410765980292,87,13.515892340197084
Xavier,68,19,56,0.3392857142857143,54.07591953343894,43,-11.075919533438938,25,34,0.7352941176470589,24.475948927025062,25,0.5240510729749386,78.551868460464,68,-10.551868460463998
