Team,Score,FG Makes,FG Attempts,FG%,FG xP,FG Actual,FG Performance,FT Makes,FT Attempts,FT%,FT xP,FT Actual,FT Performance,Total xP,Total Actual,Total Performance
Lindenwood,65,24,54,0.4444444444444444,53.179118316826106,52,-1.1791183168261057,13,21,0.6190476190476191,15.117497866691949,13,-2.1174978666919495,68.29661618351807,65,-3.296616183518058
Alabama A&M,74,23,51,0.45098039215686275,49.75503341396907,55,5.244966586030934,19,25,0.76,17.997021269871368,19,1.002978730128632,67.75205468384044,74,6.247945316159566
