Team,Score,FG Makes,FG Attempts,FG%,FG xP,FG Actual,FG Performance,FT Makes,FT Attempts,FT%,FT xP,FT Actual,FT Performance,Total xP,Total Actual,Total Performance
Wofford,94,28,51,0.5490196078431373,51.893029024297235,72,20.106970975702765,22,29,0.7586206896551724,20.876544673050788,22,1.1234553269492125,72.76957369734802,94,21.230426302651978
Bellarmine,86,30,59,0.5084745762711864,54.9857409774551,65,10.014259022544906,21,26,0.8076923076923077,18.716902120666223,21,2.2830978793337766,73.70264309812131,86,12.297356901878683
