Team,Score,FG Makes,FG Attempts,FG%,FG xP,FG Actual,FG Performance,FT Makes,FT Attempts,FT%,FT xP,FT Actual,FT Performance,Total xP,Total Actual,Total Performance
UT Martin,73,16,45,0.35555555555555557,45.54960193912391,40,-5.54960193912391,16,21,0.7619047619047619,15.11749786669195,16,0.8825021333080498,60.66709980581586,56,-4.667099805815862
Florida State,87,31,72,0.4305555555555556,74.01551631893543,74,-0.015516318935416606,13,23,0.5652173913043478,16.55725956828166,13,-3.5572595682816592,90.57277588721706,87,-3.5727758872170785
