Team,Score,FG Makes,FG Attempts,FG%,FG xP,FG Actual,FG Performance,FT Makes,FT Attempts,FT%,FT xP,FT Actual,FT Performance,Total xP,Total Actual,Total Performance
SIU Edwardsville,63,21,54,0.3888888888888889,52.07370368679402,47,-5.0737036867940155,16,24,0.6666666666666666,17.277140419076513,16,-1.2771404190765137,69.35084410587054,63,-6.3508441058705305
Air Force,77,23,54,0.42592592592592593,56.28188816460199,53,-3.2818881646019884,24,33,0.7272727272727273,23.756068076230207,24,0.243931923769793,80.03795624083219,77,-3.0379562408321954
