Team,Score,FG Makes,FG Attempts,FG%,FG xP,FG Actual,FG Performance,FT Makes,FT Attempts,FT%,FT xP,FT Actual,FT Performance,Total xP,Total Actual,Total Performance
Gonzaga,77,22,51,0.43137254901960786,48.54701234441167,50,1.4529876555883234,27,35,0.7714285714285715,25.19665994989327,27,1.8033400501067323,73.74367229430493,77,3.2563277056950533
Arizona State,65,21,58,0.3620689655172414,57.831192476210354,52,-5.8311924762103535,13,23,0.5652173913043478,16.55780510992986,13,-3.5578051099298613,74.38899758614022,65,-9.388997586140217
