Team,Score,FG Makes,FG Attempts,FG%,FG xP,FG Actual,FG Performance,FT Makes,FT Attempts,FT%,FT xP,FT Actual,FT Performance,Total xP,Total Actual,Total Performance
Texas Southern,43,15,59,0.2542372881355932,55.5650717681113,33,-22.565071768111302,10,17,0.5882352941176471,12.238377689948159,10,-2.238377689948159,67.80344945805946,43,-24.80344945805946
Gonzaga,98,37,69,0.5362318840579711,69.7668047301044,81,11.233195269895605,17,21,0.8095238095238095,15.117995969935961,17,1.8820040300640386,84.88480070004036,98,13.115199299959643
