Team,Score,FG Makes,FG Attempts,FG%,FG xP,FG Actual,FG Performance,FT Makes,FT Attempts,FT%,FT xP,FT Actual,FT Performance,Total xP,Total Actual,Total Performance
Oklahoma,86,26,54,0.48148148148148145,54.902101610308165,60,5.097898389691832,26,35,0.7428571428571429,25.196659949893267,26,0.8033400501067329,80.09876156020144,86,5.901238439798567
Wake Forest,68,19,56,0.3392857142857143,53.241439585483946,46,-7.241439585483946,22,27,0.8148148148148148,19.437423389917665,22,2.562576610082336,72.6788629754016,68,-4.678862975401611
