Team,Score,FG Makes,FG Attempts,FG%,FG xP,FG Actual,FG Performance,FT Makes,FT Attempts,FT%,FT xP,FT Actual,FT Performance,Total xP,Total Actual,Total Performance
Wake Forest,69,23,61,0.3770491803278688,57.74140135534677,55,-2.7414013553467704,14,19,0.7368421052631579,13.677736165102239,14,0.3222638348977598,71.41913752044901,69,-2.419137520449013
Memphis,68,23,56,0.4107142857142857,54.08296041998258,57,2.917039580017432,11,18,0.6111111111111112,12.957855314307386,11,-1.9578553143073858,67.04081573428996,68,0.9591842657100447
