Team,Score,FG Makes,FG Attempts,FG%,FG xP,FG Actual,FG Performance,FT Makes,FT Attempts,FT%,FT xP,FT Actual,FT Performance,Total xP,Total Actual,Total Performance
William & Mary,83,28,55,0.509090909090909,54.710880674941045,71,16.289119325058948,12,15,0.8,10.798212761922821,12,1.2017872380771786,65.50909343686386,83,17.49090656313613
Duquesne,79,27,59,0.4576271186440678,62.03414437913094,62,-0.03414437913094126,17,24,0.7083333333333334,17.277140419076513,17,-0.2771404190765139,79.31128479820745,79,-0.31128479820745625
