Team,Score,FG Makes,FG Attempts,FG%,FG xP,FG Actual,FG Performance,FT Makes,FT Attempts,FT%,FT xP,FT Actual,FT Performance,Total xP,Total Actual,Total Performance
Nicholls,72,26,53,0.49056603773584906,53.46420684663042,61,7.535793153369582,11,26,0.4230769230769231,18.71692037817699,11,-7.716920378176992,72.1811272248074,72,-0.1811272248074065
Tulane,82,28,54,0.5185185185185185,53.76303193690237,65,11.23696806309762,17,25,0.68,17.997038825170183,17,-0.9970388251701834,71.76007076207256,82,10.239929237927436
