Team,Score,FG Makes,FG Attempts,FG%,FG xP,FG Actual,FG Performance,FT Makes,FT Attempts,FT%,FT xP,FT Actual,FT Performance,Total xP,Total Actual,Total Performance
Kentucky,88,32,68,0.47058823529411764,68.99082902893956,76,7.009170971060447,12,16,0.75,11.518093612717676,12,0.48190638728232404,80.50892264165722,88,7.491077358342772
Louisville,96,31,69,0.4492753623188406,70.16497732246728,75,4.835022677532725,21,31,0.6774193548387096,22.316306374640497,21,-1.316306374640497,92.48128369710778,96,3.518716302892225
