Team,Score,FG Makes,FG Attempts,FG%,FG xP,FG Actual,FG Performance,FT Makes,FT Attempts,FT%,FT xP,FT Actual,FT Performance,Total xP,Total Actual,Total Performance
Montana,68,23,51,0.45098039215686275,51.00683964311021,52,0.9931603568897907,16,17,0.9411764705882353,12.237974463512531,16,3.762025536487469,63.24481410662274,68,4.755185893377261
Stanford,91,36,79,0.45569620253164556,76.77476792651807,82,5.225232073481927,9,15,0.6,10.798212761922821,9,-1.798212761922821,87.57298068844088,91,3.427019311559106
