Team,Score,FG Makes,FG Attempts,FG%,FG xP,FG Actual,FG Performance,FT Makes,FT Attempts,FT%,FT xP,FT Actual,FT Performance,Total xP,Total Actual,Total Performance
Louisville,74,21,56,0.375,55.886587122010965,50,-5.8865871220109565,24,28,0.8571428571428571,20.156663822255933,24,3.8433361777440673,76.04325094426687,74,-2.0432509442668905
Cincinnati,64,23,62,0.3709677419354839,61.95087811559153,54,-7.95087811559153,10,16,0.625,11.518093612717676,10,-1.5180936127176758,73.4689717283092,64,-9.468971728309207
