Team,Score,FG Makes,FG Attempts,FG%,FG xP,FG Actual,FG Performance,FT Makes,FT Attempts,FT%,FT xP,FT Actual,FT Performance,Total xP,Total Actual,Total Performance
Samford,45,17,67,0.2537313432835821,66.83778530651877,40,-26.837785306518764,5,12,0.4166666666666667,8.638578636081688,5,-3.638578636081688,75.47636394260046,45,-30.476363942600454
Utah Valley,89,35,62,0.5645161290322581,59.65740933927641,77,17.342590660723594,12,15,0.8,10.79822329510211,12,1.20177670489789,70.45563263437852,89,18.544367365621483
