Team,Score,FG Makes,FG Attempts,FG%,FG xP,FG Actual,FG Performance,FT Makes,FT Attempts,FT%,FT xP,FT Actual,FT Performance,Total xP,Total Actual,Total Performance
Bellarmine,59,23,57,0.40350877192982454,59.31902406084354,54,-5.319024060843532,5,6,0.8333333333333334,4.319427419981703,5,0.680572580018297,63.63845148082524,59,-4.638451480825232
Georgia,104,38,70,0.5428571428571428,70.70598957135623,85,14.29401042864377,19,21,0.9047619047619048,15.117995969935961,19,3.8820040300640395,85.82398554129219,104,18.176014458707808
